drug,concentration,node_id,fitness,n_genotypes,is_peak,contains_wildtype
AMP,0.0,......T...MQ.,2.942612997752933,1,0,0
AMP,0.0,.....T..KC.LD,3.3249114742661705,1,1,0
AMP,0.0,....N.T.K.MQ.,2.9410237974573006,1,0,0
AMP,0.0,....NTT....LD,3.2922920934778426,2,1,0
AMP,0.0,....ST..KC..D,3.0494932790953637,1,0,0
AMP,0.0,....ST.SK..QD,3.298228799462119,1,1,0
AMP,0.0,....STT..S.L.,3.139293667730704,2,0,0
AMP,0.0,....STT.KC...,3.0607147439492723,1,0,0
AMP,0.0,....STTS.C..D,3.2376411009365813,1,1,0
AMP,0.0,...KHT..K.MQD,3.3118961455481792,1,1,0
AMP,0.0,...KHTTS.C.L.,3.0172825073735843,1,0,0
AMP,0.0,...KN...KCMLD,3.3505700490871058,1,1,0
AMP,0.0,...KNTTSKS.LD,3.2666767334759506,1,1,0
AMP,0.0,..L.H...KSML.,3.12452183483836,2,0,0
AMP,0.0,..L.N..S...Q.,3.311288193807769,1,1,0
AMP,0.0,..LK.....S..D,3.2317999269580953,1,1,0
AMP,0.0,..LK.....S.Q.,3.28196228878483,1,1,0
AMP,0.0,..LKH.TS.C.LD,3.3223643117349893,1,1,0
AMP,0.0,..LKHTTS..ML.,2.9975971163727846,1,0,0
AMP,0.0,..LKN.T.KS..D,3.0126436362790225,1,0,0
AMP,0.0,..LKNT.SKSM..,3.288129812605333,1,1,0
AMP,0.0,..LKNTT.KCM.D,3.33930652026824,1,1,0
AMP,0.0,..LKNTTS.SMQ.,3.235902242174889,1,1,0
AMP,0.0,..LKS...KCM.D,3.0570649902307605,1,0,0
AMP,0.0,..LKSTT..SMQD,3.222136212020414,1,1,0
AMP,0.0,..V...TSKS.LD,3.0046185073367617,1,0,0
AMP,0.0,..V.H..SKSML.,3.007130373252884,5059,0,0
AMP,0.0,..V.HT..KS.LD,3.2803166708325824,1,1,0
AMP,0.0,..V.HTT.K..LD,3.260459481849956,1,1,0
AMP,0.0,..V.N...KSMQ.,3.2656665984529334,1,1,0
AMP,0.0,..V.NT.S...LD,3.265226844638173,1,1,0
AMP,0.0,..V.ST..KC.Q.,3.3117608617426586,1,1,0
AMP,0.0,..VKHT...C...,3.2828066685971966,1,1,0
AMP,0.0,..VKHTT..S.LD,2.749785804795964,1,0,0
AMP,0.0,..VKHTTSK.MQD,3.02032329011983,1,0,0
AMP,0.0,..VKN....SMQD,3.104999327632048,2,0,0
AMP,0.0,..VKNT.S....D,3.265508668640744,1,1,0
AMP,0.0,..VKNTT.KSML.,2.994014272968756,1,0,0
AMP,0.0,..VKNTTS..M.D,3.0902117938813425,1,0,0
AMP,0.0,..VKS..SKS.Q.,2.9173816897254485,1,0,0
AMP,0.0,..VKS.T..C.LD,3.3978300400268284,1,1,0
AMP,0.0,..VKS.T..S...,3.3638880037757475,1,1,0
AMP,0.0,..VKST..KS.Q.,3.0045369761690606,1,0,0
AMP,0.0,.K....T.K.M..,3.391956574960528,2,1,0
AMP,0.0,.K..N.TS..M.D,3.2665321920390444,1,1,0
AMP,0.0,.K..S...KSM..,3.360781592459349,1,1,0
AMP,0.0,.K..S.TS.C...,3.147840689826652,2,0,0
AMP,0.0,.K..STT.KC.QD,3.3302060014229427,1,1,0
AMP,0.0,.K.K..TSKC...,2.8880402469393114,1,0,0
AMP,0.0,.K.K..TSKC.L.,3.389202232298312,1,1,0
AMP,0.0,.K.K.TT.K..QD,3.232734403606169,1,1,0
AMP,0.0,.K.KHT.SKSM.D,3.1685671406249116,1,1,0
AMP,0.0,.K.KN.T.KS.LD,3.279593658051557,1,1,0
AMP,0.0,.K.KN.TS.CM.D,2.974786708851903,1,0,0
AMP,0.0,.K.KNT....ML.,3.294382684249006,1,1,0
AMP,0.0,.K.KS.....MLD,3.237730973825703,1,1,0
AMP,0.0,.K.KST..KS.QD,3.3659868599074696,2,1,0
AMP,0.0,.KL.......M..,3.2484711372731057,1,1,0
AMP,0.0,.KL.HT.SKSML.,3.0002215608574865,1,0,0
AMP,0.0,.KL.N...K.M..,3.075548247020703,1,0,0
AMP,0.0,.KL.N...KSML.,3.2965483378732983,1,1,0
AMP,0.0,.KL.N.T.K...D,3.3177450780106694,2,1,0
AMP,0.0,.KL.NT....M..,3.20269090111133,1,1,0
AMP,0.0,.KL.NT..KCML.,3.018529895886779,1,0,0
AMP,0.0,.KL.NT.SKSMLD,3.2763191737559834,1,1,0
AMP,0.0,.KL.S......Q.,3.2704458786399346,1,1,0
AMP,0.0,.KL.S.T..CMQ.,3.2862186106280973,2,1,0
AMP,0.0,.KL.S.TS..MQ.,3.072088259974681,1,0,0
AMP,0.0,.KLK..TSKCM..,3.256157314854808,1,1,0
AMP,0.0,.KLKH....SML.,3.010410106147865,2,0,0
AMP,0.0,.KLKH.T......,3.3072826933044457,1,1,0
AMP,0.0,.KLKNTT..C.L.,3.366857642225805,1,1,0
AMP,0.0,.KLKNTT..SMQD,3.0507349417166605,1,0,0
AMP,0.0,.KV..T..KSMQD,3.041622999992553,1,0,0
AMP,0.0,.KV.N.T.KS.QD,3.267702734885445,1,1,0
AMP,0.0,.KV.STT.KC..D,3.3612973688322008,1,1,0
AMP,0.0,.KVKH.T..S.Q.,3.261987894671025,1,1,0
AMP,0.0,.KVKH.TS..MLD,3.2342992296887276,1,1,0
AMP,0.0,.KVKHT.S.C...,2.904931290841903,1,0,0
AMP,0.0,.KVKHT.SKS.L.,3.2766209222810345,1,1,0
AMP,0.0,.KVKHTTSKS.Q.,3.0382518995694077,1,0,0
AMP,0.0,.KVKN..S.SM.D,3.020883241336331,1,0,0
AMP,0.0,.KVKN..SK.M..,3.3250152984571266,1,1,0
AMP,0.0,.KVKS.T..SMQD,3.1423124636625377,50101,0,1
AMP,0.0,.KVKS.TS..ML.,2.9464722209542584,1,0,0
AMP,0.0,.KVKST...C.LD,3.0101138278890005,1,0,0
AMP,0.0,.KVKSTTSKC..D,3.310588699680487,1,1,0
AMP,0.0,P...ST.S.CMQ.,2.8094396925447334,1,0,0
AMP,0.0,P.L.N.TS...LD,3.0049802736997036,1,0,0
AMP,0.0,P.L.N.TSKS.QD,3.050444251371136,1,0,0
AMP,0.0,P.L.STTSKC.L.,2.9334767544268936,1,0,0
AMP,0.0,P.LKH.T..C.L.,3.239999400042925,1,1,0
AMP,0.0,P.LKNT..K...D,2.9319039177227726,1,0,0
AMP,0.0,P.LKNT..KSM.D,3.298363579622304,1,1,0
AMP,0.0,P.LKSTTS..MQD,2.7483474700490547,1,0,0
AMP,0.0,P.LKSTTSKS...,3.2648219104646063,1,1,0
AMP,0.0,P.V.S...KC.QD,3.2448447716052335,1,1,0
AMP,0.0,P.V.S...KS..D,3.321938306479137,1,1,0
AMP,0.0,P.V.S.T...MQD,2.8902674003487334,1,0,0
AMP,0.0,P.VK...SKCM.D,3.721959802712113,1,1,0
AMP,0.0,P.VKH.T..S.Q.,3.303947865264341,1,1,0
AMP,0.0,P.VKST..KSMLD,2.882752739952688,1,0,0
AMP,0.0,P.VKST.S..MLD,3.4859138710601147,1,1,0
AMP,0.0,PK..HTT.K.M.D,3.7436567686538176,1,1,0
AMP,0.0,PK..N....CM..,2.9873694552590786,1,0,0
AMP,0.0,PK..N.TSK.MLD,3.2485753419309122,1,1,0
AMP,0.0,PK..ST.SKS...,3.576491018465298,1,1,0
AMP,0.0,PK.KN..SK.MQD,3.235813997979863,1,1,0
AMP,0.0,PKL..TTSKSM..,2.881340793350516,1,0,0
AMP,0.0,PKL.H..S.CMQ.,3.4189957204541694,1,1,0
AMP,0.0,PKL.HT.S.SMQ.,3.678800916594426,1,1,0
AMP,0.0,PKL.HTTS.C.LD,3.71957182098916,1,1,0
AMP,0.0,PKL.S.T..CML.,3.772148687737047,1,1,0
AMP,0.0,PKLK.T....MQD,2.2674218902255214,1,0,0
AMP,0.0,PKLKH.......D,2.9113524357536407,1,0,0
AMP,0.0,PKLKHTT...MQD,3.292414639690438,1,1,0
AMP,0.0,PKLKHTT..CM.D,3.4182729249457515,1,1,0
AMP,0.0,PKLKN..SKS.Q.,2.969980831490931,1,0,0
AMP,0.0,PKLKS.TS..MLD,2.977855277041844,1,0,0
AMP,0.0,PKLKS.TSKS...,3.2521084024277034,1,1,0
AMP,0.0,PKV..T..KS.LD,2.399384288667844,1,0,0
AMP,0.0,PKV.HTTSKSM..,2.785690635592738,1,0,0
AMP,0.0,PKV.N..S..ML.,3.5678852627347717,1,1,0
AMP,0.0,PKV.NT..KC.Q.,2.7054435331911892,1,0,0
AMP,0.0,PKVK..TSK.MLD,3.5417196753779594,1,1,0
AMP,3.1,.......S.CM.D,3.0916897506223235,1,0,0
AMP,3.1,.....TTSKS..D,3.4886963492506937,1,1,0
AMP,3.1,....H...KS.Q.,3.3489518619020133,1,1,0
AMP,3.1,....HT.SK..QD,3.125035092958707,1,0,0
AMP,3.1,....HTT....LD,3.091764504834065,1,0,0
AMP,3.1,....NT.SKSMLD,3.401540069424583,1,1,0
AMP,3.1,....S.TS.S..D,3.371399212325438,1,1,0
AMP,3.1,....ST...C.LD,3.2139689788310903,2,0,0
AMP,3.1,...KN....SML.,3.344803639936155,1,1,0
AMP,3.1,...KN.T.K..LD,3.1408815725922863,1,0,0
AMP,3.1,..L.....KC.Q.,3.0852908081517807,1,0,0
AMP,3.1,..L.H...KCM..,3.1319274651718647,1,0,0
AMP,3.1,..L.H...KS.L.,3.3555443977598665,2,1,0
AMP,3.1,..L.N..S.S...,3.3323025653110876,1,1,0
AMP,3.1,..L.NT.S.....,3.1161090328993466,1,0,0
AMP,3.1,..L.ST....MLD,3.3714029004405925,1,1,0
AMP,3.1,..LK.T..KSM..,3.3369191359084978,1,1,0
AMP,3.1,..LK.T.SKSMQD,3.139779436632398,1,0,0
AMP,3.1,..LK.TTSKS.L.,3.405505876844539,1,1,0
AMP,3.1,..LKH..SKS...,3.3604799010633446,1,1,0
AMP,3.1,..LKHTT.KSML.,3.0528517045073973,1,0,0
AMP,3.1,..LKNT.SK..Q.,3.3809534906347563,1,1,0
AMP,3.1,..LKS...KC.Q.,3.3187983711454567,1,1,0
AMP,3.1,..LKST..KC.L.,3.3214390675645853,1,1,0
AMP,3.1,..LKSTT.KC.Q.,3.3970902757284076,1,1,0
AMP,3.1,..V.HT..K.MQD,3.12400405902287,1,0,0
AMP,3.1,..V.S.T...MQ.,3.3414835587690495,1,1,0
AMP,3.1,..V.S.TSKCML.,3.0147417468466635,1,0,0
AMP,3.1,..VK...SKC.Q.,3.60382770382117,1,1,0
AMP,3.1,..VKH....C...,2.9294263461880403,1,0,0
AMP,3.1,..VKN.......D,3.369772937104605,1,1,0
AMP,3.1,.K.......CM..,3.268367613464562,1,1,0
AMP,3.1,.K...TT.KC...,3.3800452475772755,1,1,0
AMP,3.1,.K..N......Q.,3.324066661972883,1,1,0
AMP,3.1,.K..N.T.....D,3.3745015830901504,1,1,0
AMP,3.1,.K..NT..K..Q.,3.339090174525227,1,1,0
AMP,3.1,.K..NTTS...LD,3.112518574477352,1,0,0
AMP,3.1,.K..S.T..S...,3.3318436264087237,1,1,0
AMP,3.1,.K.K..TSKS..D,3.3384621484921824,1,1,0
AMP,3.1,.K.KH.T...ML.,3.046462667331893,1,0,0
AMP,3.1,.K.KN..SK..LD,3.059839271620942,1,0,0
AMP,3.1,.K.KN.TSKSM..,3.3034022241909424,1,1,0
AMP,3.1,.K.KNT..KSMQ.,3.4192486962440793,1,1,0
AMP,3.1,.KL...T....QD,3.097629241945362,1,0,0
AMP,3.1,.KL.H.T..S..D,3.3557594062948652,1,1,0
AMP,3.1,.KL.S..SK.MQD,3.087927124444505,1,0,0
AMP,3.1,.KL.S.T.K..QD,3.292455368618024,1,1,0
AMP,3.1,.KLKN.T..S..D,3.340407258039874,1,1,0
AMP,3.1,.KLKN.TS.S.LD,2.9268876786887628,1,0,0
AMP,3.1,.KLKNT..KC..D,3.338652035827552,1,1,0
AMP,3.1,.KLKNT..KC.L.,3.395403009654084,1,1,0
AMP,3.1,.KLKST.SK..LD,3.1485676646994816,50791,0,0
AMP,3.1,.KVKN.TS.SM..,3.3138027430264008,1,1,0
AMP,3.1,.KVKNT..KC.QD,3.038977393205634,1,0,0
AMP,3.1,P....T..K.M.D,2.9364498525438645,1,0,0
AMP,3.1,P...H.TSKC.QD,3.519773449684439,1,1,0
AMP,3.1,P...HT..KS..D,3.3406420889169475,1,1,0
AMP,3.1,P...S.TSKC.QD,3.0630444931141274,1,0,0
AMP,3.1,P..K...S.SM.D,2.873387868570362,1,0,0
AMP,3.1,P..KH...K..Q.,3.4260019317826202,1,1,0
AMP,3.1,P..KH..SK.M..,3.3900300574350126,1,1,0
AMP,3.1,P..KN..SK.M.D,3.2697508344562567,1,1,0
AMP,3.1,P..KS.TSK..L.,3.332722285343499,1,1,0
AMP,3.1,P.L.H.......D,3.4040660312534587,1,1,0
AMP,3.1,P.LK.TT..CMQ.,3.64885174297624,1,1,0
AMP,3.1,P.LKH......Q.,2.9939796988888827,1,0,0
AMP,3.1,P.LKN....SM..,3.0290300628956652,1,0,0
AMP,3.1,P.LKN...KCMQ.,3.463073311499971,1,1,0
AMP,3.1,P.V.H.TS..M..,3.567820890040382,1,1,0
AMP,3.1,P.VK...SKC.LD,3.4791935597741617,1,1,0
AMP,3.1,PK...T.S.SMLD,3.7792477938404767,1,1,0
AMP,3.1,PK...TTSKCMQ.,2.1712465819877864,1,0,0
AMP,3.1,PK..H.T.KSMQ.,3.114943797269069,2,0,0
AMP,3.1,PK..HTT.K.M.D,3.646730938458182,1,1,0
AMP,3.1,PK..HTTSKS...,2.8571881503557868,1,0,0
AMP,3.1,PK.K......M..,2.9449478783710816,1,0,0
AMP,3.1,PK.KN.TSKS...,3.091255385362892,1,0,0
AMP,3.1,PK.KS.TSKC.QD,2.844089089595819,1,0,0
AMP,3.1,PKL..T.S...QD,3.433749697497082,1,1,0
AMP,3.1,PKL.S..S..MQD,2.9325610610451855,1,0,0
AMP,3.1,PKLK.T.S.C.QD,3.31186496561674,4419,0,1
AMP,3.1,PKLK.TT...MLD,3.624276133433994,1,1,0
AMP,12.2,....HT.SKCMQ.,3.4495653668079695,1,1,0
AMP,12.2,....N.....MQ.,3.435701203678297,1,1,0
AMP,12.2,....S....S...,3.4673052849225003,1,1,0
AMP,12.2,..L.NTT...M.D,3.4465086433036443,1,1,0
AMP,12.2,..LKN..S....D,3.3175234740023622,21141,0,1
AMP,12.2,..LKN.TSK.ML.,3.2407245211893816,1,0,0
AMP,12.2,..V.STT....LD,3.1885730076596457,1,0,0
AMP,12.2,..VK..T.K..L.,3.557216311117187,1,1,0
AMP,12.2,.K....T.K.M..,3.579302497962217,1,1,0
AMP,12.2,.K..HTT..SM..,3.5164921167510537,1,1,0
AMP,12.2,.K.KN.TSK.MLD,3.5307249347536187,1,1,0
AMP,12.2,.KL.S..S..M..,3.6061982979351614,1,1,0
AMP,12.2,.KV.N..S.CML.,2.9684990871153287,34126,0,0
AMP,12.2,P....TT.K.MQ.,3.4797664131575203,1,1,0
AMP,12.2,P...HTTS.S.L.,2.3974010186260677,1,0,0
AMP,12.2,P..K..T.K..Q.,3.430556611651061,1,1,0
AMP,12.2,P..KHTTS.SML.,2.1157378878579185,1,0,0
AMP,12.2,P.V..TT..SMQD,1.8432099298148246,1,0,0
AMP,12.2,P.VKN..SK.M..,3.575082188368869,1,1,0
AMP,12.2,PK...TT.KSMQ.,2.1320030430181975,1,0,0
AMP,12.2,PK..HTT.K.M.D,3.8783915732986562,1,1,0
AMP,12.2,PK.K.T...SM..,3.8154453629079654,1,1,0
AMP,12.2,PKL..T.S.S.LD,2.165462491490066,1,0,0
AMP,12.2,PKL.S.T..CML.,3.6680916010223923,1,1,0
AMP,12.2,PKL.STT....QD,3.907484217752258,1,1,0
AMP,12.2,PKLK.TT.KCMLD,2.0803099581199183,1,0,0
AMP,12.2,PKV.HT..KSMQ.,2.4578029077612076,1,0,0
AMP,12.2,PKV.N..S..ML.,3.775890729106883,1,1,0
AMP,48.8,.....T.....LD,3.701480619804342,1,1,0
AMP,48.8,....HT..K....,3.712416051748465,1,1,0
AMP,48.8,....N.....MQD,3.6100101616562617,1,1,0
AMP,48.8,...KS.TSK..LD,3.3885488544652036,1,0,0
AMP,48.8,..L.H...K....,3.407203303113588,1,0,0
AMP,48.8,..L.N......L.,3.406899010403107,1,0,0
AMP,48.8,..LKST......D,3.3262710454242295,1,0,0
AMP,48.8,..V.N.T....L.,3.6018834640330724,1,1,0
AMP,48.8,.K.KN..S..MLD,3.4208905880441765,1,0,0
AMP,48.8,.KL.N....C...,3.6238394224366006,1,1,0
AMP,48.8,.KL.S...K.M..,3.62639558459222,1,1,0
AMP,48.8,.KV.H......Q.,3.5661490050746285,1,1,0
AMP,48.8,.KV.S..SK.M.D,3.4200549399799174,1,0,0
AMP,48.8,.KVKNT.....Q.,3.790561800387662,1,1,0
AMP,48.8,P......S.CM..,3.4519468145183505,18505,0,1
AMP,48.8,P....T.....L.,3.853912108616636,1,1,0
AMP,48.8,P...H..S..MQD,3.8196937145876917,1,1,0
AMP,48.8,P..K.TT..CMQ.,1.7609939398618066,1,0,0
AMP,48.8,P..KNT...S.LD,2.2955981465889943,1,0,0
AMP,48.8,P.L..TT..SM.D,1.3305422946128593,1,0,0
AMP,48.8,P.LK.TT..CMQ.,3.480876815215906,1,1,0
AMP,48.8,P.V...T..SMQ.,2.126182601716773,1,0,0
AMP,48.8,P.V.H.TS....D,2.32963374198503,1,0,0
AMP,48.8,P.V.H.TS...L.,2.1258364566354753,1,0,0
AMP,48.8,P.VK..TS..M..,2.458257797617013,1,0,0
AMP,48.8,P.VKST..KCM..,2.0657849206925776,1,0,0
AMP,48.8,PK...TTSKCMQ.,1.3095677653327347,1,0,0
AMP,48.8,PK..HTTSKS.L.,2.006633854339787,1,0,0
AMP,48.8,PK.K.T.S.SML.,1.7944846751594408,1,0,0
AMP,48.8,PKL..TT.KCM.D,1.7378052306211784,1,0,0
AMP,48.8,PKL.H...KCM.D,2.2668950805743715,1,0,0
AMP,48.8,PKL.HTT.KC.LD,2.011668307170904,1,0,0
AMP,48.8,PKL.HTT.KCML.,0.17609125905568124,1,0,0
AMP,48.8,PKL.STT..CMLD,1.3409906791304844,1,0,0
AMP,48.8,PKLK.T..KSML.,1.4857835587313248,1,0,0
AMP,48.8,PKLK.T.S.C..D,2.756678770159798,36740,0,0
AMP,48.8,PKLK.TT..CM.D,0.17609125905568124,1,0,0
AMP,48.8,PKLK.TT..CML.,1.9126843550988442,2,0,0
AMP,48.8,PKLK.TTSKCML.,1.8890752147003853,1,0,0
AMP,48.8,PKV.H.T.KCMQD,3.300321850455758,1,1,0
AMP,48.8,PKV.N..S..ML.,3.9930066580389982,1,1,0
AMP,48.8,PKV.NTT..SM.D,1.9824596606758857,1,0,0
AMP,48.8,PKV.ST.SKC.L.,1.9813005336510772,1,0,0
AMP,48.8,PKV.STTSKSMQ.,1.9158266571851659,1,0,0
AMP,48.8,PKVK.TT..SML.,1.7370618333129035,1,0,0
AMP,48.8,PKVK.TTS..MLD,1.6959255621516827,1,0,0
AMP,48.8,PKVK.TTS.CMQ.,1.92016440976545,1,0,0
AMP,48.8,PKVKHTTS.S..D,1.7713163420546596,1,0,0
AMP,48.8,PKVKSTTSKCMLD,1.6501663397047042,1,0,0
AMP,195.0,....NT.S.SM.D,2.086813389119666,1,0,0
AMP,195.0,..L.STTSKC.L.,3.236092934039653,1,1,0
AMP,195.0,..V.N...K.M..,3.8230024223508887,1,1,0
AMP,195.0,..VKHT.....QD,3.4299371365112297,1,0,0
AMP,195.0,.KL.HT..K.MQD,3.569133443498207,1,0,0
AMP,195.0,.KL.N.TS.S.LD,1.945787109911762,1,0,0
AMP,195.0,.KLK.TTS.S.QD,3.259518185794761,1,1,0
AMP,195.0,.KLKH.TSKCM.D,3.2161899138748593,1,1,0
AMP,195.0,.KV..T...S.QD,1.9776977416310892,1,0,0
AMP,195.0,.KV.S.TS.C.L.,1.5246282340726869,1,0,0
AMP,195.0,.KV.STTS.S.LD,3.2353344742811867,1,1,0
AMP,195.0,.KVKH.TS.CM.D,3.3344904093249053,1,1,0
AMP,195.0,.KVKN...K..LD,3.657196008207577,10573,0,1
AMP,195.0,.KVKNTTSKC..D,3.0348113080631873,1,1,0
AMP,195.0,.KVKS....C.Q.,1.690299567021555,1,0,0
AMP,195.0,P....T.....L.,4.270718126025763,1,1,0
AMP,195.0,P....T.SKS.L.,1.707675523993304,3,0,0
AMP,195.0,P....TT..SM.D,1.8072348178896263,1,0,0
AMP,195.0,P...NTTS...QD,1.7475925420392513,1,0,0
AMP,195.0,P..K.TT.KS.L.,1.7645740879574,1,0,0
AMP,195.0,P.L..T..KCML.,1.6676604641900048,2,0,0
AMP,195.0,P.L..TT..SM.D,1.0487450678999235,1,0,0
AMP,195.0,P.L.NTTS.SM..,1.4753308512668726,1,0,0
AMP,195.0,P.LK.T.SKSMQ.,1.3125293607895603,1,0,0
AMP,195.0,P.LKHT.SKC.L.,1.7305594484392313,1,0,0
AMP,195.0,P.LKNT...CMQ.,1.8794350937368798,1,0,0
AMP,195.0,P.LKNT.S.CML.,1.8199970135548384,1,0,0
AMP,195.0,P.LKNTT.KCMQ.,3.264093659785994,1,1,0
AMP,195.0,P.LKNTTS.CMLD,1.8173790334453714,1,0,0
AMP,195.0,P.LKSTT.KSML.,2.6194077185755984,44555,0,0
AMP,195.0,P.V..T...CMQD,1.604779248062691,1,0,0
AMP,195.0,P.V..T...S.L.,1.8589448110601443,1,0,0
AMP,195.0,P.V..TT..S...,1.7192919128062094,1,0,0
AMP,195.0,P.V..TTS..MQ.,1.1710136561457667,1,0,0
AMP,195.0,P.V.HTTS..M.D,3.46845290398316,1,1,0
AMP,195.0,P.V.NTTS.C.Q.,1.8815589782017754,1,0,0
AMP,195.0,P.VKH..SK....,2.1967666736463483,1,0,0
AMP,195.0,P.VKH.TSKC...,1.570617076804329,1,0,0
AMP,195.0,P.VKN.T.KC...,1.8556296469585798,1,0,0
AMP,195.0,P.VKNTT...MQ.,1.9807268770103443,1,0,0
AMP,195.0,P.VKS...K.MQ.,2.039418086127239,1,0,0
AMP,195.0,P.VKS.TS.....,1.6842615315264864,1,0,0
AMP,195.0,P.VKST..KSMLD,1.5468241834213674,1,0,0
AMP,195.0,P.VKSTTS.SM.D,1.3548196227915137,1,0,0
AMP,195.0,PK...T..KC..D,1.2296983081308428,1,0,0
AMP,195.0,PK...T.S.SMLD,3.611411744340915,2,1,0
AMP,195.0,PK...TT.KC.L.,1.19288398442636,1,0,0
AMP,195.0,PK...TTS.CM.D,1.374920778245097,1,0,0
AMP,195.0,PK...TTSKS.Q.,3.5044711306739096,1,1,0
AMP,195.0,PK..HTT..SMQD,1.3548196227915137,1,0,0
AMP,195.0,PK..NT.S.S.L.,1.5261571014361863,1,0,0
AMP,195.0,PK..ST..KCM.D,1.4477458475362854,1,0,0
AMP,195.0,PK..ST.SKS.Q.,1.668028020887657,1,0,0
AMP,195.0,PK.K...S.CML.,1.2304615772754492,1,0,0
AMP,195.0,PK.K.T..KCML.,1.481559100038437,2,0,0
AMP,195.0,PK.K.T.S.CM..,0.17609125905568124,1,0,0
AMP,195.0,PK.K.TTSKC.L.,1.0421153538770478,1,0,0
AMP,195.0,PK.KHTT..CM.D,1.8527165877934124,1,0,0
AMP,195.0,PK.KHTTS.SMQD,1.7036648914733319,2,0,0
AMP,195.0,PK.KNT.S.CM..,1.7353406165494034,2,0,0
AMP,195.0,PK.KNTT..CM..,3.23275034735653,1,1,0
AMP,195.0,PKL..T..KS.LD,0.17609125905568124,1,0,0
AMP,195.0,PKL..T..KSMQ.,0.802356658152991,1,0,0
AMP,195.0,PKL..T.SKCML.,1.2590454996501974,1,0,0
AMP,195.0,PKL..TT.KC.QD,3.4513576770230663,1,1,0
AMP,195.0,PKL..TTS.CM.D,0.17609125905568124,1,0,0
AMP,195.0,PKL..TTS.CMQD,0.9008333899652654,1,0,0
AMP,195.0,PKL.HTTS.CM.D,1.6720385612514082,1,0,0
AMP,195.0,PKL.HTTS.CMLD,0.775506018650389,1,0,0
AMP,195.0,PKL.HTTS.SMQD,1.728084997593943,1,0,0
AMP,195.0,PKL.NTT.KCMLD,0.17609125905568124,1,0,0
AMP,195.0,PKL.NTTSKCM.D,0.17609125905568124,1,0,0
AMP,195.0,PKL.ST...C.L.,0.17609125905568124,1,0,0
AMP,195.0,PKLK...S.SMQ.,0.9317466126197781,1,0,0
AMP,195.0,PKLK..TS.SML.,0.17609125905568124,1,0,0
AMP,195.0,PKLK..TSK...D,2.103691277516744,1,0,0
AMP,195.0,PKLK.T...CMQ.,1.3485918205414678,2,0,0
AMP,195.0,PKLK.TT..CMQ.,0.17609125905568124,2,0,0
AMP,195.0,PKLK.TT..S...,3.550191958044242,1,1,0
AMP,195.0,PKLK.TT..S.QD,1.749215132422948,1,0,0
AMP,195.0,PKLK.TT.KCM.D,0.17609125905568124,2,0,0
AMP,195.0,PKLK.TT.KS...,1.0487450678999235,1,0,0
AMP,195.0,PKLK.TTS.SML.,3.389647399363485,1,1,0
AMP,195.0,PKLK.TTSKS.L.,0.9890305643886628,1,0,0
AMP,195.0,PKLKH.TS.S.LD,3.4289876844946647,1,1,0
AMP,195.0,PKLKHT.S.SML.,1.2590454996501974,1,0,0
AMP,195.0,PKLKHTT..C.L.,1.6396479489959357,1,0,0
AMP,195.0,PKLKN..SKC.Q.,1.727036493607095,1,0,0
AMP,195.0,PKLKN..SKSMQ.,1.5272125830266168,1,0,0
AMP,195.0,PKLKNT..KC.Q.,1.4644711317497388,1,0,0
AMP,195.0,PKLKNT..KS.LD,1.5443358304758126,1,0,0
AMP,195.0,PKLKNT.S.CM..,1.4125960796506796,2,0,0
AMP,195.0,PKLKNTTSKCMQ.,1.2932482873637308,1,0,0
AMP,195.0,PKLKSTT..SMLD,1.2590454996501974,1,0,0
AMP,195.0,PKLKSTT.KCMQ.,1.4803570482387238,2,0,0
AMP,195.0,PKLKSTTSKC.LD,3.2600987339921104,1,1,0
AMP,195.0,PKV...TSKSMQ.,1.3734670454256543,1,0,0
AMP,195.0,PKV..T...C...,1.2304615772754492,1,0,0
AMP,195.0,PKV..T..KCMQ.,1.419179425886141,1,0,0
AMP,195.0,PKV..T..KS.L.,0.17609125905568124,2,0,0
AMP,195.0,PKV..T..KS.LD,1.3928018239017341,1,0,0
AMP,195.0,PKV..TT...MQD,1.0993968565881191,1,0,0
AMP,195.0,PKV..TT..C..D,1.2304615772754492,1,0,0
AMP,195.0,PKV..TT..C.L.,0.9008333899652654,1,0,0
AMP,195.0,PKV..TT..SMLD,1.7395275951924696,1,0,0
AMP,195.0,PKV..TT.K..LD,2.1003312557631975,1,0,0
AMP,195.0,PKV..TT.KCML.,0.17609125905568124,1,0,0
AMP,195.0,PKV..TTSK..Q.,1.540521514454251,1,0,0
AMP,195.0,PKV.H...KCMQD,1.7044424164383543,1,0,0
AMP,195.0,PKV.H.TS.SM..,2.1090065598147545,1,0,0
AMP,195.0,PKV.HT...C.QD,1.4355137159971127,1,0,0
AMP,195.0,PKV.HT.S.SM..,1.2590454996501974,1,0,0
AMP,195.0,PKV.HTT..CM.D,0.17609125905568124,1,0,0
AMP,195.0,PKV.HTT..SM.D,1.2296983081308428,1,0,0
AMP,195.0,PKV.HTTS.CMQ.,1.8019698697216442,1,0,0
AMP,195.0,PKV.HTTS.SMQD,3.2504714805458192,1,1,0
AMP,195.0,PKV.HTTSKC.L.,1.2296983081308428,1,0,0
AMP,195.0,PKV.HTTSKCM.D,1.158877293515063,1,0,0
AMP,195.0,PKV.HTTSKSMQD,1.1422804009978669,1,0,0
AMP,195.0,PKV.N..SKCM..,1.0015402010085557,1,0,0
AMP,195.0,PKV.NTTS.C...,0.17609125905568124,1,0,0
AMP,195.0,PKV.S..SKSMQ.,3.4031061458676417,1,1,0
AMP,195.0,PKV.ST..KS.LD,0.17609125905568124,1,0,0
AMP,195.0,PKV.ST.SK.MQ.,1.1768623317644007,1,0,0
AMP,195.0,PKV.ST.SKS.LD,1.803037052529992,1,0,0
AMP,195.0,PKV.STTS.C.LD,1.3737129581075558,1,0,0
AMP,195.0,PKV.STTS.SM..,0.7638540796421855,1,0,0
AMP,195.0,PKV.STTS.SML.,1.8019698697216442,1,0,0
AMP,195.0,PKV.STTS.SMQD,1.541755391639997,1,0,0
AMP,195.0,PKV.STTSKC.QD,1.6720385612514082,1,0,0
AMP,195.0,PKV.STTSKCM.D,0.17609125905568124,1,0,0
AMP,195.0,PKV.STTSKSM.D,1.8644386509909734,1,0,0
AMP,195.0,PKVK.T.S.S..D,1.2828652526061486,1,0,0
AMP,195.0,PKVK.TT.KCMLD,0.17609125905568124,1,0,0
AMP,195.0,PKVKH.T..CM.D,1.7953300110201156,1,0,0
AMP,195.0,PKVKHT.SKSMLD,1.541755391639997,1,0,0
AMP,195.0,PKVKHTT.KS.Q.,0.17609125905568124,1,0,0
AMP,195.0,PKVKN..SKS.LD,1.7890875722057247,1,0,0
AMP,195.0,PKVKN.TS.CMQ.,3.498148371340083,1,1,0
AMP,195.0,PKVKNT..KS.Q.,1.6770634601138479,1,0,0
AMP,195.0,PKVKNT.S.S...,1.6873965986598733,1,0,0
AMP,195.0,PKVKNTTS...Q.,1.6391986526125586,1,0,0
AMP,195.0,PKVKNTTSKC.L.,0.17609125905568124,1,0,0
AMP,195.0,PKVKS..S..MLD,1.9007810745347067,2,0,0
AMP,195.0,PKVKST..KCM..,1.2828652526061486,1,0,0
AMP,195.0,PKVKST..KS.L.,1.7124519998029573,1,0,0
AMP,195.0,PKVKST.S.CM..,0.17609125905568124,1,0,0
AMP,195.0,PKVKST.S.SM.D,1.508565226875671,1,0,0
AMP,195.0,PKVKSTT....QD,1.8421964734845,1,0,0
AMP,195.0,PKVKSTT.KC..D,1.449498363261689,1,0,0
AMP,195.0,PKVKSTT.KS...,1.9751004855456615,1,0,0
AMP,195.0,PKVKSTT.KSM..,1.4367057165748647,1,0,0
AMP,195.0,PKVKSTTSKCMLD,0.17609125905568124,1,0,0
AMP,781.0,.....TTS.SM.D,3.188724592082845,1,1,0
AMP,781.0,....H..S.C.QD,0.8999295435928455,1,0,0
AMP,781.0,....H.TS.S..D,0.4453548808777054,1,0,0
AMP,781.0,....H.TSK.M..,3.38619888174689,1,1,0
AMP,781.0,....HT...CM.D,3.1729661514210514,1,1,0
AMP,781.0,....HT...SMQD,3.110986964980244,1,1,0
AMP,781.0,....HT..KS.Q.,1.5260342033695404,2,0,0
AMP,781.0,....N..S.C...,1.4894840129327702,1,0,0
AMP,781.0,....NT...C.QD,3.045721784463494,1,1,0
AMP,781.0,....NT..KCMQ.,1.1098695231575146,1,0,0
AMP,781.0,....NTT.KS.QD,3.559918662913401,1,1,0
AMP,781.0,....S....C..D,1.4480175108751083,1,0,0
AMP,781.0,....S....S.L.,1.5899517125915745,1,0,0
AMP,781.0,....S..S.CML.,3.25057545513673,1,1,0
AMP,781.0,....S.TS.CM.D,3.0717752594834953,1,1,0
AMP,781.0,....ST.S.CM..,0.7331695047225646,1,0,0
AMP,781.0,....STT.KC.LD,2.846825680966733,1,1,0
AMP,781.0,....STTS.CMQ.,1.3407699601505783,1,0,0
AMP,781.0,....STTS.S..D,3.125575265379017,1,1,0
AMP,781.0,...K...SKCM.D,0.46072589759072796,1,0,0
AMP,781.0,...K..T.KS.Q.,1.1973893967574583,1,0,0
AMP,781.0,...K.T...SMLD,1.1912302853497296,1,0,0
AMP,781.0,...K.T.SKSMLD,0.5928146986623595,1,0,0
AMP,781.0,...K.TT.KSM.D,2.8416157592352014,1,1,0
AMP,781.0,...K.TTSKC.LD,3.1483580266700364,1,1,0
AMP,781.0,...KH..SKC.LD,0.7991051387667005,2,0,0
AMP,781.0,...KH.T..C.QD,1.284001117413486,1,0,0
AMP,781.0,...KH.TS.S.L.,0.8764461219948587,1,0,0
AMP,781.0,...KH.TS.S.Q.,3.0705310061862936,1,1,0
AMP,781.0,...KH.TSK....,0.8999295435928455,1,0,0
AMP,781.0,...KH.TSKC...,3.3575560881208784,1,1,0
AMP,781.0,...KHT...C.QD,1.4940964465100488,1,0,0
AMP,781.0,...KHT..KCM.D,0.7782414738147695,1,0,0
AMP,781.0,...KHTT..CM..,1.4108749637903726,1,0,0
AMP,781.0,...KHTTS..MQ.,3.2311997668363928,1,1,0
AMP,781.0,...KHTTS.C.L.,0.7667146826584541,1,0,0
AMP,781.0,...KHTTS.CMQD,0.8485231235738493,1,0,0
AMP,781.0,...KHTTSKC..D,3.1607499671323995,1,1,0
AMP,781.0,...KNT..KSMLD,1.1887026705405213,1,0,0
AMP,781.0,...KNTT.KC..D,1.340532431455781,1,0,0
AMP,781.0,...KNTTSKSML.,1.115989778060739,1,0,0
AMP,781.0,...KS....C.LD,1.350138407759493,1,0,0
AMP,781.0,...KS..S.CMLD,0.6458060293836413,1,0,0
AMP,781.0,...KS..S.S.L.,0.9459902929100754,1,0,0
AMP,781.0,..L...T.KC.L.,0.9879478546723923,2,0,0
AMP,781.0,..L..T...SMLD,2.763169046084409,1,1,0
AMP,781.0,..L..T.S.C.LD,1.0841487836275403,1,0,0
AMP,781.0,..L..TTSK.MLD,3.082563173142152,1,1,0
AMP,781.0,..L.H...KCMLD,1.3153396284738028,1,0,0
AMP,781.0,..L.H.TS..MQD,0.8934769444581159,1,0,0
AMP,781.0,..L.H.TS.SML.,0.8065751409856634,1,0,0
AMP,781.0,..L.H.TSKSMQD,1.2905223888131079,1,0,0
AMP,781.0,..L.HTT..CMLD,0.9748026659346014,1,0,0
AMP,781.0,..L.HTT.KC.L.,0.5362981206515427,1,0,0
AMP,781.0,..L.HTT.KSM..,3.0165933244806946,1,1,0
AMP,781.0,..L.N..SKCMQD,0.8901678287372808,1,0,0
AMP,781.0,..L.N.TS.C.L.,0.7590850156982535,1,0,0
AMP,781.0,..L.NTT.KC..D,1.2662674584247675,1,0,0
AMP,781.0,..L.NTTS.S.Q.,3.2268172144010943,1,1,0
AMP,781.0,..L.S..S.CM..,1.1319383566280008,1,0,0
AMP,781.0,..L.S..SKSMQ.,1.273340584216516,1,0,0
AMP,781.0,..L.S.T.KC.Q.,3.094658988589358,1,1,0
AMP,781.0,..L.STT.KSMQ.,2.777411486702434,1,1,0
AMP,781.0,..LK....KC.L.,0.8137395458160215,1,0,0
AMP,781.0,..LK....KC.Q.,3.032623639386954,1,1,0
AMP,781.0,..LK....KS.QD,1.2333473762476141,1,0,0
AMP,781.0,..LK...S.C.QD,1.1033639630596295,1,0,0
AMP,781.0,..LK...SKSMLD,3.249271563781385,1,1,0
AMP,781.0,..LK..TS.CMQD,0.743899424044961,1,0,0
AMP,781.0,..LK.T...S..D,1.64252355169762,1,0,0
AMP,781.0,..LK.T..KC.Q.,1.4240472856425352,1,0,0
AMP,781.0,..LK.T.SKSMLD,1.3508561811244264,1,0,0
AMP,781.0,..LK.TTS...QD,1.0947936638470315,1,0,0
AMP,781.0,..LK.TTS.SMLD,0.8817305402894805,1,0,0
AMP,781.0,..LKH..S.C.L.,0.8680353978102897,2,0,0
AMP,781.0,..LKH.TS.....,0.8260105123219614,1,0,0
AMP,781.0,..LKH.TS.C.QD,0.947545399955744,1,0,0
AMP,781.0,..LKH.TS.CMQD,3.1983438101720263,2,1,0
AMP,781.0,..LKHTT.KSMQD,3.119990483166336,2,1,0
AMP,781.0,..LKHTTS.C.Q.,1.0232800340354686,1,0,0
AMP,781.0,..LKHTTSK.M..,0.9470790426717487,1,0,0
AMP,781.0,..LKN...KS.Q.,1.3003052644983142,1,0,0
AMP,781.0,..LKN.TS.C.Q.,2.85823162807972,1,1,0
AMP,781.0,..LKNT...CML.,0.9373460089039748,2,0,0
AMP,781.0,..LKNT.S.CM..,3.1895519936385313,1,1,0
AMP,781.0,..LKNTT.KCML.,3.2160059724920123,1,1,0
AMP,781.0,..LKNTT.KS.Q.,0.8390988419100576,1,0,0
AMP,781.0,..LKNTTS.SML.,0.5640089121628776,1,0,0
AMP,781.0,..LKS..S.CMQD,0.9750724654800467,1,0,0
AMP,781.0,..LKS..S.SM.D,1.5148017781644456,1,0,0
AMP,781.0,..LKS.TS.C.LD,2.901587983196092,1,1,0
AMP,781.0,..LKSTT.KC.L.,1.2196133314037496,1,0,0
AMP,781.0,..V......SMLD,0.9065257904856756,1,0,0
AMP,781.0,..V....S.S.Q.,0.8682082530842554,1,0,0
AMP,781.0,..V...TSKSMLD,3.114962049751725,1,1,0
AMP,781.0,..V..T...CMQ.,0.8934769444581159,1,0,0
AMP,781.0,..V..T.S.SMQ.,0.9250882799068504,1,0,0
AMP,781.0,..V..T.SKC.Q.,1.2393241976051395,1,0,0
AMP,781.0,..V..T.SKCMLD,1.3658550013992208,1,0,0
AMP,781.0,..V..TT.KSM.D,1.0060725382535922,1,0,0
AMP,781.0,..V..TT.KSML.,0.9926920517658048,1,0,0
AMP,781.0,..V..TTS.C.LD,0.907862768070893,1,0,0
AMP,781.0,..V..TTSKC.L.,0.7716877992799116,1,0,0
AMP,781.0,..V.H.TS.C..D,0.5198312861033859,1,0,0
AMP,781.0,..V.H.TS.C.QD,1.0275294964561832,1,0,0
AMP,781.0,..V.H.TS.SMQ.,3.284332632471936,1,1,0
AMP,781.0,..V.H.TSKC.L.,2.916399455941273,1,1,0
AMP,781.0,..V.H.TSKC.QD,3.0254208767935142,1,1,0
AMP,781.0,..V.HT.S.CML.,0.5005969415363801,1,0,0
AMP,781.0,..V.HT.SKC.L.,0.8351674504669406,1,0,0
AMP,781.0,..V.HT.SKSMQD,1.2890301932883694,1,0,0
AMP,781.0,..V.HTTSKCMQ.,1.2356534622387925,1,0,0
AMP,781.0,..V.N..SKSMQ.,3.393688630315056,1,1,0
AMP,781.0,..V.N.T..C.L.,0.9418711926130482,1,0,0
AMP,781.0,..V.N.TS...L.,0.9734088204241601,1,0,0
AMP,781.0,..V.N.TS.C...,0.7946896994909672,1,0,0
AMP,781.0,..V.N.TS.CM.D,0.9098894010894486,3,0,0
AMP,781.0,..V.N.TSK....,1.2245870992585728,1,0,0
AMP,781.0,..V.N.TSKC.Q.,2.8166808637216834,1,1,0
AMP,781.0,..V.NT.S.SM..,0.7698100107185546,1,0,0
AMP,781.0,..V.NT.SKSM.D,1.4099758085542926,1,0,0
AMP,781.0,..V.NTTS...L.,1.3734966656898526,1,0,0
AMP,781.0,..V.NTTS.C..D,0.9723276612672186,1,0,0
AMP,781.0,..V.NTTS.SML.,1.2110641630657586,2,0,0
AMP,781.0,..V.S..S.....,1.499333223228175,1,0,0
AMP,781.0,..V.S..S.C.L.,1.1434137882810465,2,0,0
AMP,781.0,..V.S..S.S.QD,3.101624338785828,1,1,0
AMP,781.0,..V.S.TS.SMQD,2.908501549083661,1,1,0
AMP,781.0,..V.ST...SML.,1.1519990393702184,1,0,0
AMP,781.0,..V.STT.K.ML.,1.5819939031721284,1,0,0
AMP,781.0,..V.STTS..ML.,0.819343990750635,1,0,0
AMP,781.0,..VK.....CML.,0.8053015229354757,1,0,0
AMP,781.0,..VK....KC..D,1.272266239346761,3,0,0
AMP,781.0,..VK...S.C..D,3.2443408610120876,1,1,0
AMP,781.0,..VK...SKC.L.,0.8063051403007225,1,0,0
AMP,781.0,..VK..T..CMLD,0.86319162496145,1,0,0
AMP,781.0,..VK..T..S..D,0.5573012998541828,1,0,0
AMP,781.0,..VK..TSKC..D,0.17609125905568124,1,0,0
AMP,781.0,..VK.T..KSML.,0.47111945480809186,1,0,0
AMP,781.0,..VK.T.S.C.QD,1.2086583959743356,1,0,0
AMP,781.0,..VK.TT..CM..,3.323875493870879,1,1,0
AMP,781.0,..VK.TTSK.ML.,1.3414723181728536,1,0,0
AMP,781.0,..VKH....C.L.,3.2461703131245114,1,1,0
AMP,781.0,..VKH...KC..D,0.787426471724523,1,0,0
AMP,781.0,..VKH...KC.L.,0.7998626668520225,1,0,0
AMP,781.0,..VKH..S..MQ.,3.3080620884709564,2,1,0
AMP,781.0,..VKH..S.C..D,0.7511016659807607,2,0,0
AMP,781.0,..VKH..SK...D,1.4135306901770281,2,0,0
AMP,781.0,..VKH..SKC..D,3.6941812046086415,1,1,0
AMP,781.0,..VKH..SKS.LD,1.1852373660669395,2,0,0
AMP,781.0,..VKH.T.KC...,1.4323387383467079,1,0,0
AMP,781.0,..VKH.TS..M..,0.5828783346017747,1,0,0
AMP,781.0,..VKHT...SML.,0.9578743082165307,1,0,0
AMP,781.0,..VKHTT.KSMQ.,0.7755507472983671,1,0,0
AMP,781.0,..VKN...KCMLD,0.8604049810499148,2,0,0
AMP,781.0,..VKN..S..M..,3.2445625286252993,2,1,0
AMP,781.0,..VKN..S.CMQD,1.1828049581607984,1,0,0
AMP,781.0,..VKN..SKCM..,0.9120364400958126,1,0,0
AMP,781.0,..VKN.T..CM..,1.317031310596863,1,0,0
AMP,781.0,..VKN.T.KCMQD,1.0250837233663823,1,0,0
AMP,781.0,..VKN.TS...Q.,0.7356933859677387,1,0,0
AMP,781.0,..VKN.TSK....,0.6725644607570015,1,0,0
AMP,781.0,..VKN.TSKSMLD,1.1314758785462948,1,0,0
AMP,781.0,..VKNT..KSM..,3.467320571158911,1,1,0
AMP,781.0,..VKS...KCMLD,3.530327275606423,1,1,0
AMP,781.0,..VKS..S.C.Q.,1.2068675150657644,1,0,0
AMP,781.0,..VKS.T..CML.,0.7946896994909672,1,0,0
AMP,781.0,..VKS.TS..MQ.,0.819019731521811,2,0,0
AMP,781.0,..VKS.TS.C..D,0.6981669187541837,1,0,0
AMP,781.0,..VKS.TSK.MQD,2.8498961560086213,1,1,0
AMP,781.0,..VKST.SK.MQ.,2.9768929448511754,1,1,0
AMP,781.0,..VKSTT.KS..D,2.9730579968940734,1,1,0
AMP,781.0,..VKSTTSK.ML.,2.9345307112099293,1,1,0
AMP,781.0,.K....T.KSMQ.,1.4216154152460496,1,0,0
AMP,781.0,.K....TS...L.,3.419415656760225,1,1,0
AMP,781.0,.K....TSK....,3.4971288390541786,1,1,0
AMP,781.0,.K...T.S.CM.D,1.0714608940166221,1,0,0
AMP,781.0,.K...T.SKSMLD,1.1951351293562658,1,0,0
AMP,781.0,.K...TT..S..D,1.2793189613960383,1,0,0
AMP,781.0,.K..H.T.KCMLD,1.1572703700777867,1,0,0
AMP,781.0,.K..H.TS.CM..,2.9687071525052215,1,1,0
AMP,781.0,.K..H.TS.S.QD,0.4449920956778722,1,0,0
AMP,781.0,.K..HT.S.SMQ.,3.3014092020235744,1,1,0
AMP,781.0,.K..HTTS.C.LD,0.7095330592313581,1,0,0
AMP,781.0,.K..HTTSKSMQ.,2.8476799399351957,1,1,0
AMP,781.0,.K..N..S.C.Q.,1.464289808940242,1,0,0
AMP,781.0,.K..N.T.KS.Q.,1.3856964836708194,1,0,0
AMP,781.0,.K..N.TS.C..D,1.1836919568433992,1,0,0
AMP,781.0,.K..N.TSKCM..,3.0262844645566895,1,1,0
AMP,781.0,.K..NT...CMQ.,1.0981352267084603,1,0,0
AMP,781.0,.K..NT..KC.QD,1.3721876155373636,1,0,0
AMP,781.0,.K..S....CM.D,3.190987742133209,1,1,0
AMP,781.0,.K..S..SKC..D,0.7998626668520225,1,0,0
AMP,781.0,.K..S.TSK...D,3.073478865361199,1,1,0
AMP,781.0,.K..STT.KC.L.,1.007762715247706,1,0,0
AMP,781.0,.K..STTSKCMQ.,1.0077893970038494,1,0,0
AMP,781.0,.K.K.....C..D,1.4883217124317827,1,0,0
AMP,781.0,.K.K....KSML.,3.236778007418995,1,1,0
AMP,781.0,.K.K...SKC.Q.,3.3934938960523704,1,1,0
AMP,781.0,.K.K..TSKCM.D,0.17609125905568124,1,0,0
AMP,781.0,.K.K.T...CML.,3.318299621665945,1,1,0
AMP,781.0,.K.K.TTS..MQ.,0.7095770403652736,1,0,0
AMP,781.0,.K.K.TTS.CM..,1.3183069819629545,1,0,0
AMP,781.0,.K.K.TTS.S.Q.,0.7209265311617408,1,0,0
AMP,781.0,.K.KH..S.C.LD,3.1363292377161462,1,1,0
AMP,781.0,.K.KH..SKC...,0.8407379521818052,1,0,0
AMP,781.0,.K.KH.TS.CML.,3.3371101809044856,1,1,0
AMP,781.0,.K.KH.TSK.MQ.,1.223847328326239,1,0,0
AMP,781.0,.K.KHTT.KCMQ.,3.226382166305478,1,1,0
AMP,781.0,.K.KHTT.KSM.D,1.4306105649971272,1,0,0
AMP,781.0,.K.KN....SMQD,1.2422337314033247,1,0,0
AMP,781.0,.K.KN..S.CM.D,0.904310739201718,1,0,0
AMP,781.0,.K.KN.T..CMQ.,0.9482518379931542,1,0,0
AMP,781.0,.K.KN.TS.S.Q.,1.0584183868226262,1,0,0
AMP,781.0,.K.KNT...CM.D,0.8100909673188643,1,0,0
AMP,781.0,.K.KNTTS.C.QD,0.9829386117187038,1,0,0
AMP,781.0,.K.KSTTS..ML.,2.3243053995836895,53830,0,1
AMP,781.0,.K.KSTTS.SM.D,1.186181855702186,1,0,0
AMP,781.0,.KL..T...CML.,1.2207533230538554,1,0,0
AMP,781.0,.KL.H...KS.LD,3.1496082143926656,1,1,0
AMP,781.0,.KL.H..S..MLD,3.389784349346612,1,1,0
AMP,781.0,.KL.H..S.CM.D,0.5276629245527821,1,0,0
AMP,781.0,.KL.H.TS.S...,3.1495457266209304,1,1,0
AMP,781.0,.KL.H.TSKC.LD,0.7614318845146728,1,0,0
AMP,781.0,.KL.HT.S.C..D,1.0009771738645326,1,0,0
AMP,781.0,.KL.HTT.KC...,1.301330601882659,1,0,0
AMP,781.0,.KL.HTTS.S.QD,0.7513777890721558,1,0,0
AMP,781.0,.KL.N..SKC...,0.7643344680223022,1,0,0
AMP,781.0,.KL.NT..KCMQD,0.9979935448898283,1,0,0
AMP,781.0,.KL.NT.SKSMQ.,2.8385366673276216,1,1,0
AMP,781.0,.KL.NTT.KCMLD,1.298858797647108,1,0,0
AMP,781.0,.KL.S...KCMLD,1.3144135778382433,1,0,0
AMP,781.0,.KL.S.T.KS.L.,3.204451319530206,1,1,0
AMP,781.0,.KL.S.TS.S..D,1.31156751065935,1,0,0
AMP,781.0,.KL.STT..SML.,0.7193737635468117,1,0,0
AMP,781.0,.KL.STT.KC.Q.,2.9488819874504726,1,1,0
AMP,781.0,.KLK.....S.QD,2.756273417512802,1,1,0
AMP,781.0,.KLK...SKCML.,3.004077934197241,1,1,0
AMP,781.0,.KLK..T..S.Q.,2.7734153767136536,1,1,0
AMP,781.0,.KLK..T.KSMQD,3.068652428648562,1,1,0
AMP,781.0,.KLK..TS.C.L.,0.6433438137604651,1,0,0
AMP,781.0,.KLK..TS.S.LD,3.2357976713389953,1,1,0
AMP,781.0,.KLK..TSKC.Q.,2.8549133420491346,1,1,0
AMP,781.0,.KLK..TSKCMLD,0.9836212772150048,1,0,0
AMP,781.0,.KLK.T...S.QD,1.1944185072472533,1,0,0
AMP,781.0,.KLK.T.S.C.LD,1.1892951802825749,1,0,0
AMP,781.0,.KLK.TT.K..L.,3.2149911711939145,1,1,0
AMP,781.0,.KLK.TTS.S.QD,3.9020139191528638,1,1,0
AMP,781.0,.KLKH.T.KCMQ.,0.86319162496145,1,0,0
AMP,781.0,.KLKH.TS.C.LD,3.190764632626325,1,1,0
AMP,781.0,.KLKH.TSKC.QD,3.205661529959595,1,1,0
AMP,781.0,.KLKHT...C...,1.2066110988763077,1,0,0
AMP,781.0,.KLKHT.SKS.LD,1.2694377008665507,1,0,0
AMP,781.0,.KLKHTT.KS.LD,2.990059040555736,1,1,0
AMP,781.0,.KLKHTTSK....,3.31460053697874,1,1,0
AMP,781.0,.KLKHTTSK..L.,1.0144438663218331,1,0,0
AMP,781.0,.KLKN..S.CMLD,1.011640638218802,1,0,0
AMP,781.0,.KLKN.T..SMQD,0.935932070078438,1,0,0
AMP,781.0,.KLKN.TS...LD,0.9739840889078488,1,0,0
AMP,781.0,.KLKN.TSKC.LD,0.775196915997752,3,0,0
AMP,781.0,.KLKNT...SMLD,3.0895712863371156,1,1,0
AMP,781.0,.KLKNT.SKCM.D,2.981711572101747,1,1,0
AMP,781.0,.KLKNTTSKSMQ.,2.892578556171026,1,1,0
AMP,781.0,.KLKS....CMLD,0.8015062921612555,1,0,0
AMP,781.0,.KLKS...KC.QD,0.7960391489053196,1,0,0
AMP,781.0,.KLKS...KSM..,3.331307189370525,1,1,0
AMP,781.0,.KLKS...KSML.,2.8944890708896343,1,0,0
AMP,781.0,.KLKS.T..CM.D,3.1778619936617876,1,1,0
AMP,781.0,.KLKS.T.KS.L.,2.6896149257081143,1,0,0
AMP,781.0,.KLKSTT.KC.L.,3.419293082548514,1,1,0
AMP,781.0,.KLKSTT.KCMQ.,0.6220179170641612,1,0,0
AMP,781.0,.KLKSTTSK.MQ.,3.2914451695158253,1,1,0
AMP,781.0,.KLKSTTSKCMQD,0.9050287434143295,1,0,0
AMP,781.0,.KV......C..D,0.6850208614564686,2,0,0
AMP,781.0,.KV.....KSML.,1.078030286719084,1,0,0
AMP,781.0,.KV.....KSMQD,0.7969425975619273,1,0,0
AMP,781.0,.KV....S.S.QD,1.0694340902549904,1,0,0
AMP,781.0,.KV...T.KS.QD,0.8059105495439717,3,0,0
AMP,781.0,.KV..T...SMQD,1.1644564501130892,1,0,0
AMP,781.0,.KV..T.S.SML.,0.9993296791589945,1,0,0
AMP,781.0,.KV..TT.KC...,1.301197995227766,1,0,0
AMP,781.0,.KV..TT.KS.Q.,0.753973358317012,3,0,0
AMP,781.0,.KV..TTS..ML.,0.8395488963238,1,0,0
AMP,781.0,.KV..TTS.S.QD,0.695601598934858,1,0,0
AMP,781.0,.KV.H..S.....,1.241103377880907,1,0,0
AMP,781.0,.KV.H..S.S.L.,0.8148857882444148,4,0,0
AMP,781.0,.KV.H..SKCMQD,0.6633202842153,1,0,0
AMP,781.0,.KV.H.T..C.QD,0.7966986427376358,1,0,0
AMP,781.0,.KV.H.T..SMQD,0.7944476410084628,1,0,0
AMP,781.0,.KV.H.TS.....,0.17609125905568124,1,0,0
AMP,781.0,.KV.H.TSK..QD,3.1532514050227296,1,1,0
AMP,781.0,.KV.H.TSK.M..,0.7460544772561838,1,0,0
AMP,781.0,.KV.HT.S.SMLD,2.800827456931695,1,1,0
AMP,781.0,.KV.HT.SKS.L.,1.1030712063151158,1,0,0
AMP,781.0,.KV.HTTS.....,1.2116031698445107,1,0,0
AMP,781.0,.KV.HTTS.CM..,1.1924572144800225,1,0,0
AMP,781.0,.KV.HTTSKS.L.,0.6397959985213879,1,0,0
AMP,781.0,.KV.N.TS.....,1.4138919248670496,1,0,0
AMP,781.0,.KV.N.TS.C.LD,3.1152099101226063,1,1,0
AMP,781.0,.KV.N.TSK....,3.4905972909304923,2,1,0
AMP,781.0,.KV.NT.S.CM..,1.3229956036798474,1,0,0
AMP,781.0,.KV.NT.S.CML.,0.5871169335801472,1,0,0
AMP,781.0,.KV.NTT.K.MQ.,0.8063051403007225,1,0,0
AMP,781.0,.KV.NTT.KC.LD,3.172186072398361,1,1,0
AMP,781.0,.KV.NTTS...Q.,1.1393915008367328,1,0,0
AMP,781.0,.KV.NTTSKC.QD,0.933210905450833,3,0,0
AMP,781.0,.KV.S..S.CM.D,3.2238097602515414,1,1,0
AMP,781.0,.KV.S..S.S..D,3.273247527321382,1,1,0
AMP,781.0,.KV.S.T.KS.LD,0.7654518180862109,1,0,0
AMP,781.0,.KV.S.TSKSMQD,3.0404372982957004,1,1,0
AMP,781.0,.KV.ST...SM.D,3.2254139605685914,2,1,0
AMP,781.0,.KV.ST..KC..D,1.2161408494957004,1,0,0
AMP,781.0,.KV.ST..KSMQ.,2.996559596162906,1,1,0
AMP,781.0,.KV.STT.KC.LD,1.1873093934301728,1,0,0
AMP,781.0,.KV.STTS...Q.,0.6903095184221542,1,0,0
AMP,781.0,.KV.STTSKS.Q.,3.098536728689032,1,1,0
AMP,781.0,.KVK..T..S.LD,1.1215257886850254,1,0,0
AMP,781.0,.KVK..T.KCM.D,0.8895627078619197,2,0,0
AMP,781.0,.KVK..TS..MQ.,0.7223076004432758,2,0,0
AMP,781.0,.KVK..TS.CM.D,3.3378781859394633,1,1,0
AMP,781.0,.KVK.TT..S.L.,3.1565980058259946,1,1,0
AMP,781.0,.KVK.TT..SMQD,0.9979935448898283,1,0,0
AMP,781.0,.KVKH....CML.,0.6408286560712684,1,0,0
AMP,781.0,.KVKH...KCM.D,0.6132184677355698,1,0,0
AMP,781.0,.KVKH..S.CMLD,3.185803023677194,1,1,0
AMP,781.0,.KVKH..SK.M..,0.17609125905568124,1,0,0
AMP,781.0,.KVKH..SKC.QD,0.9201721091160293,1,0,0
AMP,781.0,.KVKH..SKS...,1.4408873303407999,1,0,0
AMP,781.0,.KVKH.T.KC...,0.7830727718407737,2,0,0
AMP,781.0,.KVKH.TS....D,0.7643344680223022,1,0,0
AMP,781.0,.KVKH.TS.CM..,3.3564198962432186,1,1,0
AMP,781.0,.KVKH.TS.SM.D,3.2024933553908324,1,1,0
AMP,781.0,.KVKH.TSK.M.D,0.8999295435928455,1,0,0
AMP,781.0,.KVKHT...CMQ.,1.078177156817463,1,0,0
AMP,781.0,.KVKHTT.KC..D,0.7710554007306258,1,0,0
AMP,781.0,.KVKHTTS...Q.,0.5966984989612242,1,0,0
AMP,781.0,.KVKHTTSK...D,3.297634543608321,1,1,0
AMP,781.0,.KVKHTTSKS...,1.2450769729640305,1,0,0
AMP,781.0,.KVKN....CMQ.,3.1169387765781362,1,1,0
AMP,781.0,.KVKN...KCMQD,2.8464281245780207,1,1,0
AMP,781.0,.KVKN..SKCMQD,1.012764845810836,2,0,0
AMP,781.0,.KVKN.T.KCML.,0.17609125905568124,1,0,0
AMP,781.0,.KVKN.T.KS.Q.,1.2798791951124537,1,0,0
AMP,781.0,.KVKNT.S..MQD,0.8345063229062782,1,0,0
AMP,781.0,.KVKNT.S.CMQD,2.955005728482968,1,1,0
AMP,781.0,.KVKNTT..SMLD,3.1071864440387897,1,1,0
AMP,781.0,.KVKNTTS.SM..,1.1372803312632758,1,0,0
AMP,781.0,.KVKNTTSK.MQ.,3.167678021423325,2,1,0
AMP,781.0,.KVKS..S.C...,0.7739903008772072,1,0,0
AMP,781.0,.KVKS..SK...D,1.5971248095807198,1,0,0
AMP,781.0,.KVKS..SKCM.D,3.401122670826834,1,1,0
AMP,781.0,.KVKS.T...M.D,1.266447011851471,1,0,0
AMP,781.0,.KVKS.T.KSML.,1.3109985122656773,1,0,0
AMP,781.0,.KVKS.TS..MQD,1.0802754395387224,1,0,0
AMP,781.0,.KVKS.TSKSMQ.,0.9911726405882678,1,0,0
AMP,781.0,.KVKST.S...Q.,1.4997223603180985,1,0,0
AMP,781.0,.KVKST.S...QD,3.1580092836577656,1,1,0
AMP,781.0,.KVKST.S.C...,3.317344837127082,1,1,0
AMP,781.0,.KVKST.S.C.LD,3.1415982071607704,1,1,0
AMP,781.0,.KVKST.S.SMQD,0.5668190901189318,1,0,0
AMP,781.0,.KVKSTTS..MLD,3.3502294178011334,1,1,0
AMP,781.0,.KVKSTTS.SMQ.,2.965466906529764,1,1,0
AMP,781.0,P......S.CMQD,0.8813181485839894,1,0,0
AMP,781.0,P.....T.KSMQ.,0.841024797148626,1,0,0
AMP,781.0,P.....TS.S.QD,0.9993296791589945,1,0,0
AMP,781.0,P.....TS.SMLD,0.4449920956778722,1,0,0
AMP,781.0,P....T...S.LD,0.17609125905568124,1,0,0
AMP,781.0,P....T...SMQ.,0.7739903008772072,1,0,0
AMP,781.0,P....T.SKS.QD,0.8722868385259804,1,0,0
AMP,781.0,P....TT..CM..,0.6981669187541836,1,0,0
AMP,781.0,P....TT..SMLD,0.5928146986623595,1,0,0
AMP,781.0,P....TT.KCMQD,0.17609125905568124,1,0,0
AMP,781.0,P....TT.KS.LD,0.17609125905568124,1,0,0
AMP,781.0,P....TT.KSM.D,3.346249770567633,1,1,0
AMP,781.0,P....TT.KSMQD,0.8407379521818052,1,0,0
AMP,781.0,P....TTS..MQ.,0.17609125905568124,1,0,0
AMP,781.0,P....TTS.SML.,0.8189312518836793,1,0,0
AMP,781.0,P....TTSKS..D,0.7232741295366265,1,0,0
AMP,781.0,P....TTSKSMQ.,3.2538912910213633,1,1,0
AMP,781.0,P...H....CMQ.,3.1954217816464903,1,1,0
AMP,781.0,P...H...KS.LD,1.0317735281586038,1,0,0
AMP,781.0,P...H..SKSMLD,1.3592404264409135,1,0,0
AMP,781.0,P...H.T..SMLD,3.1294864685288277,1,1,0
AMP,781.0,P...H.T.KSMLD,0.7799615730681311,1,0,0
AMP,781.0,P...HT..KCMLD,0.17609125905568124,1,0,0
AMP,781.0,P...HT.SKS..D,1.0459156044712659,1,0,0
AMP,781.0,P...HTT..SM.D,3.05473260044653,1,1,0
AMP,781.0,P...HTT.KC.L.,3.125815238445439,1,1,0
AMP,781.0,P...HTTS.C..D,0.7535743240403208,3,0,0
AMP,781.0,P...HTTS.C.LD,1.203913933476753,1,0,0
AMP,781.0,P...N....SM.D,3.313754419321562,1,1,0
AMP,781.0,P...N...KCM.D,3.238229131968152,1,1,0
AMP,781.0,P...N..S.CML.,3.4788071634109956,1,1,0
AMP,781.0,P...N..S.SMQ.,1.1007442972832382,1,0,0
AMP,781.0,P...N..SKS.QD,1.4306105649971272,1,0,0
AMP,781.0,P...N.TS..MQD,3.1792297234644353,1,1,0
AMP,781.0,P...NT..KCMQ.,0.5958855757969512,1,0,0
AMP,781.0,P...NT.S.C.LD,3.3940695557520106,1,1,0
AMP,781.0,P...NT.S.C.Q.,3.151944431139503,1,1,0
AMP,781.0,P...NT.S.SML.,0.46184430473336896,1,0,0
AMP,781.0,P...NT.SK.MQ.,1.1272499772719866,1,0,0
AMP,781.0,P...NTTS.CMQ.,0.8171508791864869,2,0,0
AMP,781.0,P...NTTSK..LD,1.1058845308802143,1,0,0
AMP,781.0,P...NTTSKCM.D,0.17609125905568124,1,0,0
AMP,781.0,P...S.TS.C.Q.,1.2066903639713717,2,0,0
AMP,781.0,P...ST..KCMQD,0.778469465143601,1,0,0
AMP,781.0,P...ST.SKC..D,1.2514072007368129,1,0,0
AMP,781.0,P...ST.SKCML.,1.2005078526626802,1,0,0
AMP,781.0,P...STT..C.LD,3.536254248684417,1,1,0
AMP,781.0,P...STT..CMLD,0.17609125905568124,1,0,0
AMP,781.0,P...STT..SMQD,3.2353138106784702,1,1,0
AMP,781.0,P...STT.KS...,0.6584328246768971,1,0,0
AMP,781.0,P...STT.KS.LD,0.7193737635468117,1,0,0
AMP,781.0,P...STT.KSMQ.,1.0215529540537238,1,0,0
AMP,781.0,P...STTS.SM..,0.7891822079217529,1,0,0
AMP,781.0,P...STTSKC.L.,0.17609125905568124,1,0,0
AMP,781.0,P...STTSKS.Q.,1.2469494107109749,1,0,0
AMP,781.0,P..K...SKS.QD,1.103787657283503,1,0,0
AMP,781.0,P..K..TS.C...,0.17609125905568124,1,0,0
AMP,781.0,P..K.T..KC.QD,0.9926920517658049,1,0,0
AMP,781.0,P..K.T.S.C.L.,1.176906589787126,1,0,0
AMP,781.0,P..K.T.S.SML.,3.079018876116604,1,1,0
AMP,781.0,P..K.T.S.SMQD,0.17609125905568124,1,0,0
AMP,781.0,P..K.TT..S.QD,0.3072180298418178,2,0,0
AMP,781.0,P..K.TTS..M.D,1.0004256804031437,1,0,0
AMP,781.0,P..K.TTSKC..D,0.8266066551333339,1,0,0
AMP,781.0,P..K.TTSKSMQD,3.299617022796788,1,1,0
AMP,781.0,P..KH...KSML.,1.078177156817463,1,0,0
AMP,781.0,P..KH..SKCM.D,0.9645361886946697,1,0,0
AMP,781.0,P..KH..SKS.LD,0.767033044623041,1,0,0
AMP,781.0,P..KH.TSKC..D,1.1372803312632758,1,0,0
AMP,781.0,P..KHTT..CMQ.,0.17609125905568124,3,0,0
AMP,781.0,P..KHTT..S.L.,0.7290198425671982,1,0,0
AMP,781.0,P..KHTT..SMLD,0.9905371147385214,2,0,0
AMP,781.0,P..KHTT.KSMQD,3.142139110782694,1,1,0
AMP,781.0,P..KHTTS.S.Q.,3.1509609411500596,1,1,0
AMP,781.0,P..KHTTS.SML.,2.7569590633917302,1,1,0
AMP,781.0,P..KN..S.SMQD,0.6783268214216902,1,0,0
AMP,781.0,P..KN.TS.C..D,3.3591446939162295,1,1,0
AMP,781.0,P..KN.TS.C.L.,3.1187603226912257,1,1,0
AMP,781.0,P..KN.TS.CMQ.,0.9513520980132517,1,0,0
AMP,781.0,P..KN.TS.SM..,0.841024797148626,1,0,0
AMP,781.0,P..KNT..KCMQ.,1.4033309696018526,1,0,0
AMP,781.0,P..KNT.S.S.L.,1.2698165190124255,1,0,0
AMP,781.0,P..KNT.S.SM..,0.7739903008772072,1,0,0
AMP,781.0,P..KNTTS.C..D,0.81361031551897,1,0,0
AMP,781.0,P..KNTTS.C.LD,0.17609125905568124,1,0,0
AMP,781.0,P..KNTTS.C.QD,1.4759684885959823,1,0,0
AMP,781.0,P..KNTTS.CMQD,0.6220179170641612,1,0,0
AMP,781.0,P..KST.S...Q.,1.475953518826409,1,0,0
AMP,781.0,P..KST.S.S.L.,0.5707057034994577,1,0,0
AMP,781.0,P..KST.S.SMLD,0.17609125905568124,1,0,0
AMP,781.0,P..KST.S.SMQD,3.2206669957076666,1,1,0
AMP,781.0,P..KSTT.KC.Q.,3.099082829869795,2,1,0
AMP,781.0,P..KSTTS.C.Q.,0.4793039764661117,1,0,0
AMP,781.0,P..KSTTS.S.QD,0.40736155822019093,1,0,0
AMP,781.0,P.L.......MQD,1.6516753929255614,1,0,0
AMP,781.0,P.L......C.L.,0.6725258973675619,1,0,0
AMP,781.0,P.L......S.LD,3.2318790225210696,1,1,0
AMP,781.0,P.L....S.SMQ.,0.8154887402018881,4,0,0
AMP,781.0,P.L...T.KS.Q.,0.3506851980549508,2,0,0
AMP,781.0,P.L...TS.CM..,3.145488202543276,1,1,0
AMP,781.0,P.L..T.S.CMLD,0.7232741295366265,1,0,0
AMP,781.0,P.L..T.SKSM.D,3.777502523930752,1,1,0
AMP,781.0,P.L..TT.KCMQD,0.6165134380892427,1,0,0
AMP,781.0,P.L..TTS.SML.,0.17609125905568124,1,0,0
AMP,781.0,P.L..TTSKCMLD,3.0218333157380544,1,1,0
AMP,781.0,P.L.H....SML.,1.0738357705771842,1,0,0
AMP,781.0,P.L.H...KCM.D,0.8999295435928455,1,0,0
AMP,781.0,P.L.H...KS.QD,0.7891822079217529,1,0,0
AMP,781.0,P.L.H...KSMQ.,0.8449682596494941,1,0,0
AMP,781.0,P.L.H..S.SML.,1.4940558714291376,1,0,0
AMP,781.0,P.L.H.TS.....,0.7095770403652736,1,0,0
AMP,781.0,P.L.H.TSKC.Q.,3.28322954999126,2,1,0
AMP,781.0,P.L.HT..KS.L.,3.578920778379049,1,1,0
AMP,781.0,P.L.HT.S.S.LD,3.1941327207225076,1,1,0
AMP,781.0,P.L.HT.S.SM.D,0.8407379521818052,1,0,0
AMP,781.0,P.L.HT.SKCM..,0.8407379521818052,1,0,0
AMP,781.0,P.L.HTT..SML.,3.322973143223726,2,1,0
AMP,781.0,P.L.HTT.K...D,3.5828447913051273,1,1,0
AMP,781.0,P.L.HTT.KC.LD,0.17609125905568124,2,0,0
AMP,781.0,P.L.HTTS.CML.,0.8485231235738493,1,0,0
AMP,781.0,P.L.HTTS.CMLD,0.17609125905568124,1,0,0
AMP,781.0,P.L.HTTSK...D,0.9836212772150048,1,0,0
AMP,781.0,P.L.HTTSKS..D,0.5542812344336898,1,0,0
AMP,781.0,P.L.N....C.LD,1.1009817336096444,1,0,0
AMP,781.0,P.L.N....CM..,1.0317735281586038,1,0,0
AMP,781.0,P.L.N....S..D,0.6064448152876536,1,0,0
AMP,781.0,P.L.N.T.KCM.D,3.077602631297774,1,1,0
AMP,781.0,P.L.N.TS.CML.,1.0164306604414848,1,0,0
AMP,781.0,P.L.N.TS.CMLD,0.5031361311234912,1,0,0
AMP,781.0,P.L.N.TSKC.Q.,0.5592854947494827,1,0,0
AMP,781.0,P.L.N.TSKC.QD,1.1915123765574127,2,0,0
AMP,781.0,P.L.NT...S.LD,0.8166116070714947,1,0,0
AMP,781.0,P.L.NT.S.S.L.,0.17609125905568124,1,0,0
AMP,781.0,P.L.NTT.K.MQD,0.17609125905568124,1,0,0
AMP,781.0,P.L.NTT.KC...,0.7840197100923139,1,0,0
AMP,781.0,P.L.NTT.KCM.D,0.17609125905568124,2,0,0
AMP,781.0,P.L.NTT.KSMQD,0.7210129064841599,2,0,0
AMP,781.0,P.L.NTTS.C.QD,3.210555812026987,1,1,0
AMP,781.0,P.L.NTTS.SM..,0.17609125905568124,1,0,0
AMP,781.0,P.L.NTTS.SMLD,3.690255692380153,1,1,0
AMP,781.0,P.L.NTTSKSMQD,0.17609125905568124,1,0,0
AMP,781.0,P.L.S....CMLD,3.4959565701774906,1,1,0
AMP,781.0,P.L.S....S.L.,3.146380206080495,1,1,0
AMP,781.0,P.L.S....S.QD,0.8245554985663123,1,0,0
AMP,781.0,P.L.S...KCM.D,3.3056672548274615,1,1,0
AMP,781.0,P.L.S..SKC..D,1.027889674127867,1,0,0
AMP,781.0,P.L.S.T..CMLD,0.17609125905568124,1,0,0
AMP,781.0,P.L.S.TS.SMQ.,0.5767610271809611,1,0,0
AMP,781.0,P.L.S.TSKCM..,0.8777542813186155,3,0,0
AMP,781.0,P.L.ST...CMQD,0.17609125905568124,1,0,0
AMP,781.0,P.L.ST...SMQ.,0.17609125905568124,1,0,0
AMP,781.0,P.L.ST.S.C.LD,0.7295856147067323,1,0,0
AMP,781.0,P.L.ST.S.CM.D,0.8266066551333339,1,0,0
AMP,781.0,P.L.ST.S.CML.,0.17609125905568124,1,0,0
AMP,781.0,P.L.ST.S.S.Q.,0.17609125905568124,1,0,0
AMP,781.0,P.L.ST.SKC.LD,1.315740142966435,1,0,0
AMP,781.0,P.L.ST.SKSMLD,0.3600324607662415,2,0,0
AMP,781.0,P.L.STT..S...,1.037355061077988,1,0,0
AMP,781.0,P.L.STTS..MQ.,0.17609125905568124,1,0,0
AMP,781.0,P.L.STTS.SM.D,0.17609125905568124,1,0,0
AMP,781.0,P.L.STTSK..QD,3.1207300272139324,1,1,0
AMP,781.0,P.L.STTSKC.L.,0.6584328246768971,1,0,0
AMP,781.0,P.LK.....CMQD,3.400792738962295,2,1,0
AMP,781.0,P.LK.....S..D,0.812905451110649,1,0,0
AMP,781.0,P.LK.....SMQ.,0.9355682357761882,3,0,0
AMP,781.0,P.LK...S.CMQ.,0.6433438137604651,1,0,0
AMP,781.0,P.LK..T..CMLD,3.094101488974657,1,1,0
AMP,781.0,P.LK..T..SMLD,0.6852692155920418,2,0,0
AMP,781.0,P.LK..T.KCMLD,0.7840197100923139,1,0,0
AMP,781.0,P.LK..TSKC.L.,3.261393892820584,1,1,0
AMP,781.0,P.LK.T..KCM..,0.6774285603724304,1,0,0
AMP,781.0,P.LK.T.SKS.L.,1.0924000512397654,1,0,0
AMP,781.0,P.LK.T.SKSM..,1.5943760702972047,1,0,0
AMP,781.0,P.LK.TT....LD,0.8015062921612555,1,0,0
AMP,781.0,P.LK.TT.K.ML.,3.6452219277995126,2,1,0
AMP,781.0,P.LK.TT.KS...,0.17609125905568124,1,0,0
AMP,781.0,P.LK.TTS..MLD,0.9418711926130482,1,0,0
AMP,781.0,P.LK.TTS.C..D,2.889926069269602,1,1,0
AMP,781.0,P.LK.TTS.CMLD,3.062161334382462,1,1,0
AMP,781.0,P.LK.TTS.S.QD,0.17609125905568124,6,0,0
AMP,781.0,P.LKH..S.S.LD,0.8108732730095218,1,0,0
AMP,781.0,P.LKH..SKC..D,0.9418711926130482,1,0,0
AMP,781.0,P.LKH.T...M..,3.218029897167798,1,1,0
AMP,781.0,P.LKH.T..S.L.,0.687563877446755,1,0,0
AMP,781.0,P.LKH.T.KC...,0.8407379521818054,1,0,0
AMP,781.0,P.LKH.T.KSMLD,0.8813181485839894,1,0,0
AMP,781.0,P.LKH.TS..MQD,1.3322781452932084,1,0,0
AMP,781.0,P.LKHT....MQD,3.601442334480904,1,1,0
AMP,781.0,P.LKHT...C.Q.,0.5707057034994577,1,0,0
AMP,781.0,P.LKHT...CMQD,1.0520832501873927,1,0,0
AMP,781.0,P.LKHT...S.LD,0.17609125905568124,1,0,0
AMP,781.0,P.LKHT..KS...,3.50952738213257,1,1,0
AMP,781.0,P.LKHT.SKCML.,3.3033956192351335,1,1,0
AMP,781.0,P.LKHTT..C...,0.6165134380892427,1,0,0
AMP,781.0,P.LKHTT.KCMQ.,0.17609125905568124,1,0,0
AMP,781.0,P.LKHTT.KS.LD,0.8722868385259804,1,0,0
AMP,781.0,P.LKHTT.KSMQ.,3.4112123764749906,2,1,0
AMP,781.0,P.LKHTTS.C.L.,3.0078502059334937,1,1,0
AMP,781.0,P.LKHTTSKC.LD,3.0826043352518027,2,1,0
AMP,781.0,P.LKHTTSKSM.D,0.709274217847892,1,0,0
AMP,781.0,P.LKN...KSML.,3.2385687485204673,1,1,0
AMP,781.0,P.LKN..S.CM.D,3.1275381453392357,1,1,0
AMP,781.0,P.LKN..S.SM.D,0.7614318845146728,1,0,0
AMP,781.0,P.LKN..SKCML.,0.17609125905568124,1,0,0
AMP,781.0,P.LKNT....MQD,1.187197988502589,1,0,0
AMP,781.0,P.LKNT..KSM..,3.3346166943233757,1,1,0
AMP,781.0,P.LKNT.SK..L.,1.2449170974911168,1,0,0
AMP,781.0,P.LKNT.SK.MLD,0.8053015229354757,1,0,0
AMP,781.0,P.LKNT.SKS.L.,3.517812504309565,1,1,0
AMP,781.0,P.LKNT.SKSML.,0.17609125905568124,1,0,0
AMP,781.0,P.LKNTT....L.,1.2864422649224099,1,0,0
AMP,781.0,P.LKNTT..SM.D,1.0761458078469617,1,0,0
AMP,781.0,P.LKNTTSKS..D,3.134591434379538,1,1,0
AMP,781.0,P.LKS....CM.D,0.9659261383879023,2,0,0
AMP,781.0,P.LKS....S.Q.,0.7130956187015685,1,0,0
AMP,781.0,P.LKS...KC...,0.8319260616717165,1,0,0
AMP,781.0,P.LKS..S.CMQD,0.17609125905568124,1,0,0
AMP,781.0,P.LKS.T..S.Q.,0.17609125905568124,1,0,0
AMP,781.0,P.LKS.TS...L.,3.0153167736990576,1,1,0
AMP,781.0,P.LKS.TS..MQ.,0.9762603246406858,1,0,0
AMP,781.0,P.LKS.TS.CM..,1.0806785845998366,1,0,0
AMP,781.0,P.LKST....MQ.,0.9171952215244885,1,0,0
AMP,781.0,P.LKST...CML.,2.7457616852302533,1,1,0
AMP,781.0,P.LKST..KC.L.,3.277963658752309,2,1,0
AMP,781.0,P.LKST.S.SMQD,0.5439736624768018,1,0,0
AMP,781.0,P.LKST.SK.M.D,0.6725258973675619,1,0,0
AMP,781.0,P.LKST.SKCMQ.,0.17609125905568124,1,0,0
AMP,781.0,P.LKSTT.K..LD,3.115368488237735,1,1,0
AMP,781.0,P.LKSTT.KC..D,0.844129111470024,1,0,0
AMP,781.0,P.LKSTT.KS...,3.044340801079154,1,1,0
AMP,781.0,P.LKSTTS.....,0.6852831498009834,1,0,0
AMP,781.0,P.LKSTTS.S..D,0.5031361311234912,1,0,0
AMP,781.0,P.LKSTTS.S.Q.,3.1391777399676695,1,1,0
AMP,781.0,P.V....S.C.L.,0.911912746604258,1,0,0
AMP,781.0,P.V....SKCMQD,0.892203188055497,1,0,0
AMP,781.0,P.V...T.KS.LD,0.6312115465774285,1,0,0
AMP,781.0,P.V...T.KSMQD,0.7373904454531625,1,0,0
AMP,781.0,P.V...TSK...D,1.18412052423492,5,0,0
AMP,781.0,P.V...TSKSMQ.,3.083480577394024,1,1,0
AMP,781.0,P.V..T...C.L.,0.17609125905568124,1,0,0
AMP,781.0,P.V..T...SMQ.,0.17609125905568124,1,0,0
AMP,781.0,P.V..T..KC.QD,0.9510007258358436,1,0,0
AMP,781.0,P.V..T.S.S.L.,3.1126949406786246,1,1,0
AMP,781.0,P.V..T.S.S.Q.,0.17609125905568124,1,0,0
AMP,781.0,P.V..T.S.SMLD,0.17609125905568124,1,0,0
AMP,781.0,P.V..T.SKCM.D,3.4983073673335143,1,1,0
AMP,781.0,P.V..TT..CMQ.,0.17609125905568124,2,0,0
AMP,781.0,P.V..TT..SM.D,3.2475751648459084,1,1,0
AMP,781.0,P.V..TT..SMQD,0.49540869764472395,1,0,0
AMP,781.0,P.V..TT.KCMLD,3.34141494705614,1,1,0
AMP,781.0,P.V..TT.KSM.D,0.17609125905568124,1,0,0
AMP,781.0,P.V..TTS.SMQD,1.1578792998882599,1,0,0
AMP,781.0,P.V.H....SMLD,0.9870795039701359,1,0,0
AMP,781.0,P.V.H...KCMQD,1.0479192187025081,1,0,0
AMP,781.0,P.V.H..S.....,0.8777810774321961,4,0,0
AMP,781.0,P.V.H..S.CMLD,0.8637564112437479,2,0,0
AMP,781.0,P.V.H..S.S...,1.3557528023714307,1,0,0
AMP,781.0,P.V.H..SKC.Q.,1.1194667345216665,1,0,0
AMP,781.0,P.V.H..SKS.QD,1.1437591857645923,1,0,0
AMP,781.0,P.V.H..SKSMQ.,3.433415666054258,1,1,0
AMP,781.0,P.V.H.TS....D,0.17609125905568124,1,0,0
AMP,781.0,P.V.H.TSKS.QD,0.5058596938476504,1,0,0
AMP,781.0,P.V.HT..KC..D,0.7596394545598852,1,0,0
AMP,781.0,P.V.HT..KS.QD,0.9762603246406858,1,0,0
AMP,781.0,P.V.HT.S.C...,0.7130956187015685,1,0,0
AMP,781.0,P.V.HT.S.C.LD,3.4005179583080913,1,1,0
AMP,781.0,P.V.HT.S.C.Q.,3.446909684575536,2,1,0
AMP,781.0,P.V.HT.SKS...,0.904310739201718,1,0,0
AMP,781.0,P.V.HTT..CM.D,3.42106774644169,1,1,0
AMP,781.0,P.V.HTT..S..D,0.5485464273587018,1,0,0
AMP,781.0,P.V.HTT..SML.,0.6238624923333356,2,0,0
AMP,781.0,P.V.HTTS..M.D,3.435249668360573,1,1,0
AMP,781.0,P.V.HTTS.S.LD,0.9748026659346014,1,0,0
AMP,781.0,P.V.HTTSK..Q.,3.4359765999579257,1,1,0
AMP,781.0,P.V.HTTSKS.LD,2.886539822193894,1,1,0
AMP,781.0,P.V.N....CML.,0.5573012998541828,1,0,0
AMP,781.0,P.V.N..S.....,1.4092139439184044,1,0,0
AMP,781.0,P.V.N.T..C.QD,3.1555926875276996,3,1,0
AMP,781.0,P.V.N.T.KCMLD,3.2221925090852146,2,1,0
AMP,781.0,P.V.N.TSK..L.,1.372679337432057,1,0,0
AMP,781.0,P.V.N.TSKSMQD,0.7772133784655892,2,0,0
AMP,781.0,P.V.NT...SMLD,0.4398210864716427,1,0,0
AMP,781.0,P.V.NT..KS.Q.,0.17609125905568124,1,0,0
AMP,781.0,P.V.NT..KSM..,3.0131411899867335,1,1,0
AMP,781.0,P.V.NT.S.....,3.3825762013520637,1,1,0
AMP,781.0,P.V.NT.S.C..D,0.6354296741595781,1,0,0
AMP,781.0,P.V.NT.S.S.QD,0.781560777176566,1,0,0
AMP,781.0,P.V.NT.S.SM.D,0.6740337151728191,1,0,0
AMP,781.0,P.V.NT.SKCM..,3.2522501502994148,1,1,0
AMP,781.0,P.V.NTT.KC.Q.,0.17609125905568124,1,0,0
AMP,781.0,P.V.NTTS.CMLD,2.909967247629165,1,1,0
AMP,781.0,P.V.NTTS.SM.D,3.291872427041993,1,1,0
AMP,781.0,P.V.NTTSKCML.,0.650901725634941,1,0,0
AMP,781.0,P.V.NTTSKCMQ.,0.17609125905568124,1,0,0
AMP,781.0,P.V.S...KSMQ.,0.9132713229695322,1,0,0
AMP,781.0,P.V.S..S....D,1.2650593019628333,1,0,0
AMP,781.0,P.V.S..S.CML.,3.5981101610449704,1,1,0
AMP,781.0,P.V.S.T.KCMQD,3.16570942137276,1,1,0
AMP,781.0,P.V.S.T.KSMQ.,3.170623778170379,1,1,0
AMP,781.0,P.V.S.TS.....,3.2921006990525687,1,1,0
AMP,781.0,P.V.S.TS..MLD,3.1810843431791813,2,1,0
AMP,781.0,P.V.ST...S.LD,0.9904526736430243,1,0,0
AMP,781.0,P.V.ST..K.MQD,0.45598909933241083,1,0,0
AMP,781.0,P.V.ST..KS.LD,0.17609125905568124,1,0,0
AMP,781.0,P.V.ST.S..M.D,0.624801457109241,1,0,0
AMP,781.0,P.V.ST.SK.MQ.,0.624801457109241,1,0,0
AMP,781.0,P.V.ST.SKC.L.,3.3214507103060584,1,1,0
AMP,781.0,P.V.ST.SKCM..,0.39204573911202817,1,0,0
AMP,781.0,P.V.ST.SKCMQD,0.7643344680223022,1,0,0
AMP,781.0,P.V.STT....QD,3.197141812205438,1,1,0
AMP,781.0,P.V.STT.K.M..,0.8536327784634937,1,0,0
AMP,781.0,P.V.STT.KCM..,0.17609125905568124,2,0,0
AMP,781.0,P.V.STTS.C.L.,3.397120384649574,1,1,0
AMP,781.0,P.V.STTSK...D,0.7586990711366719,1,0,0
AMP,781.0,P.V.STTSKSM..,0.5527461709000511,1,0,0
AMP,781.0,P.VK.....CM.D,0.4751790897851284,1,0,0
AMP,781.0,P.VK....KSMQ.,3.612179999838086,1,1,0
AMP,781.0,P.VK..T..SML.,0.8053015229354759,1,0,0
AMP,781.0,P.VK..TSK.M..,0.2309972658033354,11,0,0
AMP,781.0,P.VK.T..KC..D,0.17609125905568124,2,0,0
AMP,781.0,P.VK.T.S.C.L.,0.17609125905568124,1,0,0
AMP,781.0,P.VK.T.S.SMQ.,3.2976700572003423,1,1,0
AMP,781.0,P.VK.TT..CMLD,3.4757094946100575,1,1,0
AMP,781.0,P.VK.TT.KC.Q.,0.5742858581858494,1,0,0
AMP,781.0,P.VK.TT.KCML.,0.17609125905568124,1,0,0
AMP,781.0,P.VK.TT.KCMQ.,3.3808027790475674,1,1,0
AMP,781.0,P.VK.TT.KSM.D,3.2415160343399183,2,1,0
AMP,781.0,P.VKH..SK....,0.17609125905568124,1,0,0
AMP,781.0,P.VKH..SK...D,0.6581517557526052,1,0,0
AMP,781.0,P.VKH..SKCM..,3.6114114531793233,1,1,0
AMP,781.0,P.VKH.T.KSM..,3.4185987183736426,1,1,0
AMP,781.0,P.VKH.TS...L.,3.473955863432392,1,1,0
AMP,781.0,P.VKH.TS..MQ.,3.1730020799290157,1,1,0
AMP,781.0,P.VKH.TSK....,3.3197120970620384,1,1,0
AMP,781.0,P.VKH.TSKS.Q.,0.7877350103847813,2,0,0
AMP,781.0,P.VKHT...C...,3.0889797709676294,1,1,0
AMP,781.0,P.VKHT..KC.LD,0.17609125905568124,1,0,0
AMP,781.0,P.VKHT.S...QD,0.17609125905568124,1,0,0
AMP,781.0,P.VKHT.S.S..D,0.17609125905568124,1,0,0
AMP,781.0,P.VKHTT...ML.,0.6774285603724304,1,0,0
AMP,781.0,P.VKHTT..CMQD,3.1613840019518245,1,1,0
AMP,781.0,P.VKHTT.KSM..,0.8924226423439352,1,0,0
AMP,781.0,P.VKHTTS...L.,0.5889320089919892,1,0,0
AMP,781.0,P.VKHTTSK.MLD,0.4697408328036397,1,0,0
AMP,781.0,P.VKN..S.C.LD,0.49540869764472395,1,0,0
AMP,781.0,P.VKN..S.S..D,0.7739903008772072,1,0,0
AMP,781.0,P.VKN..S.SM..,0.9645361886946697,1,0,0
AMP,781.0,P.VKN..S.SM.D,0.17609125905568124,1,0,0
AMP,781.0,P.VKN..SK....,1.527758353023715,1,0,0
AMP,781.0,P.VKN..SK.M..,3.6808061486543644,1,1,0
AMP,781.0,P.VKN.T..S.QD,3.055277354290701,1,1,0
AMP,781.0,P.VKN.T.KC.LD,0.9241775530458702,2,0,0
AMP,781.0,P.VKN.T.KSMQD,0.5640089121628776,1,0,0
AMP,781.0,P.VKN.TS....D,0.9878644223955877,2,0,0
AMP,781.0,P.VKN.TS.SMQ.,0.4834322572361165,4,0,0
AMP,781.0,P.VKN.TSKC..D,0.4498917540690538,1,0,0
AMP,781.0,P.VKN.TSKCMLD,1.0679777589662627,5,0,0
AMP,781.0,P.VKN.TSKCMQ.,3.080400608894982,1,1,0
AMP,781.0,P.VKNT..KC.L.,0.7513777890721558,1,0,0
AMP,781.0,P.VKNT..KC.QD,0.4917154548389489,1,0,0
AMP,781.0,P.VKNT..KCM..,0.8189312518836793,1,0,0
AMP,781.0,P.VKNT.S...Q.,0.778469465143601,1,0,0
AMP,781.0,P.VKNTTS.C.L.,1.0188153163088336,4,0,0
AMP,781.0,P.VKNTTS.C.LD,2.8062782736225165,1,1,0
AMP,781.0,P.VKNTTS.CM.D,1.118186387753113,1,0,0
AMP,781.0,P.VKNTTS.S.LD,0.17609125905568124,1,0,0
AMP,781.0,P.VKNTTSKSM.D,3.230042358274212,1,1,0
AMP,781.0,P.VKS...KS.Q.,0.5480787561299276,1,0,0
AMP,781.0,P.VKS..S.CML.,0.3600324607662415,2,0,0
AMP,781.0,P.VKS..S.SMQD,0.8785483718484111,1,0,0
AMP,781.0,P.VKS..SKS..D,2.883377334597073,1,1,0
AMP,781.0,P.VKS.T..CMQD,2.9482494147066336,2,1,0
AMP,781.0,P.VKS.T.KC.Q.,0.4751790897851284,1,0,0
AMP,781.0,P.VKS.T.KCM.D,0.8819399754359113,4,0,0
AMP,781.0,P.VKS.TSK...D,0.7379907056076557,3,0,0
AMP,781.0,P.VKS.TSKSMQ.,3.1538171271712896,1,1,0
AMP,781.0,P.VKST.....Q.,0.9843073163883452,1,0,0
AMP,781.0,P.VKST....MQ.,0.17609125905568124,1,0,0
AMP,781.0,P.VKST...C.LD,3.134309947098045,3,1,0
AMP,781.0,P.VKST..KSMLD,0.757932243987369,2,0,0
AMP,781.0,P.VKST.SKSM.D,0.17609125905568124,1,0,0
AMP,781.0,P.VKSTT..CMLD,0.6981669187541836,1,0,0
AMP,781.0,P.VKSTT.K..Q.,1.3210872092171382,1,0,0
AMP,781.0,P.VKSTT.KS.Q.,0.5248893897002619,2,0,0
AMP,781.0,P.VKSTTSK..L.,1.3771934618702328,1,0,0
AMP,781.0,P.VKSTTSKCM..,0.17609125905568124,1,0,0
AMP,781.0,PK......KCMQD,0.7095330592313581,1,0,0
AMP,781.0,PK....T.KC..D,0.5742858581858494,1,0,0
AMP,781.0,PK....TS.....,3.265038053179725,2,1,0
AMP,781.0,PK....TS.C.QD,0.17609125905568124,1,0,0
AMP,781.0,PK...T...CMLD,0.17609125905568124,4,0,0
AMP,781.0,PK...T...S.L.,3.246476430674285,1,1,0
AMP,781.0,PK...T..KS.Q.,3.3645116913580084,1,1,0
AMP,781.0,PK...T..KS.QD,0.17609125905568124,1,0,0
AMP,781.0,PK...T.SKS..D,0.6633202842153,1,0,0
AMP,781.0,PK...TT..C.L.,0.17609125905568124,8,0,0
AMP,781.0,PK...TT..S...,3.4130018845607117,1,1,0
AMP,781.0,PK...TTS...LD,0.17609125905568124,1,0,0
AMP,781.0,PK...TTS.CMLD,0.17609125905568124,1,0,0
AMP,781.0,PK...TTS.S.L.,0.17609125905568124,1,0,0
AMP,781.0,PK...TTS.SMQ.,0.17609125905568124,1,0,0
AMP,781.0,PK...TTSKS.Q.,2.974339366214594,1,1,0
AMP,781.0,PK..H..S.C.L.,0.6043103306517341,1,0,0
AMP,781.0,PK..H..SKS.LD,3.0645857738264235,1,1,0
AMP,781.0,PK..H.T.KS..D,1.3035718718006057,1,0,0
AMP,781.0,PK..H.TSKCMQ.,3.340971256704604,1,1,0
AMP,781.0,PK..H.TSKS.QD,0.6132184677355698,1,0,0
AMP,781.0,PK..HT...CML.,0.740242563549614,1,0,0
AMP,781.0,PK..HT..KS.QD,3.362160076732467,1,1,0
AMP,781.0,PK..HT.SK.MQD,0.9926920517658049,1,0,0
AMP,781.0,PK..HT.SKSMQD,0.17609125905568124,1,0,0
AMP,781.0,PK..HTT..C.Q.,0.6740337151728191,1,0,0
AMP,781.0,PK..HTT.KC.QD,0.17609125905568124,1,0,0
AMP,781.0,PK..HTT.KS.L.,0.17609125905568124,9,0,0
AMP,781.0,PK..HTTS.S..D,0.6132184677355698,1,0,0
AMP,781.0,PK..HTTSKCMQD,0.3590896907895566,2,0,0
AMP,781.0,PK..N..SKC..D,0.928473964861946,1,0,0
AMP,781.0,PK..N..SKS.L.,0.812905451110649,1,0,0
AMP,781.0,PK..N.T..C...,3.241837142372013,1,1,0
AMP,781.0,PK..N.T..S..D,0.9418711926130482,1,0,0
AMP,781.0,PK..NT..KCMLD,0.17609125905568124,2,0,0
AMP,781.0,PK..NT.S.CML.,3.3883914252037517,1,1,0
AMP,781.0,PK..NT.SKS.Q.,0.17609125905568124,1,0,0
AMP,781.0,PK..NTT..CMQD,0.17609125905568124,1,0,0
AMP,781.0,PK..NTTS...LD,0.9201721091160293,1,0,0
AMP,781.0,PK..S...KSMLD,0.9160126610976819,1,0,0
AMP,781.0,PK..S.T.KSMQ.,1.0768598999777845,1,0,0
AMP,781.0,PK..S.TS.SMQD,0.8306349951409273,1,0,0
AMP,781.0,PK..ST...CM..,2.924032582179692,1,1,0
AMP,781.0,PK..ST...CM.D,0.6354296741595781,1,0,0
AMP,781.0,PK..ST..KCM.D,0.17609125905568124,1,0,0
AMP,781.0,PK..ST..KSMLD,3.199391556003867,1,1,0
AMP,781.0,PK..ST.S..MQD,0.17609125905568124,1,0,0
AMP,781.0,PK..ST.SKC..D,0.17609125905568124,1,0,0
AMP,781.0,PK..STT.K.MLD,0.9843073163883452,1,0,0
AMP,781.0,PK..STT.KSMQD,0.17609125905568124,1,0,0
AMP,781.0,PK..STTS....D,3.427629660657112,1,1,0
AMP,781.0,PK..STTSK.M.D,0.7596394545598852,1,0,0
AMP,781.0,PK.K...S.CML.,0.8722868385259804,1,0,0
AMP,781.0,PK.K...S.S.QD,3.0756174239075076,1,1,0
AMP,781.0,PK.K..T..CMQ.,0.8903028353688692,1,0,0
AMP,781.0,PK.K..T..SMQ.,0.17609125905568124,1,0,0
AMP,781.0,PK.K..TS.CMQD,0.17609125905568124,1,0,0
AMP,781.0,PK.K.T..KC..D,0.17609125905568124,1,0,0
AMP,781.0,PK.K.T..KC.QD,3.5391812194540124,2,1,0
AMP,781.0,PK.K.T..KCMQ.,3.544812472351635,1,1,0
AMP,781.0,PK.K.T..KS.L.,0.17609125905568124,2,0,0
AMP,781.0,PK.K.T.S.SM..,3.352484273233759,1,1,0
AMP,781.0,PK.K.TT..CM.D,0.6981669187541836,1,0,0
AMP,781.0,PK.K.TT..S..D,3.3964934670094378,1,1,0
AMP,781.0,PK.K.TT.KC...,0.17609125905568124,1,0,0
AMP,781.0,PK.K.TT.KCML.,0.17609125905568124,1,0,0
AMP,781.0,PK.K.TTS.C.QD,0.17609125905568124,1,0,0
AMP,781.0,PK.K.TTS.CM.D,0.17609125905568124,1,0,0
AMP,781.0,PK.KH...KC.LD,1.168271065595074,2,0,0
AMP,781.0,PK.KH.T..C.QD,0.17609125905568124,1,0,0
AMP,781.0,PK.KH.T..S...,3.1531119216616714,1,1,0
AMP,781.0,PK.KH.T.KCMQD,0.8063051403007225,1,0,0
AMP,781.0,PK.KH.TSKS...,1.3235719720205408,2,0,0
AMP,781.0,PK.KH.TSKSMLD,3.0940458358320875,1,1,0
AMP,781.0,PK.KH.TSKSMQD,0.5485464273587018,1,0,0
AMP,781.0,PK.KHT...CML.,3.4388257756982203,1,1,0
AMP,781.0,PK.KHT...SMLD,0.3873579154219052,1,0,0
AMP,781.0,PK.KHT.SK.ML.,1.495275675014117,1,0,0
AMP,781.0,PK.KHTT.KCMQD,3.4752429172449246,1,1,0
AMP,781.0,PK.KHTTS.S.LD,0.6882683650122575,1,0,0
AMP,781.0,PK.KHTTS.SML.,0.5100179110949834,1,0,0
AMP,781.0,PK.KN...KS.L.,1.2173368491947498,1,0,0
AMP,781.0,PK.KN..S.SM..,1.6434272309828182,1,0,0
AMP,781.0,PK.KN..SKCMQ.,0.6584328246768973,1,0,0
AMP,781.0,PK.KN.T.KS.LD,1.2366775616361498,1,0,0
AMP,781.0,PK.KN.TS.SMQD,0.42546697783903514,1,0,0
AMP,781.0,PK.KN.TSKCMLD,0.9645361886946697,1,0,0
AMP,781.0,PK.KNT..KC.Q.,0.9201721091160293,1,0,0
AMP,781.0,PK.KNT.S..MQD,1.0164306604414848,1,0,0
AMP,781.0,PK.KNT.S.C...,0.3752411224611448,1,0,0
AMP,781.0,PK.KNTT..CM..,3.875837432797818,1,1,0
AMP,781.0,PK.KNTTS.C.L.,0.17609125905568124,1,0,0
AMP,781.0,PK.KNTTS.S...,3.3178613180905616,2,1,0
AMP,781.0,PK.KNTTSK..Q.,1.221707879172734,1,0,0
AMP,781.0,PK.KNTTSK.MQD,0.7998626668520225,1,0,0
AMP,781.0,PK.KNTTSKC.Q.,0.6165134380892427,1,0,0
AMP,781.0,PK.KS.T..SML.,2.982010623249846,1,1,0
AMP,781.0,PK.KS.TS.....,1.2558466308389258,1,0,0
AMP,781.0,PK.KS.TS.S.LD,0.6216087071122132,1,0,0
AMP,781.0,PK.KS.TSKCM.D,0.665950680762278,1,0,0
AMP,781.0,PK.KS.TSKCMQ.,1.057681321435478,1,0,0
AMP,781.0,PK.KST...S..D,0.5427636773499844,2,0,0
AMP,781.0,PK.KST..KC.QD,0.3743881196161246,1,0,0
AMP,781.0,PK.KST.S.C...,1.0164306604414848,1,0,0
AMP,781.0,PK.KST.S.CM.D,0.17609125905568124,1,0,0
AMP,781.0,PK.KST.SK..QD,1.187197988502589,1,0,0
AMP,781.0,PK.KST.SKSM..,3.9064605854985937,1,1,0
AMP,781.0,PK.KSTT.K.MQD,0.17609125905568124,1,0,0
AMP,781.0,PK.KSTT.KC...,3.4516516797105905,1,1,0
AMP,781.0,PK.KSTT.KC.L.,3.0185375819701687,1,0,0
AMP,781.0,PK.KSTT.KS..D,3.7154026730207654,1,1,0
AMP,781.0,PK.KSTTSK.MQ.,0.2749933506376465,4,0,0
AMP,781.0,PK.KSTTSKS.QD,0.7837039665038082,1,0,0
AMP,781.0,PKL....S.C.L.,0.7739903008772072,1,0,0
AMP,781.0,PKL....SKCMQ.,1.1966447571357952,2,0,0
AMP,781.0,PKL...T..CMLD,3.3322079430096143,1,1,0
AMP,781.0,PKL...T..S.L.,0.8410735346841768,1,0,0
AMP,781.0,PKL...TS.C.LD,0.7860725745542924,1,0,0
AMP,781.0,PKL...TSK.MQD,3.2582980220936406,1,1,0
AMP,781.0,PKL..T..KS.LD,0.17609125905568124,1,0,0
AMP,781.0,PKL..T.S.CM.D,3.4608684369275124,1,1,0
AMP,781.0,PKL..TTS...L.,0.17609125905568124,1,0,0
AMP,781.0,PKL..TTS..MQ.,3.2642857155021208,1,1,0
AMP,781.0,PKL..TTS.CMLD,3.4573718726206435,1,1,0
AMP,781.0,PKL..TTS.S.LD,3.5063851380541786,1,1,0
AMP,781.0,PKL..TTS.SM.D,0.17609125905568124,2,0,0
AMP,781.0,PKL..TTSKC.Q.,3.300735006426927,1,1,0
AMP,781.0,PKL.H....SMLD,0.8813181485839895,1,0,0
AMP,781.0,PKL.H...KSM.D,0.17609125905568124,1,0,0
AMP,781.0,PKL.H.T..C.Q.,3.0363409273974313,1,1,0
AMP,781.0,PKL.H.T.KS..D,0.6495158655699962,1,0,0
AMP,781.0,PKL.H.TS.C..D,0.17609125905568124,1,0,0
AMP,781.0,PKL.H.TS.SMQD,1.1139093738560233,1,0,0
AMP,781.0,PKL.H.TSKCMQ.,0.7338860117579336,2,0,0
AMP,781.0,PKL.HT...S..D,0.9572403781193837,1,0,0
AMP,781.0,PKL.HT..KCM.D,0.17609125905568124,1,0,0
AMP,781.0,PKL.HT..KS.Q.,0.17609125905568124,1,0,0
AMP,781.0,PKL.HT..KS.QD,0.8306349951409273,1,0,0
AMP,781.0,PKL.HT..KSM.D,3.3451778173853075,1,1,0
AMP,781.0,PKL.HT.SK..LD,0.9418711926130482,1,0,0
AMP,781.0,PKL.HT.SKCM.D,1.1372803312632758,1,0,0
AMP,781.0,PKL.HTT..S...,0.17609125905568124,1,0,0
AMP,781.0,PKL.HTT.KCM..,2.933454554431306,1,1,0
AMP,781.0,PKL.HTTS..ML.,0.6740337151728191,1,0,0
AMP,781.0,PKL.HTTS..MLD,0.17609125905568124,1,0,0
AMP,781.0,PKL.HTTS.S.LD,0.8015062921612555,1,0,0
AMP,781.0,PKL.HTTS.S.Q.,0.17609125905568124,1,0,0
AMP,781.0,PKL.HTTS.SMQD,0.3344606241285601,2,0,0
AMP,781.0,PKL.HTTSK.MQ.,0.17609125905568124,1,0,0
AMP,781.0,PKL.N...KC..D,0.6807162720451311,1,0,0
AMP,781.0,PKL.N.T..CM.D,0.17609125905568124,1,0,0
AMP,781.0,PKL.N.T..SMLD,3.459611878744315,1,1,0
AMP,781.0,PKL.N.TSKCMQD,0.7209265311617408,1,0,0
AMP,781.0,PKL.NT...C.L.,0.7209265311617408,1,0,0
AMP,781.0,PKL.NT...CM.D,0.17609125905568124,1,0,0
AMP,781.0,PKL.NT...S...,0.17609125905568124,1,0,0
AMP,781.0,PKL.NT.S...QD,0.45393787093834853,1,0,0
AMP,781.0,PKL.NT.SK.MQ.,0.17609125905568124,1,0,0
AMP,781.0,PKL.NT.SKCML.,1.3257413648807526,1,0,0
AMP,781.0,PKL.NTT....Q.,0.17609125905568124,1,0,0
AMP,781.0,PKL.NTT..C..D,0.17609125905568124,1,0,0
AMP,781.0,PKL.NTT.KC.Q.,3.012016549035793,1,1,0
AMP,781.0,PKL.NTTS.S.L.,0.17609125905568124,1,0,0
AMP,781.0,PKL.NTTSKC.Q.,0.17609125905568124,1,0,0
AMP,781.0,PKL.NTTSKS.LD,3.4282274216351745,2,1,0
AMP,781.0,PKL.S..S.C.Q.,0.7704831645326621,3,0,0
AMP,781.0,PKL.S..SKCML.,0.7232741295366265,1,0,0
AMP,781.0,PKL.S.T..CMLD,1.4944689190899771,1,0,0
AMP,781.0,PKL.S.T..S.Q.,0.4449920956778722,1,0,0
AMP,781.0,PKL.S.T.KCM.D,1.3625659361533762,1,0,0
AMP,781.0,PKL.ST.S.CM..,0.17609125905568124,3,0,0
AMP,781.0,PKL.STT....LD,0.17609125905568124,1,0,0
AMP,781.0,PKL.STT....Q.,0.8471200070119566,2,0,0
AMP,781.0,PKL.STT....QD,3.624590652424915,1,1,0
AMP,781.0,PKL.STT.KS.LD,0.17609125905568124,1,0,0
AMP,781.0,PKL.STTS..ML.,0.17609125905568124,1,0,0
AMP,781.0,PKL.STTS..MQD,3.3859026920496293,1,1,0
AMP,781.0,PKL.STTS.C.L.,0.9639575090453527,3,0,0
AMP,781.0,PKL.STTS.C.LD,3.482398239493793,1,1,0
AMP,781.0,PKL.STTSKCMLD,0.17609125905568124,1,0,0
AMP,781.0,PKL.STTSKS.QD,0.5485464273587018,1,0,0
AMP,781.0,PKLK...S.C.Q.,1.4826972436542882,1,0,0
AMP,781.0,PKLK...S.CMLD,4.074903002778441,1,1,0
AMP,781.0,PKLK...S.SMQ.,1.4032743060043018,1,0,0
AMP,781.0,PKLK..T..S..D,0.6196852085860868,1,0,0
AMP,781.0,PKLK..TSK.M..,1.1963735004627114,1,0,0
AMP,781.0,PKLK.T...CML.,2.4713811785120066,1,0,0
AMP,781.0,PKLK.T...SMLD,0.17609125905568124,1,0,0
AMP,781.0,PKLK.T..K..LD,0.5485464273587018,1,0,0
AMP,781.0,PKLK.T..KSM..,0.6740337151728191,1,0,0
AMP,781.0,PKLK.T.SKS.QD,0.17609125905568124,1,0,0
AMP,781.0,PKLK.TT....LD,0.17609125905568124,1,0,0
AMP,781.0,PKLK.TT..C.LD,1.0116432673036337,1,0,0
AMP,781.0,PKLK.TT..S...,3.9833960464895166,1,1,0
AMP,781.0,PKLK.TT.KSMQ.,3.4710340793633767,1,1,0
AMP,781.0,PKLK.TTSKC..D,3.308500517237246,1,1,0
AMP,781.0,PKLK.TTSKS.LD,0.17609125905568124,2,0,0
AMP,781.0,PKLKH....S.L.,0.5925592142968101,4,0,0
AMP,781.0,PKLKH...KSMLD,1.0728698083283967,2,0,0
AMP,781.0,PKLKH..S.C.L.,3.130600356186749,1,1,0
AMP,781.0,PKLKH..S.SMLD,0.86319162496145,1,0,0
AMP,781.0,PKLKH..SKC.LD,1.410830164463388,1,0,0
AMP,781.0,PKLKH..SKCML.,3.3369732632208793,1,1,0
AMP,781.0,PKLKH.T..C...,0.778469465143601,1,0,0
AMP,781.0,PKLKH.T..SM.D,0.9843073163883453,1,0,0
AMP,781.0,PKLKH.TS.C.QD,0.17609125905568124,1,0,0
AMP,781.0,PKLKH.TS.CMQD,0.7193737635468117,1,0,0
AMP,781.0,PKLKHT....MQ.,0.17609125905568124,1,0,0
AMP,781.0,PKLKHT...CML.,0.17609125905568124,1,0,0
AMP,781.0,PKLKHT...SMLD,0.9229828860705392,3,0,0
AMP,781.0,PKLKHT..K.MQ.,1.480688873108663,1,0,0
AMP,781.0,PKLKHT..KSMQD,0.17609125905568124,1,0,0
AMP,781.0,PKLKHT.S.C.Q.,3.0234562972212204,1,1,0
AMP,781.0,PKLKHT.S.S.LD,3.321786521670155,2,1,0
AMP,781.0,PKLKHT.S.SM.D,3.280399812585062,1,1,0
AMP,781.0,PKLKHT.SKSML.,0.17609125905568124,1,0,0
AMP,781.0,PKLKHTT....LD,3.837926947680214,1,1,0
AMP,781.0,PKLKHTT...ML.,3.6928270056505643,1,1,0
AMP,781.0,PKLKHTT..CM.D,3.411176744289666,1,1,0
AMP,781.0,PKLKHTT..S..D,3.174656114445914,1,1,0
AMP,781.0,PKLKHTT.K.MQ.,0.17609125905568124,1,0,0
AMP,781.0,PKLKHTT.KSMQ.,2.8865620542374173,1,0,0
AMP,781.0,PKLKHTTS...L.,3.1817077893271817,1,1,0
AMP,781.0,PKLKHTTS.S.LD,0.17609125905568124,1,0,0
AMP,781.0,PKLKHTTSK.MLD,0.7460544772561836,1,0,0
AMP,781.0,PKLKHTTSK.MQD,3.3491575259543254,2,1,0
AMP,781.0,PKLKN...KC...,0.8846745375458392,1,0,0
AMP,781.0,PKLKN...KC.LD,0.5716996253835422,1,0,0
AMP,781.0,PKLKN.T..C.LD,3.507779164384486,1,1,0
AMP,781.0,PKLKN.TS.S..D,3.0557431266662944,1,1,0
AMP,781.0,PKLKN.TSK.MLD,0.7257501034919823,1,0,0
AMP,781.0,PKLKNT...C...,0.8407379521818052,1,0,0
AMP,781.0,PKLKNT...CML.,3.6300094824406184,1,1,0
AMP,781.0,PKLKNT.S.CM.D,0.17609125905568124,5,0,0
AMP,781.0,PKLKNT.SKC.Q.,0.17609125905568124,1,0,0
AMP,781.0,PKLKNT.SKC.QD,0.8266066551333339,1,0,0
AMP,781.0,PKLKNTT.....D,1.3806089737434537,1,0,0
AMP,781.0,PKLKNTT..CM..,1.5795858191308259,1,0,0
AMP,781.0,PKLKNTT.K..LD,3.4839637058270543,1,1,0
AMP,781.0,PKLKNTT.K..QD,1.298858797647108,1,0,0
AMP,781.0,PKLKNTT.KC.L.,0.17609125905568124,1,0,0
AMP,781.0,PKLKNTT.KC.QD,2.93474066538853,1,1,0
AMP,781.0,PKLKNTT.KSM.D,0.17609125905568124,1,0,0
AMP,781.0,PKLKNTTS.SMQD,0.17609125905568124,1,0,0
AMP,781.0,PKLKNTTSKSM.D,3.4709685135927555,1,1,0
AMP,781.0,PKLKS....CMQ.,0.37629470163060424,1,0,0
AMP,781.0,PKLKS...KCML.,0.4143998606946491,3,0,0
AMP,781.0,PKLKS..S.C.L.,1.1485000518946207,2,0,0
AMP,781.0,PKLKS..S.SM..,0.5707057034994577,1,0,0
AMP,781.0,PKLKS..SKCMQ.,3.2883901073132864,2,1,0
AMP,781.0,PKLKS..SKSMQ.,1.3952630163092747,1,0,0
AMP,781.0,PKLKS.T..C.QD,2.9349307286455346,1,1,0
AMP,781.0,PKLKS.T.KC.QD,0.9926920517658049,1,0,0
AMP,781.0,PKLKS.T.KCM.D,0.5716996253835422,1,0,0
AMP,781.0,PKLKS.T.KCMQD,3.0083508922572384,1,1,0
AMP,781.0,PKLKS.T.KSMLD,3.495325629207353,2,1,0
AMP,781.0,PKLKS.TS.C.QD,1.0207181761460138,2,0,0
AMP,781.0,PKLKS.TSKC.Q.,0.5538348995463275,1,0,0
AMP,781.0,PKLKST....MLD,0.17609125905568124,1,0,0
AMP,781.0,PKLKST...C..D,1.1171250310394505,1,0,0
AMP,781.0,PKLKST..K..LD,1.1372803312632758,1,0,0
AMP,781.0,PKLKST..KSM.D,0.5200655122659635,1,0,0
AMP,781.0,PKLKST.SKS.Q.,0.17609125905568124,1,0,0
AMP,781.0,PKLKSTT..C...,0.5200655122659635,1,0,0
AMP,781.0,PKLKSTT..SMLD,0.17609125905568124,1,0,0
AMP,781.0,PKLKSTT.KCML.,2.8011107384134872,1,0,0
AMP,781.0,PKLKSTT.KCMLD,3.670355816876871,3,1,0
AMP,781.0,PKLKSTTS.S.LD,2.9569191675304287,1,1,0
AMP,781.0,PKLKSTTSKSM..,3.375729872704616,1,1,0
AMP,781.0,PKV......S.Q.,0.7460544772561836,1,0,0
AMP,781.0,PKV.....KSMQ.,0.9578743082165307,1,0,0
AMP,781.0,PKV....S.SMQ.,3.1633095868795786,1,1,0
AMP,781.0,PKV....SKCMQ.,2.995768770109111,1,1,0
AMP,781.0,PKV...T.KSML.,0.17609125905568124,1,0,0
AMP,781.0,PKV...TS...QD,1.1006107937849685,1,0,0
AMP,781.0,PKV...TS.C.LD,3.019872300204834,1,1,0
AMP,781.0,PKV...TSKCMLD,3.4347969318054266,2,1,0
AMP,781.0,PKV...TSKCMQD,2.882982465153135,1,0,0
AMP,781.0,PKV..T...S.Q.,4.132205390032033,2,1,0
AMP,781.0,PKV..T...SMQ.,1.0761458078469617,1,0,0
AMP,781.0,PKV..T..K..QD,1.0992297478459754,5,0,0
AMP,781.0,PKV..T..KC.Q.,3.2891074379159035,1,1,0
AMP,781.0,PKV..T..KS.Q.,0.17609125905568124,1,0,0
AMP,781.0,PKV..T.S.CM..,0.17609125905568124,1,0,0
AMP,781.0,PKV..T.SK.MQD,0.17609125905568124,4,0,0
AMP,781.0,PKV..T.SKS..D,0.17609125905568124,6,0,0
AMP,781.0,PKV..T.SKSM..,0.17609125905568124,1,0,0
AMP,781.0,PKV..TT...MQ.,3.7980337617533726,1,1,0
AMP,781.0,PKV..TT...MQD,0.17609125905568124,1,0,0
AMP,781.0,PKV..TT..S.L.,2.984231950230303,1,1,0
AMP,781.0,PKV..TT.K..Q.,0.753320109902919,1,0,0
AMP,781.0,PKV..TT.KC..D,3.3307720504698377,2,1,0
AMP,781.0,PKV..TT.KCM..,3.343897516688622,1,1,0
AMP,781.0,PKV..TTSK...D,3.1661356015429414,1,0,0
AMP,781.0,PKV..TTSK..QD,3.6036464979827034,1,1,0
AMP,781.0,PKV..TTSKCMLD,2.9921568325900445,1,0,0
AMP,781.0,PKV..TTSKCMQD,0.7987194080380392,3,0,0
AMP,781.0,PKV..TTSKS.L.,0.17609125905568124,1,0,0
AMP,781.0,PKV..TTSKS.LD,0.6842396598034559,1,0,0
AMP,781.0,PKV.H..S.C.Q.,0.6443370353179722,1,0,0
AMP,781.0,PKV.H..S.CMQD,0.8671421637720775,1,0,0
AMP,781.0,PKV.H.T..SMQ.,3.371850585866559,1,1,0
AMP,781.0,PKV.H.T.K....,3.3273734786069435,1,1,0
AMP,781.0,PKV.H.T.K.MQD,0.8015062921612555,1,0,0
AMP,781.0,PKV.H.T.KCMQ.,0.17609125905568124,1,0,0
AMP,781.0,PKV.H.T.KSML.,1.0182160211315074,1,0,0
AMP,781.0,PKV.H.TSKC.LD,0.5814672243980561,1,0,0
AMP,781.0,PKV.H.TSKSM..,1.2005078526626802,1,0,0
AMP,781.0,PKV.HT..KC.QD,0.2900620577118379,2,0,0
AMP,781.0,PKV.HT.S..MLD,0.17609125905568124,1,0,0
AMP,781.0,PKV.HT.S.CMQD,2.850939198126153,1,1,0
AMP,781.0,PKV.HT.SK.MQ.,0.17609125905568124,1,0,0
AMP,781.0,PKV.HT.SKC...,0.8813181485839894,1,0,0
AMP,781.0,PKV.HT.SKS.Q.,3.1913807378028998,1,1,0
AMP,781.0,PKV.HT.SKSM.D,0.17609125905568124,1,0,0
AMP,781.0,PKV.HTT..C.Q.,2.99956504058742,1,1,0
AMP,781.0,PKV.HTT..CML.,0.17609125905568124,2,0,0
AMP,781.0,PKV.HTT..SM..,0.7232741295366265,1,0,0
AMP,781.0,PKV.HTT.K.MQ.,0.17609125905568124,1,0,0
AMP,781.0,PKV.HTT.KSM.D,3.0858020221965634,1,1,0
AMP,781.0,PKV.HTTS.C.LD,3.8276591157775726,1,1,0
AMP,781.0,PKV.HTTS.S.L.,0.17609125905568124,1,0,0
AMP,781.0,PKV.HTTS.SMLD,0.17609125905568124,1,0,0
AMP,781.0,PKV.HTTSKS.LD,0.17609125905568124,1,0,0
AMP,781.0,PKV.N....S..D,1.095680186121876,1,0,0
AMP,781.0,PKV.N...KC.Q.,0.9843073163883453,1,0,0
AMP,781.0,PKV.N..S.CM.D,3.3167288594565316,1,1,0
AMP,781.0,PKV.N..SKCMQD,3.324756204856891,1,1,0
AMP,781.0,PKV.N.TS..M..,1.067258889717333,2,0,0
AMP,781.0,PKV.N.TS..MQD,0.17609125905568124,2,0,0
AMP,781.0,PKV.N.TSK.MQD,0.9578743082165307,1,0,0
AMP,781.0,PKV.N.TSKSM..,0.6220179170641612,1,0,0
AMP,781.0,PKV.NT...C..D,0.6727666403282204,2,0,0
AMP,781.0,PKV.NT...SMQD,1.2715959997874666,2,0,0
AMP,781.0,PKV.NT.S.C.L.,0.9418711926130482,1,0,0
AMP,781.0,PKV.NT.S.C.Q.,0.17609125905568124,1,0,0
AMP,781.0,PKV.NT.S.CMLD,0.17609125905568124,1,0,0
AMP,781.0,PKV.NT.SK.MQD,3.6699922524393402,1,1,0
AMP,781.0,PKV.NT.SKC.L.,3.5042827371467955,1,1,0
AMP,781.0,PKV.NT.SKSMQ.,3.1692651772319382,1,1,0
AMP,781.0,PKV.NTT.KCM.D,2.8903966036902107,1,1,0
AMP,781.0,PKV.NTT.KCMQ.,0.17609125905568124,1,0,0
AMP,781.0,PKV.NTT.KS..D,2.9565297766971295,1,1,0
AMP,781.0,PKV.NTT.KSM.D,0.17609125905568124,1,0,0
AMP,781.0,PKV.NTTS.S.LD,0.5527461709000511,1,0,0
AMP,781.0,PKV.NTTS.SML.,2.921156103194362,1,1,0
AMP,781.0,PKV.NTTSK...D,0.4880531739987971,1,0,0
AMP,781.0,PKV.NTTSK..QD,3.076415775007381,1,0,0
AMP,781.0,PKV.NTTSK.MQD,0.17609125905568124,1,0,0
AMP,781.0,PKV.NTTSKSM..,3.805454670115933,1,1,0
AMP,781.0,PKV.S...KSM..,0.7752347362310422,1,0,0
AMP,781.0,PKV.S..S.CMLD,1.102699182654936,1,0,0
AMP,781.0,PKV.S..SKSMQ.,3.4970734895987827,1,1,0
AMP,781.0,PKV.S..SKSMQD,0.869225383180904,3,0,0
AMP,781.0,PKV.S.T.KS.L.,3.0300908944126768,1,1,0
AMP,781.0,PKV.S.T.KSM.D,3.292310960101067,1,1,0
AMP,781.0,PKV.S.TS.....,0.17609125905568124,1,0,0
AMP,781.0,PKV.S.TS.C...,3.245467561062142,1,1,0
AMP,781.0,PKV.S.TSKCML.,0.17609125905568124,1,0,0
AMP,781.0,PKV.ST....MQD,0.9459902929100755,1,0,0
AMP,781.0,PKV.ST...S.QD,0.17609125905568124,1,0,0
AMP,781.0,PKV.ST..KS.L.,0.17609125905568124,1,0,0
AMP,781.0,PKV.STT..C.QD,3.3510918162161647,1,1,0
AMP,781.0,PKV.STT..CM..,0.17609125905568124,1,0,0
AMP,781.0,PKV.STT.KS.LD,0.624801457109241,1,0,0
AMP,781.0,PKV.STTS...LD,0.6740337151728191,1,0,0
AMP,781.0,PKV.STTS...QD,0.17609125905568124,2,0,0
AMP,781.0,PKV.STTS.CM.D,3.422640437318013,1,1,0
AMP,781.0,PKV.STTS.SM..,0.9418711926130482,1,0,0
AMP,781.0,PKV.STTS.SMQD,0.17609125905568124,1,0,0
AMP,781.0,PKV.STTSKC.Q.,0.17609125905568124,5,0,0
AMP,781.0,PKV.STTSKCM.D,0.17609125905568124,1,0,0
AMP,781.0,PKVK.....C.LD,0.17609125905568124,1,0,0
AMP,781.0,PKVK....KSMLD,0.17609125905568124,1,0,0
AMP,781.0,PKVK...S.CML.,0.17609125905568124,1,0,0
AMP,781.0,PKVK..T..CM.D,0.3079607144983016,3,0,0
AMP,781.0,PKVK..T..CMLD,3.345147090164835,1,1,0
AMP,781.0,PKVK..T..S.Q.,3.1513300483123885,1,1,0
AMP,781.0,PKVK..T.K.MQ.,1.3186054760673764,1,0,0
AMP,781.0,PKVK..TS..MQD,3.546810827825666,1,1,0
AMP,781.0,PKVK..TS.S.Q.,0.17609125905568124,1,0,0
AMP,781.0,PKVK..TSK..L.,3.2577804213116197,3,1,0
AMP,781.0,PKVK..TSK.MQ.,0.6911228237511152,1,0,0
AMP,781.0,PKVK..TSKS.Q.,1.233235960382669,1,0,0
AMP,781.0,PKVK.T...SM.D,3.8287112679962654,1,1,0
AMP,781.0,PKVK.T..KS.Q.,1.5937708574343963,1,0,0
AMP,781.0,PKVK.T..KSMQ.,3.510346256315829,1,1,0
AMP,781.0,PKVK.T.S.CM.D,0.17609125905568124,1,0,0
AMP,781.0,PKVK.T.S.S.LD,0.6911228237511152,1,0,0
AMP,781.0,PKVK.T.SKC.Q.,0.17609125905568124,3,0,0
AMP,781.0,PKVK.TT..CM..,0.8053015229354757,1,0,0
AMP,781.0,PKVK.TT..S.L.,0.6312115465774285,1,0,0
AMP,781.0,PKVK.TTS..M..,3.2140850739678335,1,1,0
AMP,781.0,PKVK.TTS..MLD,0.17609125905568124,2,0,0
AMP,781.0,PKVK.TTS.CML.,3.8712356459437247,1,1,0
AMP,781.0,PKVK.TTS.S...,3.000832686410535,1,1,0
AMP,781.0,PKVK.TTS.S.LD,2.720865756976425,1,1,0
AMP,781.0,PKVK.TTS.SMQD,0.5058596938476504,1,0,0
AMP,781.0,PKVK.TTSK.M.D,3.2500459277403286,1,1,0
AMP,781.0,PKVKH..S.CMLD,0.5716996253835422,1,0,0
AMP,781.0,PKVKH.T..SMQ.,0.7966986427376358,1,0,0
AMP,781.0,PKVKH.TS.SMLD,0.8152386012288395,2,0,0
AMP,781.0,PKVKH.TSKCMQ.,0.8981822329822496,1,0,0
AMP,781.0,PKVKHT..K...D,3.4145499057651567,1,1,0
AMP,781.0,PKVKHT.S...Q.,0.36231884320719154,2,0,0
AMP,781.0,PKVKHT.S..MQD,3.5372504876869324,3,1,0
AMP,781.0,PKVKHT.S.C.L.,3.214864903485213,2,1,0
AMP,781.0,PKVKHT.S.CMQD,0.17609125905568124,1,0,0
AMP,781.0,PKVKHT.S.S.L.,0.17609125905568124,3,0,0
AMP,781.0,PKVKHT.SKC.LD,0.17609125905568124,1,0,0
AMP,781.0,PKVKHTT...MQ.,0.17609125905568124,1,0,0
AMP,781.0,PKVKHTT..C..D,0.17609125905568124,1,0,0
AMP,781.0,PKVKHTT..SM.D,3.7223771899830886,1,1,0
AMP,781.0,PKVKHTT.KCM.D,3.3237778857285103,1,1,0
AMP,781.0,PKVKHTT.KS.Q.,0.17609125905568124,1,0,0
AMP,781.0,PKVKHTTS.S...,0.9843073163883452,1,0,0
AMP,781.0,PKVKHTTSK....,1.4827357680874893,1,0,0
AMP,781.0,PKVKN..SK.MQD,0.6740670680544267,2,0,0
AMP,781.0,PKVKN..SKS.LD,0.8085008418281747,1,0,0
AMP,781.0,PKVKN.T..S..D,0.682418151975051,1,0,0
AMP,781.0,PKVKN.T.KSM..,1.2236862238334085,1,0,0
AMP,781.0,PKVKN.TSKC...,3.2921363332877305,1,1,0
AMP,781.0,PKVKNT....M.D,1.0520832501873927,1,0,0
AMP,781.0,PKVKNT...C.LD,3.052247793154276,1,1,0
AMP,781.0,PKVKNT...S.LD,0.17609125905568124,1,0,0
AMP,781.0,PKVKNT...SMLD,2.924418815071565,1,1,0
AMP,781.0,PKVKNT..KSMQD,0.17609125905568124,5,0,0
AMP,781.0,PKVKNT.S....D,0.7850607692018121,3,0,0
AMP,781.0,PKVKNT.S.C.QD,3.313062446254885,1,1,0
AMP,781.0,PKVKNT.S.CML.,3.224089772403583,1,1,0
AMP,781.0,PKVKNT.S.S.QD,0.17609125905568124,1,0,0
AMP,781.0,PKVKNT.S.SM..,0.17609125905568124,1,0,0
AMP,781.0,PKVKNTT...MQ.,3.3216285648546666,1,1,0
AMP,781.0,PKVKNTT..SM.D,3.0203251574326506,1,0,0
AMP,781.0,PKVKNTT..SMQD,0.17609125905568124,1,0,0
AMP,781.0,PKVKNTT.K.MQ.,0.17609125905568124,1,0,0
AMP,781.0,PKVKNTTS...L.,0.17609125905568124,1,0,0
AMP,781.0,PKVKNTTS..MLD,3.1763596872642164,1,1,0
AMP,781.0,PKVKNTTS..MQ.,0.17609125905568124,1,0,0
AMP,781.0,PKVKNTTS.C...,3.249444200432947,1,1,0
AMP,781.0,PKVKNTTS.SM..,3.127297349272694,1,1,0
AMP,781.0,PKVKNTTSKCMQD,3.617150818422624,1,1,0
AMP,781.0,PKVKS....S.QD,0.8368510373500831,1,0,0
AMP,781.0,PKVKS...KC.QD,0.8809816484700548,1,0,0
AMP,781.0,PKVKS..S..MLD,0.9048960567229677,2,0,0
AMP,781.0,PKVKS..S..MQ.,0.6510138138467788,2,0,0
AMP,781.0,PKVKS..SKCMLD,0.9055007156691985,2,0,0
AMP,781.0,PKVKS.T..C.L.,0.8625676661917925,1,0,0
AMP,781.0,PKVKS.T.K.MQD,3.3993062619850565,1,1,0
AMP,781.0,PKVKS.T.KS.LD,3.5082280946649833,1,1,0
AMP,781.0,PKVKS.TS..MQ.,0.17609125905568124,1,0,0
AMP,781.0,PKVKS.TS.S...,1.2947567072408452,1,0,0
AMP,781.0,PKVKS.TSKCM.D,3.080201349015151,1,1,0
AMP,781.0,PKVKST...S...,3.533806711903156,4,1,0
AMP,781.0,PKVKST...S.Q.,0.17609125905568124,1,0,0
AMP,781.0,PKVKST...SM..,2.8995476365083706,1,0,0
AMP,781.0,PKVKST...SM.D,0.17609125905568124,1,0,0
AMP,781.0,PKVKST...SML.,0.17609125905568124,2,0,0
AMP,781.0,PKVKST.S..MLD,0.17609125905568124,1,0,0
AMP,781.0,PKVKST.SKSM.D,3.280441083668591,1,1,0
AMP,781.0,PKVKSTT..CML.,0.17609125905568124,1,0,0
AMP,781.0,PKVKSTT.KSM.D,0.7796544026169588,3,0,0
AMP,781.0,PKVKSTTS..ML.,0.17609125905568124,1,0,0
AMP,781.0,PKVKSTTS.CMQ.,2.9085060973566055,1,1,0
AMP,781.0,PKVKSTTSKCM..,1.0761458078469617,1,0,0
AZT,0.0,......TSK..QD,3.349567877411387,1,1,0
AZT,0.0,....S..S.SM.D,3.0854811780930107,1,0,0
AZT,0.0,....S.TSKS..D,3.312382690872507,1,1,0
AZT,0.0,....S.TSKS.L.,3.0985666102516354,1,0,0
AZT,0.0,....ST....MLD,3.0831354467057146,1,0,0
AZT,0.0,....STT.KSMQD,3.3256952441839127,1,1,0
AZT,0.0,...K.TTSKS..D,3.11859637918713,1,0,0
AZT,0.0,...KH.T....LD,3.0620851800780895,1,0,0
AZT,0.0,...KN....S...,3.036073266318598,1,0,0
AZT,0.0,...KN.T......,3.4829657966482537,1,1,0
AZT,0.0,...KN.T....L.,3.0278268501730548,1,0,0
AZT,0.0,...KNT...CM.D,3.1257514505735275,1,0,0
AZT,0.0,...KNT.SK..QD,3.046923717077582,1,0,0
AZT,0.0,...KNTTSKC.QD,3.3166747675546073,1,1,0
AZT,0.0,...KS....SML.,3.06040300682363,1,0,0
AZT,0.0,...KS..SK.M.D,3.334972701779666,1,1,0
AZT,0.0,...KS.T..CML.,3.312828560573419,1,1,0
AZT,0.0,..L......S.L.,3.3783739104744615,1,1,0
AZT,0.0,..L...TSKS.QD,3.3125668060806066,1,1,0
AZT,0.0,..L..TT.KS.Q.,3.1966222199955827,1,1,0
AZT,0.0,..L.HT.S.SM.D,3.334189643793157,1,1,0
AZT,0.0,..L.HT.SK..QD,3.363163438938016,2,1,0
AZT,0.0,..L.N...K..Q.,3.350465054304214,1,1,0
AZT,0.0,..L.NT.S..MLD,3.3119404341974525,1,1,0
AZT,0.0,..L.S....C.Q.,3.1283107568578825,1,0,0
AZT,0.0,..L.S...K.M..,2.991545209733488,1,0,0
AZT,0.0,..L.S...KC.QD,3.062125059677487,1,0,0
AZT,0.0,..LKHT.SKC..D,3.3327072114472966,1,1,0
AZT,0.0,..LKHTTS...Q.,3.080512528890059,1,0,0
AZT,0.0,..LKNT..KS.L.,3.3454726396072823,1,1,0
AZT,0.0,..LKNT.S...QD,3.0799973433544725,1,0,0
AZT,0.0,..LKS.TSKS..D,3.075194418857435,1,0,0
AZT,0.0,..V......S..D,3.344269159588192,1,1,0
AZT,0.0,..V....SKS.LD,3.0619963307763114,1,0,0
AZT,0.0,..V.HTT..S.QD,3.0822855965925107,1,0,0
AZT,0.0,..V.N...KC.QD,3.336983719412816,1,1,0
AZT,0.0,..V.NT.S..M.D,3.315411503590617,1,1,0
AZT,0.0,..V.STTS.C.Q.,3.3904006195203027,1,1,0
AZT,0.0,..VK.TT..C.QD,3.04241079435159,1,0,0
AZT,0.0,..VK.TTS.S..D,2.9973148989463785,1,0,0
AZT,0.0,..VKNT....M.D,3.083583580243891,1,0,0
AZT,0.0,..VKNTT..SM.D,3.2976437417568576,1,1,0
AZT,0.0,.K...TT.KS.Q.,3.3086336985452953,1,1,0
AZT,0.0,.K..HTT..SMQD,3.4149081964848826,1,1,0
AZT,0.0,.K..N....C..D,3.3996008000543676,1,1,0
AZT,0.0,.K..N...K..QD,3.313483078909087,1,1,0
AZT,0.0,.K..NT..KC..D,3.334105459984001,1,1,0
AZT,0.0,.K..S.TSKSML.,3.329642855007683,1,1,0
AZT,0.0,.K..STT.KS.QD,3.0585991696435575,1,0,0
AZT,0.0,.K..STTSKCM.D,3.340291311011139,1,1,0
AZT,0.0,.K.K.T...C.Q.,3.323203420009124,1,1,0
AZT,0.0,.K.K.TTSKS.QD,3.348842054201287,1,1,0
AZT,0.0,.K.KHT..K..Q.,3.1183769581986707,1,0,0
AZT,0.0,.K.KHT..KC.LD,3.0468611571541984,1,0,0
AZT,0.0,.K.KN.T.K....,3.0541385637498815,1,0,0
AZT,0.0,.K.KN.TSKC.LD,3.017253316155155,1,0,0
AZT,0.0,.K.KNTT.KS.QD,3.331934847929959,1,1,0
AZT,0.0,.K.KS.T..S..D,3.0650954313512613,1,0,0
AZT,0.0,.K.KS.T.KSMQD,3.38862990432558,1,1,0
AZT,0.0,.K.KS.TS.C.QD,3.3593553053934553,1,1,0
AZT,0.0,.KL...T.KC...,3.3356154631595665,1,1,0
AZT,0.0,.KL.HT.SK.MQ.,3.3611441547773024,1,1,0
AZT,0.0,.KL.HTTSKCM..,3.371486246880538,1,1,0
AZT,0.0,.KL.NT..KS..D,3.3163397402094317,1,1,0
AZT,0.0,.KL.STTSKSMQD,3.2834191366812995,1,1,0
AZT,0.0,.KLK..T..SML.,3.0306699678789815,1,0,0
AZT,0.0,.KLKH.....MLD,3.3346676047231614,1,1,0
AZT,0.0,.KLKHT..KC.L.,3.0357985047822695,1,0,0
AZT,0.0,.KLKN.TSK..LD,3.381006293933117,1,1,0
AZT,0.0,.KLKNT..K...D,3.0277104814390907,1,0,0
AZT,0.0,.KLKNT.SK..QD,3.3182922647464883,1,1,0
AZT,0.0,.KLKS...K...D,3.051411099709241,1,0,0
AZT,0.0,.KLKS.TSK..QD,3.331350901188646,1,1,0
AZT,0.0,.KLKST.SKS.L.,3.3953569564789197,1,1,0
AZT,0.0,.KLKSTTSK.M..,3.3539278316632797,1,1,0
AZT,0.0,.KV..T..KSMQD,3.296405935913834,1,1,0
AZT,0.0,.KV.HTT...MQD,3.0425641620742545,1,0,0
AZT,0.0,.KV.HTT.K..LD,3.0161024947247657,1,0,0
AZT,0.0,.KV.NT...CM..,3.1644616021587404,1,0,0
AZT,0.0,.KV.S..SKS..D,3.342878290726353,1,1,0
AZT,0.0,.KV.STT..C.QD,3.397991153201269,2,1,0
AZT,0.0,.KVKH.T.K...D,3.4744398724718764,1,1,0
AZT,0.0,.KVKH.TSKSML.,3.46522645585438,1,1,0
AZT,0.0,.KVKN....S..D,3.27271587832006,1,1,0
AZT,0.0,.KVKN...KS.LD,3.1315871329895546,1,0,0
AZT,0.0,P.......KC.LD,3.399651026637714,1,1,0
AZT,0.0,P..KNT..KS.QD,3.2869774615831333,1,0,0
AZT,0.0,P..KS...KCMLD,3.0367826119154255,1,0,0
AZT,0.0,P.L..T...CMLD,3.680968890845016,1,1,0
AZT,0.0,P.L.N...K.M..,3.1635954567175135,48833,0,1
AZT,0.0,P.L.S..SK..LD,3.3289791220320386,1,1,0
AZT,0.0,P.V.HT...CMQD,3.6972870929795967,1,1,0
AZT,0.0,P.VK...S..MQ.,3.483503610998238,1,1,0
AZT,0.0,P.VKHT..KS.LD,2.8616751092340618,1,0,0
AZT,0.0,P.VKN.T..S.Q.,2.8758433269474613,1,0,0
AZT,0.0,PK..HT.S...QD,3.7833483557802388,1,1,0
AZT,0.0,PK.K.T......D,3.4705934314194846,1,1,0
AZT,0.0,PK.KNT.S.CML.,3.7899050663997165,1,1,0
AZT,0.0,PKL...TS.S.QD,3.394752769943948,1,1,0
AZT,0.0,PKL..T.S.SMQD,3.738966209132591,1,1,0
AZT,0.0,PKL.HT.S.CMLD,3.774652365909733,1,1,0
AZT,0.0,PKL.N...KS.QD,3.0297747583229406,1,0,0
AZT,0.0,PKL.N..S.SM.D,2.9894227850155546,1,0,0
AZT,0.0,PKL.S.T..SM.D,3.3245282385232775,1,1,0
AZT,0.0,PKLKH.T.K.MQD,3.0867992483298043,1,0,0
AZT,0.0,PKLKS...KCMQ.,3.296626704945615,1,1,0
AZT,0.0,PKLKST......D,3.287140775106681,6347,0,0
AZT,0.0,PKV..T.S.SM..,3.8362464660273763,1,1,0
AZT,0.0,PKV.S...KS..D,3.052773743422291,1,0,0
AZT,0.0,PKV.STTSK..QD,3.6193515498374165,1,1,0
AZT,0.0,PKVKHTT..C.L.,2.7333360082977034,1,0,0
AZT,0.0,PKVKHTT.K..LD,3.814266964862134,1,1,0
AZT,0.0,PKVKN.TS.S.LD,3.4352610154195324,1,1,0
AZT,0.44,..L.ST..K.MLD,4.034104362604838,1,1,0
AZT,0.44,..V....S.....,2.024715987221499,1,0,0
AZT,0.44,..VKS...K..QD,3.659732829948269,9968,0,0
AZT,0.44,.KV..T.S.....,2.0001031727584992,1,0,0
AZT,0.44,.KVK..TSKCML.,3.4956051515968256,1,1,0
AZT,0.44,P....T...SM..,3.2993265600494883,1,1,0
AZT,0.44,P...HTT..SM..,1.8516908937363217,1,0,0
AZT,0.44,P...NT.S.SML.,1.9076247274637181,1,0,0
AZT,0.44,P..K.TT..C.Q.,2.0673555415708895,1,0,0
AZT,0.44,P..KHTTS.C.Q.,3.367428383659938,1,1,0
AZT,0.44,P..KN...K.M..,3.8970218919028587,1,1,0
AZT,0.44,P.L..TT...MQD,2.0915998972926455,1,0,0
AZT,0.44,P.LKNTTSK.MLD,2.276022314519664,1,0,0
AZT,0.44,P.LKSTT..SM..,1.9562869935064446,1,0,0
AZT,0.44,P.V..TT.KSML.,2.025061980136418,1,0,0
AZT,0.44,P.VKST.SKS.L.,3.4169520606913233,1,1,0
AZT,0.44,PK...T....MQ.,3.3986676168942886,1,1,0
AZT,0.44,PK...T..K.MQD,1.9981575395337656,1,0,0
AZT,0.44,PK..H.TSKC.QD,2.132205127047503,1,0,0
AZT,0.44,PK..HTT..S..D,2.042901816141041,1,0,0
AZT,0.44,PK..NTTS..MQD,3.7185278671737754,1,1,0
AZT,0.44,PK.K...S.SM.D,1.8438688289834193,1,0,0
AZT,0.44,PK.K..T.K.MQ.,2.076697666985304,1,0,0
AZT,0.44,PK.K.T.S.CM..,1.6809641652753973,1,0,0
AZT,0.44,PK.KHTTS...L.,2.2126441482889274,1,0,0
AZT,0.44,PK.KS..S.SMLD,2.2294222625284905,1,0,0
AZT,0.44,PKL..T..KC.LD,1.8760594819365837,1,0,0
AZT,0.44,PKL..TT...M.D,3.4962033604189595,1,1,0
AZT,0.44,PKL..TT..S.Q.,3.3837202746696016,1,1,0
AZT,0.44,PKL.HT.S.SM..,1.882038207078838,1,0,0
AZT,0.44,PKL.HT.SK.MQD,1.8301941401348085,1,0,0
AZT,0.44,PKL.HTTS...LD,1.736372307629316,1,0,0
AZT,0.44,PKL.HTTSKCM.D,3.52502102372931,1,1,0
AZT,0.44,PKL.ST.SKSM.D,3.3543378810927966,1,1,0
AZT,0.44,PKLK......M.D,2.2375384384538846,1,0,0
AZT,0.44,PKLK..T.KSMQD,3.6222759462858596,1,1,0
AZT,0.44,PKLK.T..KC.L.,3.4617885506754824,1,1,0
AZT,0.44,PKLK.TT.KCM..,2.1016971465645655,1,0,0
AZT,0.44,PKLK.TTS.CMQD,1.809357642091457,1,0,0
AZT,0.44,PKLKS..S.C.LD,2.7558680210285678,45273,0,1
AZT,0.44,PKLKST.SKS.LD,3.460651765018609,1,1,0
AZT,0.44,PKV......CM..,3.4927288083912327,1,1,0
AZT,0.44,PKV..T..KS.LD,1.8933720643998928,2,0,0
AZT,0.44,PKV..TT....LD,3.456882803247049,1,1,0
AZT,0.44,PKV.NTT..CM..,3.475035550693414,1,1,0
AZT,0.44,PKV.NTTS.C...,1.9909277243329895,1,0,0
AZT,0.44,PKV.S.TS.C.QD,3.1522083179392046,1,1,0
AZT,0.44,PKVK.T...CM..,0.7204304501977465,1,0,0
AZT,0.44,PKVK.T.SKSM.D,1.9959254903845536,1,0,0
AZT,0.44,PKVKHTTS.SML.,1.3454337379260248,1,0,0
AZT,0.44,PKVKST.S.SM.D,2.1382691829672003,1,0,0
AZT,0.44,PKVKSTTS.SMLD,1.8792846466688053,1,0,0
AZT,0.44,PKVKSTTSKSML.,1.8990593136806784,1,0,0
AZT,1.33,....S....SMQD,3.250022026738904,1,1,0
AZT,1.33,...K..TSKC..D,3.3570067227784453,1,1,0
AZT,1.33,..V.H.T..S..D,3.323265741855618,1,1,0
AZT,1.33,..VK.TT..SM..,2.1836673735705308,1,0,0
AZT,1.33,.K..STTSK..L.,2.2217207964551426,1,0,0
AZT,1.33,.KL..TT.KC...,3.2748463257735008,1,1,0
AZT,1.33,.KL.N...KSM.D,3.115638490203496,1,0,0
AZT,1.33,.KV...TSKCM..,1.9731224755528323,1,0,0
AZT,1.33,.KVK..TSKCML.,3.658563563080576,1,1,0
AZT,1.33,P...H..SKC.LD,1.882624278683393,1,0,0
AZT,1.33,P...N...K.MQD,3.8148002459564516,6311,0,0
AZT,1.33,P...N..SKC.L.,1.9057649128079412,1,0,0
AZT,1.33,P...NT.S.C.LD,3.298392602502352,1,1,0
AZT,1.33,P...NTT.KSMQ.,1.4370164298476664,1,0,0
AZT,1.33,P...ST...SMQ.,1.9278959203615573,1,0,0
AZT,1.33,P..K.....SML.,3.402240088354298,1,1,0
AZT,1.33,P..K.T..KSMLD,3.353601100847338,1,1,0
AZT,1.33,P..K.TT.KCMLD,3.298851496405336,1,1,0
AZT,1.33,P.L....S...LD,3.366146413640243,1,1,0
AZT,1.33,P.L..T.SKSM.D,3.494954218986767,1,1,0
AZT,1.33,P.L..TT..SM.D,1.9329019428778795,1,0,0
AZT,1.33,P.L.HTTS.C..D,3.382269541724202,1,1,0
AZT,1.33,P.L.HTTS.S.L.,3.5468744610453413,1,1,0
AZT,1.33,P.V..TTS.C...,1.8945501142874164,1,0,0
AZT,1.33,P.V..TTSKSMQD,1.9827264511382428,1,0,0
AZT,1.33,P.V.N..S.SMQ.,3.2823843310874268,1,1,0
AZT,1.33,P.V.ST.S.CMLD,3.235797296594194,1,1,0
AZT,1.33,P.VKHT.S.S.Q.,3.4457525891578453,1,1,0
AZT,1.33,P.VKHTTS.SMQ.,3.5374196693580244,1,1,0
AZT,1.33,P.VKSTTS.CMLD,3.35291888245834,1,1,0
AZT,1.33,PK...TT...ML.,1.5445385311151167,1,0,0
AZT,1.33,PK...TT..SMQ.,1.6825354887053625,1,0,0
AZT,1.33,PK..NTTS..MQD,3.8206130023354605,1,1,0
AZT,1.33,PK.K.T.S.S.LD,3.456351132991932,1,1,0
AZT,1.33,PK.KHTT...MQD,2.0282967250410353,1,0,0
AZT,1.33,PK.KSTTS...L.,3.3694157750443328,1,1,0
AZT,1.33,PKL..T.S.CML.,1.8636059490859254,1,0,0
AZT,1.33,PKL..TT..S.Q.,3.3696339083451106,1,1,0
AZT,1.33,PKL..TTSKSMQ.,1.8718643761564269,1,0,0
AZT,1.33,PKL.HT.S.CMLD,3.552613147917994,1,1,0
AZT,1.33,PKL.HTTSK.MQ.,2.2423195369835662,1,0,0
AZT,1.33,PKL.HTTSKCM.D,3.503538464230965,1,1,0
AZT,1.33,PKL.N...KCML.,3.3908488632468083,1,0,0
AZT,1.33,PKL.NT.S...Q.,1.4349440009050276,1,0,0
AZT,1.33,PKL.NT.SKC.QD,1.8941003248226824,1,0,0
AZT,1.33,PKL.STT..S.L.,1.9093024442967463,1,0,0
AZT,1.33,PKLK...SKSML.,1.7283572628101687,1,0,0
AZT,1.33,PKLK..TS.....,2.700488214263583,48908,0,1
AZT,1.33,PKLK.T...CMQ.,0.17609125905568124,1,0,0
AZT,1.33,PKLK.T..KC.L.,3.442858279409004,1,1,0
AZT,1.33,PKLKH.TS.S.LD,3.3085381831334724,1,1,0
AZT,1.33,PKLKNT...SML.,1.6545957693189066,1,0,0
AZT,1.33,PKLKNT.S.S.LD,3.4516833000173484,1,1,0
AZT,1.33,PKLKST...SML.,2.1041037189607272,1,0,0
AZT,1.33,PKLKST..KC.L.,1.7231495162718231,1,0,0
AZT,1.33,PKV...TSK..LD,3.307302063937962,1,1,0
AZT,1.33,PKV..TT..SML.,1.7926526951177055,1,0,0
AZT,1.33,PKV.HT..KSML.,3.387900169937302,1,1,0
AZT,1.33,PKV.HT.S..M..,1.3935892881585372,1,0,0
AZT,1.33,PKV.N.T...MQD,3.1835369777662215,1,1,0
AZT,1.33,PKV.N.T.KCM.D,2.0291091621655517,1,0,0
AZT,1.33,PKV.NT.SKSMQ.,3.5961169795730714,1,1,0
AZT,1.33,PKV.NTTS.SML.,1.8447068788161198,2,0,0
AZT,1.33,PKV.S.....MQD,2.041497365751164,1,0,0
AZT,1.33,PKV.STT..CM.D,3.682560593880628,1,1,0
AZT,1.33,PKV.STT.K.MQD,3.5386479765220753,1,1,0
AZT,1.33,PKVK.T....MQD,1.877894633512801,1,0,0
AZT,1.33,PKVK.T.S.S.L.,1.2617140305242625,1,0,0
AZT,1.33,PKVK.TTS.CM.D,1.6143057813049333,1,0,0
AZT,1.33,PKVKNTT...MQ.,3.9510473073780177,1,1,0
AZT,1.33,PKVKNTT..S.L.,3.2991759690327513,1,1,0
AZT,1.33,PKVKNTT..SM..,3.689239424983193,1,1,0
AZT,1.33,PKVKS..S.CMLD,3.244436407570291,1,1,0
AZT,1.33,PKVKST...S..D,3.6331951696392877,1,1,0
AZT,1.33,PKVKST.S.CML.,3.479202436597104,1,1,0
AZT,4.0,.....T.S.S.L.,3.392978877679968,1,1,0
AZT,4.0,....HT.S...L.,3.3003829004910674,1,0,0
AZT,4.0,...KH.TSKC...,3.8236913021988643,1,1,0
AZT,4.0,...KH.TSKS.L.,3.1455105172346505,1,1,0
AZT,4.0,..L.S.TS.CM..,3.387773685335424,1,1,0
AZT,4.0,..LK.TTS...Q.,3.334192259845372,1,1,0
AZT,4.0,..V..TT.KC.QD,3.327239539042283,1,1,0
AZT,4.0,..V.N.TS...LD,3.26067437930122,1,1,0
AZT,4.0,..V.N.TS.C.QD,3.2640679579104535,1,1,0
AZT,4.0,..VK...S.SMLD,3.2610185014841555,1,1,0
AZT,4.0,..VK...SKC.Q.,3.246513273893438,1,1,0
AZT,4.0,..VK..T..CMLD,1.7374783032100711,1,0,0
AZT,4.0,..VK.T.S.C...,3.409167831033291,1,1,0
AZT,4.0,..VKN.T.KS.LD,3.1639208811565633,1,1,0
AZT,4.0,..VKS.TSK....,1.8964317903343262,1,0,0
AZT,4.0,..VKSTTSK..LD,3.316895813401791,1,1,0
AZT,4.0,.K..H..S.C.LD,3.3055448950559083,1,1,0
AZT,4.0,.K..HTTSKC.LD,3.0955737502909026,1,1,0
AZT,4.0,.K..N.T.KCMQ.,3.3357855490057218,1,0,0
AZT,4.0,.K.KH....CML.,3.229620370174975,1,0,0
AZT,4.0,.K.KNT..KSMLD,3.2048792870193115,1,0,0
AZT,4.0,.KL.H.TS.C.Q.,3.52750754430929,1,1,0
AZT,4.0,.KL.N.T..SM..,3.094413258977425,1,1,0
AZT,4.0,.KL.NTTSKS.LD,1.997891748932589,1,0,0
AZT,4.0,.KV..T...C.QD,3.198370799246738,1,1,0
AZT,4.0,.KV.H..S....D,3.452050280756635,1,1,0
AZT,4.0,.KV.H.T.KS.LD,3.2349859505686327,1,1,0
AZT,4.0,.KV.ST.S..M.D,3.4114497042963206,1,1,0
AZT,4.0,.KV.STTS.S.LD,3.5636962588056713,1,1,0
AZT,4.0,.KVK.....C.QD,1.964064448327515,1,0,0
AZT,4.0,.KVK...SKS.Q.,2.1075520216458696,1,0,0
AZT,4.0,.KVK.T.....LD,1.7659306011382507,1,0,0
AZT,4.0,.KVK.T.SKC.L.,3.4954824719113162,1,1,0
AZT,4.0,P.......K....,3.488545437793309,1,0,0
AZT,4.0,P.......KC.Q.,3.312346206494336,1,1,0
AZT,4.0,P...N..S.....,1.742449040192746,1,0,0
AZT,4.0,P...ST.S.SMQ.,3.4829842196341567,1,1,0
AZT,4.0,P..K....K.ML.,3.5564866118263185,1,0,0
AZT,4.0,P..K.T.....LD,3.3583668162983846,1,1,0
AZT,4.0,P..K.T..KSMLD,3.654937005471363,1,1,0
AZT,4.0,P..KHTTSKCMQ.,3.6874606942359756,1,1,0
AZT,4.0,P..KN.T...MQ.,3.5694593910641195,1,0,0
AZT,4.0,P..KN.TS.SMQ.,3.2471341823582107,1,1,0
AZT,4.0,P..KNT...CMLD,3.375703402495547,1,1,0
AZT,4.0,P.L......CMQD,3.308408627964733,1,1,0
AZT,4.0,P.L......SML.,3.5322026509045736,1,1,0
AZT,4.0,P.L....S...LD,3.597958959096062,1,1,0
AZT,4.0,P.L..T...C..D,3.100382335126164,1,1,0
AZT,4.0,P.L..T...CMLD,3.6871699846726647,1,1,0
AZT,4.0,P.L..T..K..L.,1.448210890560386,1,0,0
AZT,4.0,P.L..T.SKSM.D,3.556711048135884,1,1,0
AZT,4.0,P.L..TT.K.MLD,3.3279462323780487,1,1,0
AZT,4.0,P.L.HT.SK..LD,1.9216225433838967,1,0,0
AZT,4.0,P.L.HTTS.S.L.,3.566741629944428,1,1,0
AZT,4.0,P.L.HTTSKCM..,3.3496625901759565,1,1,0
AZT,4.0,P.L.N.T...MQD,3.3420809979455535,1,1,0
AZT,4.0,P.L.STT..S...,3.204514304015812,1,1,0
AZT,4.0,P.LK.TT..C..D,1.8235842511970326,1,0,0
AZT,4.0,P.LK.TT.K..LD,1.9112241674126493,1,0,0
AZT,4.0,P.LKH...KS...,1.9348107378986514,1,0,0
AZT,4.0,P.LKH.T.KC.L.,3.460987672928126,1,1,0
AZT,4.0,P.LKHT.S.CMQD,1.7374783032100711,1,0,0
AZT,4.0,P.LKHT.SK.MLD,3.524652877813818,1,1,0
AZT,4.0,P.LKHTT...M.D,3.400753630598704,1,1,0
AZT,4.0,P.LKHTT..SM..,3.391528825334978,1,1,0
AZT,4.0,P.LKHTT.KCMQ.,1.8961775371444298,1,0,0
AZT,4.0,P.LKHTTS.C.LD,1.8128209156851522,1,0,0
AZT,4.0,P.LKS.TSKC...,1.804205468421319,1,0,0
AZT,4.0,P.V....S..M..,3.8779057115301785,1,1,0
AZT,4.0,P.V...TS..M..,1.6435389375954625,1,0,0
AZT,4.0,P.V..T.......,3.400157494550664,1,1,0
AZT,4.0,P.V..T..K.MLD,3.4571692009187656,1,1,0
AZT,4.0,P.V..TT.K.MQD,3.521110163001351,1,1,0
AZT,4.0,P.V.H.T.KC.L.,3.251009199255057,1,1,0
AZT,4.0,P.V.H.TS.....,3.3010059098727242,1,1,0
AZT,4.0,P.V.H.TS...LD,3.3504554967590336,1,1,0
AZT,4.0,P.V.N.TS.CMQD,3.2645574702573676,1,1,0
AZT,4.0,P.V.ST..KCMLD,3.391326482876976,1,1,0
AZT,4.0,P.V.ST.S.CMLD,3.24093300984546,1,1,0
AZT,4.0,P.VK...SK..L.,1.8888524691380233,1,0,0
AZT,4.0,P.VKH..S.SM..,3.3686394930416452,1,1,0
AZT,4.0,P.VKHT...S.QD,3.4079586851139236,1,1,0
AZT,4.0,P.VKHTTS.C.L.,3.407722163993532,1,1,0
AZT,4.0,P.VKHTTS.SMQ.,3.566120504832231,2,1,0
AZT,4.0,P.VKN.TS..MQD,3.413800148018493,1,1,0
AZT,4.0,P.VKNT.S..MQD,1.5235065663511276,1,0,0
AZT,4.0,P.VKNTTS..MQ.,3.381071654280283,1,1,0
AZT,4.0,P.VKNTTSKSM.D,3.568391205186755,1,1,0
AZT,4.0,P.VKS...K..Q.,4.480891278555607,3654,1,0
AZT,4.0,P.VKS..SK...D,1.9218664827341305,1,0,0
AZT,4.0,P.VKST.S..MLD,1.8753855729109954,1,0,0
AZT,4.0,P.VKST.SKCMQD,3.2091987145966163,1,1,0
AZT,4.0,P.VKSTTSKCMQ.,1.7939772716810554,1,0,0
AZT,4.0,PK........M.D,3.5612438896308385,1,1,0
AZT,4.0,PK....T...MQ.,3.7127953133821174,1,1,0
AZT,4.0,PK...T..K.MQD,1.7847837545917882,2,0,0
AZT,4.0,PK...T..KCM.D,1.3456475728736734,1,0,0
AZT,4.0,PK...T..KS.LD,3.3045060798560186,1,1,0
AZT,4.0,PK...TT...MLD,3.5726482775869948,1,1,0
AZT,4.0,PK...TT..S...,3.3779863139627344,1,1,0
AZT,4.0,PK...TTS..M.D,1.8679723940029933,1,0,0
AZT,4.0,PK...TTSKCMLD,1.448210890560386,1,0,0
AZT,4.0,PK..HTTSKSMQ.,1.4578422958521944,1,0,0
AZT,4.0,PK.K.TT..SMQD,1.4453107926540076,1,0,0
AZT,4.0,PK.K.TT.KSM..,3.6495198147550933,1,1,0
AZT,4.0,PK.K.TTSK.MQD,1.6405793287446366,1,0,0
AZT,4.0,PK.KHTT..C...,3.107067775866751,1,0,0
AZT,4.0,PK.KN.TS.CMLD,3.264726288999225,1,1,0
AZT,4.0,PK.KNTT...MQD,3.587312618118648,1,1,0
AZT,4.0,PK.KS..S.CM.D,3.4800503284046234,1,1,0
AZT,4.0,PK.KS..S.SM..,1.7178423235325664,1,0,0
AZT,4.0,PK.KST.S.CM..,1.8236992954773938,1,0,0
AZT,4.0,PK.KSTT....LD,3.542397076532148,1,1,0
AZT,4.0,PK.KSTTS...L.,3.1835930142872204,1,1,0
AZT,4.0,PKL......SML.,1.7647768437591973,1,0,0
AZT,4.0,PKL.....KS.L.,2.6165553327734408,51457,0,1
AZT,4.0,PKL..T.S..MQD,3.524004712424933,1,1,0
AZT,4.0,PKL..TTS.CMLD,3.5809845435251053,1,1,0
AZT,4.0,PKL..TTSKS.LD,1.8854923056697208,1,0,0
AZT,4.0,PKL.H.T.K.MLD,3.466276395382096,1,1,0
AZT,4.0,PKL.HTTSKCM.D,3.5751204604185816,1,1,0
AZT,4.0,PKL.N..S.CML.,3.3381361607427906,1,1,0
AZT,4.0,PKL.NT...CM.D,3.3348569575012883,1,1,0
AZT,4.0,PKL.NTT.KS.Q.,1.9332714330124765,1,0,0
AZT,4.0,PKL.S...K.MLD,1.9819182324032951,1,0,0
AZT,4.0,PKL.S..S.SMQ.,1.8497121949673199,1,0,0
AZT,4.0,PKL.STT.KSM..,3.331610918095789,1,1,0
AZT,4.0,PKL.STT.KSMLD,3.3888459255573187,1,1,0
AZT,4.0,PKL.STTS.C.LD,3.429687508742676,1,1,0
AZT,4.0,PKLK...SKSML.,1.893909555866158,1,0,0
AZT,4.0,PKLK...SKSMQ.,3.5022945311018545,1,1,0
AZT,4.0,PKLK.T.S..MLD,1.4965799612841608,1,0,0
AZT,4.0,PKLK.T.SKSMQD,1.6435389375954625,1,0,0
AZT,4.0,PKLK.TT..SM.D,1.5922963530134526,1,0,0
AZT,4.0,PKLKHT....MQ.,1.7682640892139159,1,0,0
AZT,4.0,PKLKHT...C.L.,1.5871948795458029,1,0,0
AZT,4.0,PKLKHT.S.S...,3.4666481011708985,1,1,0
AZT,4.0,PKLKHT.S.SM.D,3.3613631215064537,1,1,0
AZT,4.0,PKLKHTT..CMLD,1.4844644279002794,1,0,0
AZT,4.0,PKLKHTT..SML.,1.6214218459315062,1,0,0
AZT,4.0,PKLKHTTS...L.,3.49060421414007,1,1,0
AZT,4.0,PKLKHTTSK.MQD,3.5956641012198967,1,1,0
AZT,4.0,PKLKN.TSKS.L.,1.7322896537586943,1,0,0
AZT,4.0,PKLKS.TS.S..D,3.243381881529187,1,1,0
AZT,4.0,PKLKST...SMQD,3.3201676597655516,1,1,0
AZT,4.0,PKLKST.S..MLD,3.1132914902400524,1,0,0
AZT,4.0,PKLKST.S.C.L.,3.590960727807813,1,1,0
AZT,4.0,PKLKSTTS..M.D,3.1948162174999015,1,1,0
AZT,4.0,PKV...T..SMQ.,1.1974698645475095,1,0,0
AZT,4.0,PKV.HT..KSML.,3.606355749263125,1,1,0
AZT,4.0,PKV.HTT..S.LD,1.7641572610852019,1,0,0
AZT,4.0,PKV.NT.S.S.Q.,3.53154462851428,1,1,0
AZT,4.0,PKV.NT.S.SM.D,1.6933827525728635,1,0,0
AZT,4.0,PKV.NTTSKSM..,3.5720013713293515,1,1,0
AZT,4.0,PKV.S.TS.C.QD,3.371688330226063,1,1,0
AZT,4.0,PKV.S.TS.CML.,3.4793413117015364,1,1,0
AZT,4.0,PKV.STT..CM.D,3.56628356174565,1,1,0
AZT,4.0,PKV.STTSK.MLD,3.3995105012848237,1,1,0
AZT,4.0,PKVK..TSK.M..,1.6619558445516898,1,0,0
AZT,4.0,PKVK.T.....LD,3.386460415552081,2,1,0
AZT,4.0,PKVK.T...SM.D,3.758712730435094,2,1,0
AZT,4.0,PKVK.TTS.CM.D,1.5605503947670232,1,0,0
AZT,4.0,PKVK.TTS.CML.,3.2767110971999385,1,1,0
AZT,4.0,PKVKHT...CM..,1.7922150831366084,1,0,0
AZT,4.0,PKVKHT...S.Q.,3.691130624790079,1,1,0
AZT,4.0,PKVKHT.S.CM.D,3.776963444662695,3,1,0
AZT,4.0,PKVKHTTS.S.QD,1.3470390887014498,1,0,0
AZT,4.0,PKVKHTTSKC..D,3.566563311285875,1,1,0
AZT,4.0,PKVKN..S.CM..,1.823387210486309,1,0,0
AZT,4.0,PKVKN..S.CMQ.,3.3715933148229507,1,1,0
AZT,4.0,PKVKNT.SK..L.,1.7344983108892487,1,0,0
AZT,4.0,PKVKNTT...MQ.,3.6452134043466735,1,1,0
AZT,4.0,PKVKNTT..S.L.,3.385125822306298,1,1,0
AZT,4.0,PKVKST.S..MLD,3.5300808981616383,1,1,0
AZT,4.0,PKVKSTT...MQD,1.1395053703912181,1,0,0
AZT,4.0,PKVKSTT.KSMQD,3.1904960799210937,1,1,0
AZT,4.0,PKVKSTTS..MQD,3.9640667635370157,1,1,0
AZT,4.0,PKVKSTTS.S.L.,1.5790677026543962,1,0,0
AZT,12.0,...........Q.,3.225370792469991,1,1,0
AZT,12.0,..........MLD,3.0246065789343763,1,1,0
AZT,12.0,......T..S.Q.,1.954086189612765,1,0,0
AZT,12.0,.....TT.KC...,3.3349762122584368,1,1,0
AZT,12.0,....H...KS...,3.5615365879042877,1,0,0
AZT,12.0,....H.TS...LD,3.436884816469422,1,1,0
AZT,12.0,....H.TS...Q.,3.553377284451702,1,1,0
AZT,12.0,....H.TS..MQ.,3.0359933941041715,1,0,0
AZT,12.0,....HT.S....D,3.233641236549817,1,0,0
AZT,12.0,....S....C...,3.388321632997724,1,1,0
AZT,12.0,....S.TS.CM.D,3.272333402026134,1,1,0
AZT,12.0,....ST...SM.D,3.257353772121497,1,1,0
AZT,12.0,....STTS.S..D,3.4138725093661257,1,1,0
AZT,12.0,...K..TSKS.LD,3.249077146316594,1,1,0
AZT,12.0,...K.TT..C...,3.3720521605197553,1,1,0
AZT,12.0,...KH.TSKC...,3.9803138441899573,1,1,0
AZT,12.0,...KNT...CM..,3.3238404056138555,1,0,0
AZT,12.0,...KST..KS..D,3.321646331388952,1,0,0
AZT,12.0,..L....SKC.QD,3.042067148777803,1,0,0
AZT,12.0,..L...T..C..D,3.0681241942192634,1,1,0
AZT,12.0,..L.H.TSKSM..,3.1366658101351335,1,1,0
AZT,12.0,..L.HTTSKC..D,3.135510606526445,1,1,0
AZT,12.0,..LK...SKSMQD,3.5143443942922383,2,1,0
AZT,12.0,..LK..T.....D,3.3440827434380918,2,1,0
AZT,12.0,..LK..TS.CMLD,3.2792058244033835,1,1,0
AZT,12.0,..LK.T...S...,3.26394196945353,1,1,0
AZT,12.0,..LK.TT.KCMLD,3.1897626401626473,1,1,0
AZT,12.0,..LK.TTS...Q.,3.4032538041744926,1,1,0
AZT,12.0,..LK.TTSKCMQ.,3.299271649286836,1,1,0
AZT,12.0,..LKHT.S....D,3.290194605828173,1,1,0
AZT,12.0,..LKN.TS.C.L.,3.195616000163905,1,1,0
AZT,12.0,..LKNT..K..LD,3.190599549409389,1,0,0
AZT,12.0,..LKST..KC..D,3.1144031306831184,1,0,0
AZT,12.0,..V...T.KS.L.,3.093385079031506,1,1,0
AZT,12.0,..V..TT..CMQ.,1.9388138434040034,1,0,0
AZT,12.0,..V..TT.KC.QD,3.2120187683021153,1,1,0
AZT,12.0,..V..TTS...L.,3.4410250142982237,1,1,0
AZT,12.0,..V.H.TS.C.Q.,3.4009357744858137,1,1,0
AZT,12.0,..V.NTT.KSMQ.,3.043648043434416,1,1,0
AZT,12.0,..V.S.TS.SMQD,3.0975960512425353,1,1,0
AZT,12.0,..V.S.TSKS...,3.264740133898585,1,1,0
AZT,12.0,..V.STTS.CM.D,3.385535362553759,1,1,0
AZT,12.0,..VK...S.SMLD,3.2822056737739183,1,1,0
AZT,12.0,..VK.T.SKSML.,3.527911214360376,1,1,0
AZT,12.0,..VKH....CMLD,3.3406609706998838,1,1,0
AZT,12.0,..VKHT..KC.L.,3.4322505458501213,1,1,0
AZT,12.0,..VKN....C...,3.1157098267765826,1,0,0
AZT,12.0,..VKN.T.KS.LD,3.4763362626766403,1,1,0
AZT,12.0,..VKSTTSK..LD,3.5265829572954495,1,1,0
AZT,12.0,.K.....S.C.L.,3.2722323201543646,1,1,0
AZT,12.0,.K....T.KCML.,3.198151921527536,1,1,0
AZT,12.0,.K...TTS..MQ.,3.6321359739084973,1,1,0
AZT,12.0,.K...TTSK...D,3.447993054077758,1,0,0
AZT,12.0,.K...TTSKC.L.,3.3241245344148247,1,1,0
AZT,12.0,.K...TTSKSM.D,1.8850518505574436,1,0,0
AZT,12.0,.K..H.TS.CM..,3.383552543376314,1,1,0
AZT,12.0,.K..N...KCM.D,3.3015943276641906,1,0,0
AZT,12.0,.K..N.T.KS.QD,3.309618004017129,1,1,0
AZT,12.0,.K..NTT..SM..,3.19355041015795,1,1,0
AZT,12.0,.K..S..S...L.,3.216690298680996,1,1,0
AZT,12.0,.K..S..SKCMQD,3.1960491159186644,1,1,0
AZT,12.0,.K..ST.S.S.LD,3.2701124271618682,2,1,0
AZT,12.0,.K.K...S..ML.,3.592573635598074,1,0,0
AZT,12.0,.K.K..T..CMQ.,2.9960829744266233,1,1,0
AZT,12.0,.K.KH..S...LD,3.6340317582443564,2,1,0
AZT,12.0,.K.KH.T.KSMQ.,3.1818316608892987,1,0,0
AZT,12.0,.K.KH.TSKC...,3.5277898470429587,1,0,0
AZT,12.0,.K.KHT...C...,3.1845361956749736,1,0,0
AZT,12.0,.K.KHT..KS..D,2.507447184593103,52957,0,1
AZT,12.0,.K.KN....C..D,3.5095134629658413,1,0,0
AZT,12.0,.K.KS...KCMQ.,3.319793018432786,1,0,0
AZT,12.0,.K.KS.T.KSM..,3.75594090681163,1,0,0
AZT,12.0,.KL.H...KS.LD,3.4597785647160535,1,1,0
AZT,12.0,.KL.H.TS.C.Q.,3.6068742726254426,1,1,0
AZT,12.0,.KL.H.TS.SML.,3.338566100237239,1,1,0
AZT,12.0,.KL.N..SKSML.,3.11827252494896,1,1,0
AZT,12.0,.KL.N.T..S..D,3.3376557785726875,1,1,0
AZT,12.0,.KL.ST...C.QD,3.090886095217247,1,1,0
AZT,12.0,.KLK.T...S.LD,3.2101557631487365,1,1,0
AZT,12.0,.KLKH....C.QD,1.7156083661876675,1,0,0
AZT,12.0,.KLKH..S.CM.D,3.2388857762035608,1,1,0
AZT,12.0,.KLKH..S.SML.,3.3030088789891376,1,1,0
AZT,12.0,.KLKHT...CMQ.,3.3234460204311227,1,1,0
AZT,12.0,.KLKHTT.KS.LD,3.4817665014588166,2,1,0
AZT,12.0,.KLKHTTS..MLD,3.223396282265179,1,1,0
AZT,12.0,.KLKHTTS.C.L.,3.244159614476208,2,1,0
AZT,12.0,.KLKS.TS.S.L.,3.1573001308133093,1,1,0
AZT,12.0,.KLKSTT.KC.L.,3.4458229246041108,1,1,0
AZT,12.0,.KV...T.KSMLD,3.2831283689627306,3,1,0
AZT,12.0,.KV..T.SK..L.,3.5841909684152853,1,0,0
AZT,12.0,.KV..TT.K..Q.,3.5307099515697544,1,1,0
AZT,12.0,.KV.H..S....D,3.4972377048058534,1,1,0
AZT,12.0,.KV.H.T..C.LD,3.1360514281072422,1,1,0
AZT,12.0,.KV.HT.....QD,3.285048532295074,1,1,0
AZT,12.0,.KV.HT..KSMLD,3.5372289467589675,1,1,0
AZT,12.0,.KV.N.TSKS.LD,3.325137218948423,1,1,0
AZT,12.0,.KV.S....C.Q.,3.238611526092503,1,1,0
AZT,12.0,.KV.S.TS.....,1.6659194916572098,1,0,0
AZT,12.0,.KV.STTS.S.LD,3.7408880972517227,1,1,0
AZT,12.0,.KV.STTS.SMLD,3.096800716076903,1,0,0
AZT,12.0,.KVK.....S.LD,3.289873099376451,1,1,0
AZT,12.0,.KVK..T..C.L.,3.3017454318354464,1,1,0
AZT,12.0,.KVK..T..CM..,3.4892737120128894,1,1,0
AZT,12.0,.KVK..TSKCMQD,3.510052570255953,1,1,0
AZT,12.0,.KVK.T.SKC.L.,3.72412159892511,1,1,0
AZT,12.0,.KVK.TTSKCML.,1.7791795500626726,1,0,0
AZT,12.0,.KVKH.TS..MLD,3.118636710142549,1,1,0
AZT,12.0,.KVKH.TS.SM.D,3.500242597256733,1,1,0
AZT,12.0,.KVKHTTS.SML.,3.1156560743429966,1,1,0
AZT,12.0,.KVKN.TSKC.LD,3.055976457203154,1,0,0
AZT,12.0,.KVKS..S.SM.D,3.0997584269182346,1,1,0
AZT,12.0,.KVKST..KCMLD,3.3968108789753972,1,0,0
AZT,12.0,.KVKST.S.C...,3.2595183483348853,1,1,0
AZT,12.0,.KVKST.S.C.LD,3.505916642297964,1,1,0
AZT,12.0,.KVKSTTS..MQD,2.938393675305578,1,0,0
AZT,12.0,P........C.LD,3.3261820598970453,1,1,0
AZT,12.0,P.....TS..M..,3.3863872648505406,1,1,0
AZT,12.0,P....TT..S.L.,1.673119191086597,1,0,0
AZT,12.0,P...H.....M..,3.589237852001322,1,0,0
AZT,12.0,P...H..S.S.L.,3.7288149942176227,1,1,0
AZT,12.0,P...H..SKSM..,3.703682301151203,1,0,0
AZT,12.0,P...HT...S.L.,3.6487007511389082,1,1,0
AZT,12.0,P...HTT...MQD,3.33614477022633,1,1,0
AZT,12.0,P...HTT.KS.Q.,3.584858066926261,1,1,0
AZT,12.0,P...N...K.MQD,3.3908711798476974,1,0,0
AZT,12.0,P...N.T...ML.,3.4121643993237605,1,1,0
AZT,12.0,P...N.TS..ML.,1.8463634264893896,1,0,0
AZT,12.0,P...N.TS..MQD,3.2461726941090063,1,1,0
AZT,12.0,P...NT.SKC.Q.,3.387925426167791,1,1,0
AZT,12.0,P...NTTS.CMQD,1.6773291299910087,1,0,0
AZT,12.0,P...S..S.S...,3.4401147876680924,1,1,0
AZT,12.0,P...ST..K.M.D,3.393281603963881,1,0,0
AZT,12.0,P...STT..CML.,3.457687725829473,1,1,0
AZT,12.0,P..K.........,3.4626489440905046,1,0,0
AZT,12.0,P..K....KCMLD,3.441000127348175,1,1,0
AZT,12.0,P..K..T.KSMQ.,3.190247443290744,1,1,0
AZT,12.0,P..K..TSKS..D,3.452739787501806,1,1,0
AZT,12.0,P..K.T..KSMLD,3.582908062719427,1,1,0
AZT,12.0,P..KHT..KS..D,3.5333162590698,1,0,0
AZT,12.0,P..KHTT.KSMQD,3.1710138120847904,1,1,0
AZT,12.0,P..KHTTSKCMQ.,3.4435843500742225,1,1,0
AZT,12.0,P..KNT.....Q.,3.401232141073448,1,0,0
AZT,12.0,P..KNTT......,3.2947762806235215,1,0,0
AZT,12.0,P..KNTT.K..Q.,3.986518146285004,1,0,0
AZT,12.0,P..KS....SM.D,3.293037648640817,1,0,0
AZT,12.0,P..KST......D,3.3420221332259974,1,0,0
AZT,12.0,P..KSTT.KC..D,3.436309517083587,1,0,0
AZT,12.0,P.L.......MLD,3.2938907768559518,1,1,0
AZT,12.0,P.L......SML.,3.720651361170726,1,1,0
AZT,12.0,P.L....S.C.Q.,3.733278018179507,1,1,0
AZT,12.0,P.L....SKC.QD,3.6262922969276086,1,1,0
AZT,12.0,P.L...T..S...,3.415439627646323,1,1,0
AZT,12.0,P.L...TSK.ML.,3.1025841789035282,1,1,0
AZT,12.0,P.L..T....MQD,3.4363783053721875,1,1,0
AZT,12.0,P.L..T.SKSM.D,3.745822248634772,1,1,0
AZT,12.0,P.L..TT.K..QD,1.7613333692869606,1,0,0
AZT,12.0,P.L.H.TSKS.QD,3.6361011189830283,1,1,0
AZT,12.0,P.L.HT.SKC.Q.,3.2669158166159886,1,1,0
AZT,12.0,P.L.HT.SKCML.,3.565757177580394,2,1,0
AZT,12.0,P.L.HTT..SML.,3.532782657827161,1,1,0
AZT,12.0,P.L.HTTS.S.L.,3.5061885573249985,2,1,0
AZT,12.0,P.L.N...K..Q.,3.4721844470355006,1,0,0
AZT,12.0,P.L.NTTS...L.,3.2725939015623924,1,1,0
AZT,12.0,P.L.NTTS.C.QD,3.3441131352319267,1,1,0
AZT,12.0,P.L.ST..KC..D,1.9371350769783575,1,0,0
AZT,12.0,P.LK..TSK.MQ.,3.301939962021935,1,1,0
AZT,12.0,P.LK.T..K..LD,3.481111253873671,1,1,0
AZT,12.0,P.LK.T.S.C...,3.7666916442760754,1,1,0
AZT,12.0,P.LK.T.SKS.QD,3.384582491183355,1,1,0
AZT,12.0,P.LK.TT.KCM..,3.287934277495903,1,1,0
AZT,12.0,P.LK.TTS.S.L.,3.5114821005311203,1,1,0
AZT,12.0,P.LKHT....MQD,3.47014384503014,2,1,0
AZT,12.0,P.LKHTT.KCMQD,1.6919953523583295,1,0,0
AZT,12.0,P.LKHTTS.CM..,3.3836811374618643,1,1,0
AZT,12.0,P.LKN...K....,4.760665753677523,1917,1,0
AZT,12.0,P.LKN.T....LD,3.305072088471273,1,1,0
AZT,12.0,P.LKN.T.K.MQD,3.1906704990814245,1,0,0
AZT,12.0,P.LKNT..KSMLD,3.4362592557443024,1,1,0
AZT,12.0,P.LKNT.S.C...,3.267168926669318,1,0,0
AZT,12.0,P.LKNTT..C.Q.,3.5098838061925623,1,1,0
AZT,12.0,P.LKS...KS.QD,1.957819407380783,1,0,0
AZT,12.0,P.LKST.S..MQ.,3.3284248936006797,1,1,0
AZT,12.0,P.LKSTT..S.LD,3.1938153333235237,1,1,0
AZT,12.0,P.V......SMQ.,3.4904523905932017,1,1,0
AZT,12.0,P.V....S.....,1.352324036778515,1,0,0
AZT,12.0,P.V....S..M..,4.132690132620358,1,1,0
AZT,12.0,P.V...TSKS.L.,3.118021551712448,1,1,0
AZT,12.0,P.V..T..K.MLD,3.3464726172567483,1,1,0
AZT,12.0,P.V.H.T.KSMLD,3.320928307952359,1,1,0
AZT,12.0,P.V.HTTS..M.D,3.66040946692035,1,1,0
AZT,12.0,P.V.N...KSMLD,3.419397420984569,1,1,0
AZT,12.0,P.V.NTTS..M..,3.325719697462787,1,1,0
AZT,12.0,P.V.NTTSKCM..,3.737948432921193,1,1,0
AZT,12.0,P.V.NTTSKSML.,3.4773517852193403,1,1,0
AZT,12.0,P.V.S....SML.,3.175755029933923,1,1,0
AZT,12.0,P.V.S.T...MQ.,3.459750258389266,1,1,0
AZT,12.0,P.V.ST..KCMLD,3.1103121761835677,1,1,0
AZT,12.0,P.V.ST.S....D,3.305294832710193,1,1,0
AZT,12.0,P.V.ST.SKSMQ.,3.5365224879110424,3,1,0
AZT,12.0,P.VK....KCM.D,3.5938486614100813,1,1,0
AZT,12.0,P.VK..T...MQD,3.5670822580747004,1,1,0
AZT,12.0,P.VK..TS..M..,1.0793139211489802,1,0,0
AZT,12.0,P.VK..TS.SMLD,3.362504203508364,1,1,0
AZT,12.0,P.VK..TSK.M.D,1.5209338635886862,1,0,0
AZT,12.0,P.VK..TSKS.Q.,3.0906274800864857,1,1,0
AZT,12.0,P.VK.T..KS...,3.4157714808966357,2,0,0
AZT,12.0,P.VK.T.S.CM.D,3.729236526145921,1,1,0
AZT,12.0,P.VK.T.S.SMLD,3.4195656095888367,1,1,0
AZT,12.0,P.VK.TTS....D,3.543568114461397,1,1,0
AZT,12.0,P.VKH..S.CMQ.,3.2161520291052663,1,1,0
AZT,12.0,P.VKH..S.SM..,3.7163697201956385,1,1,0
AZT,12.0,P.VKHT...C...,3.1204901215031016,1,1,0
AZT,12.0,P.VKHTTS.SMQ.,3.9334335027633713,2,1,0
AZT,12.0,P.VKN.....MQ.,1.7806388032435054,1,0,0
AZT,12.0,P.VKN..SK.M..,3.925713074274946,1,0,0
AZT,12.0,P.VKNT.SKS..D,3.5769446982013946,1,1,0
AZT,12.0,P.VKNTTSKSM.D,3.6065848380436956,1,1,0
AZT,12.0,P.VKS..S....D,3.3548486317784647,1,1,0
AZT,12.0,P.VKS..SKSM..,3.0304929625242414,1,0,0
AZT,12.0,P.VKS.T.KC.Q.,1.604680189860425,1,0,0
AZT,12.0,P.VKS.T.KSML.,3.206710014633563,1,1,0
AZT,12.0,P.VKST.SKCMQD,3.391328790356521,1,1,0
AZT,12.0,P.VKST.SKS.Q.,3.3474125591624584,4,1,0
AZT,12.0,PK....T...MQ.,4.061685378118667,1,1,0
AZT,12.0,PK....T.K.ML.,3.4082275885641513,1,1,0
AZT,12.0,PK...T...C.LD,3.3074912085343082,1,1,0
AZT,12.0,PK...T.SKSMQ.,3.0182276999272504,1,1,0
AZT,12.0,PK...TTSKS.QD,3.3484842038816987,1,1,0
AZT,12.0,PK..H..S.C..D,3.4118411675339813,1,1,0
AZT,12.0,PK..H..S.S.LD,1.8051817351122705,1,0,0
AZT,12.0,PK..H..S.SMQD,3.240587838788971,1,1,0
AZT,12.0,PK..H..SKSM..,3.3005841405078504,1,0,0
AZT,12.0,PK..H.T....L.,3.2395953651713167,1,1,0
AZT,12.0,PK..N...KC..D,3.5685270672800504,1,0,0
AZT,12.0,PK..N.TSKCMLD,1.6149497570515385,2,0,0
AZT,12.0,PK..NT.S.CML.,3.4587492499206482,1,1,0
AZT,12.0,PK..NT.SKSMLD,3.733310200456069,2,1,0
AZT,12.0,PK..NTTS.CM..,3.6113138560955806,1,1,0
AZT,12.0,PK..S..SKCMLD,3.4171671211834225,1,1,0
AZT,12.0,PK..S.TSKC...,3.3126564928816826,1,1,0
AZT,12.0,PK..STTSK.ML.,3.5958371189007163,1,1,0
AZT,12.0,PK.K...SK.MQ.,3.835914497243168,1,0,0
AZT,12.0,PK.K.T...S...,3.706718733668083,2,1,0
AZT,12.0,PK.K.T.S.CMLD,3.6328820055539857,1,1,0
AZT,12.0,PK.K.T.SK..Q.,3.7840165816968874,1,0,0
AZT,12.0,PK.K.T.SKSMQD,3.2394655120848608,1,1,0
AZT,12.0,PK.K.TT.KC.L.,1.3417327020886327,1,0,0
AZT,12.0,PK.K.TT.KSM..,3.9742276810042436,1,1,0
AZT,12.0,PK.KH..SKCMLD,3.3190721161256556,1,1,0
AZT,12.0,PK.KH..SKSM.D,3.2174054121337674,1,0,0
AZT,12.0,PK.KH.TSKS.Q.,3.090020733241484,1,1,0
AZT,12.0,PK.KH.TSKSMLD,3.2597372262802757,1,1,0
AZT,12.0,PK.KHT...C..D,3.494271632722638,1,1,0
AZT,12.0,PK.KHTT.KC.LD,3.288836148424438,1,1,0
AZT,12.0,PK.KHTTSKCML.,1.509435852772786,1,0,0
AZT,12.0,PK.KN..S.CML.,3.3655016610703905,1,1,0
AZT,12.0,PK.KN..S.SM.D,3.3595123666668387,1,1,0
AZT,12.0,PK.KN.T.KS...,3.6117461018131363,1,0,0
AZT,12.0,PK.KN.TS..MQD,3.4769356132373623,1,1,0
AZT,12.0,PK.KNTT...MQD,3.6093175871930607,1,1,0
AZT,12.0,PK.KNTT..SMQ.,1.573063660985635,1,0,0
AZT,12.0,PK.KNTTSKS.Q.,3.420380889851406,1,1,0
AZT,12.0,PK.KS.TS.CM..,3.3845718451207696,1,1,0
AZT,12.0,PK.KST...C.LD,3.12652358110738,1,1,0
AZT,12.0,PK.KST.S...QD,3.700537711613668,1,1,0
AZT,12.0,PK.KSTT....LD,3.8600188785357514,1,1,0
AZT,12.0,PK.KSTT.KCMLD,3.4567587478259543,1,1,0
AZT,12.0,PK.KSTTSKCMQ.,1.69038984150505,1,0,0
AZT,12.0,PKL...TSKCML.,1.3608625040764315,1,0,0
AZT,12.0,PKL..T.S...LD,3.265831394496316,1,0,0
AZT,12.0,PKL..T.S..ML.,1.434687547836493,1,0,0
AZT,12.0,PKL..T.SKSM..,3.387808938555639,3,1,0
AZT,12.0,PKL..TT....QD,3.478763497641745,1,1,0
AZT,12.0,PKL..TT...M.D,3.5037324680699977,1,1,0
AZT,12.0,PKL..TT...MQ.,1.6971738776352738,1,0,0
AZT,12.0,PKL..TTS.CMLD,3.650668189427912,1,1,0
AZT,12.0,PKL..TTS.SM..,3.6045275113988042,1,1,0
AZT,12.0,PKL.H....CMQ.,1.7383294904088855,1,0,0
AZT,12.0,PKL.H..S..MQD,3.4030478849540735,1,1,0
AZT,12.0,PKL.H..S.CM..,3.1468623144614636,1,1,0
AZT,12.0,PKL.H.TS..MQ.,3.38600364852417,1,1,0
AZT,12.0,PKL.HT..KSM.D,3.7522792787629493,1,1,0
AZT,12.0,PKL.HT.S.CMLD,3.1638501783466366,1,1,0
AZT,12.0,PKL.HTT.KCM..,3.6995699354906413,1,1,0
AZT,12.0,PKL.HTTS..M.D,3.2571748468236064,1,1,0
AZT,12.0,PKL.HTTSK.MQ.,1.5562476959836085,1,0,0
AZT,12.0,PKL.HTTSKCM.D,4.172836884901122,1,1,0
AZT,12.0,PKL.HTTSKSMQ.,3.225212231757225,1,1,0
AZT,12.0,PKL.N..SKSM.D,3.317743350470418,1,1,0
AZT,12.0,PKL.NT.S.C...,3.498791107623708,1,1,0
AZT,12.0,PKL.NT.SKCMLD,3.362978105927416,1,1,0
AZT,12.0,PKL.NTT.KCML.,3.276566702072825,1,1,0
AZT,12.0,PKL.S.T..CM..,3.062610026789269,1,1,0
AZT,12.0,PKL.ST.....Q.,3.347062969467534,2,0,0
AZT,12.0,PKL.ST..K..Q.,3.806094369889134,1,1,0
AZT,12.0,PKL.ST.S...LD,3.800282773846721,1,1,0
AZT,12.0,PKL.ST.SKCMQ.,3.6726515006053537,1,1,0
AZT,12.0,PKL.ST.SKSM.D,3.637632588898116,1,1,0
AZT,12.0,PKL.STT.KSMLD,3.422446291434431,1,1,0
AZT,12.0,PKL.STTS.C.LD,3.400312749273292,1,1,0
AZT,12.0,PKLK...S.CMQ.,3.265065282466859,1,1,0
AZT,12.0,PKLK...SKSMLD,3.4417780106249323,1,1,0
AZT,12.0,PKLK...SKSMQ.,3.52424692548826,1,1,0
AZT,12.0,PKLK..T..SMLD,1.8647342367939728,1,0,0
AZT,12.0,PKLK.T...C.L.,1.5637497366361652,1,0,0
AZT,12.0,PKLK.T..K..Q.,3.913798132719538,1,1,0
AZT,12.0,PKLK.TT...MLD,1.5555974624243412,1,0,0
AZT,12.0,PKLK.TT..SMQ.,1.488841657122473,1,0,0
AZT,12.0,PKLK.TT.K.MQD,3.4989874512227988,1,1,0
AZT,12.0,PKLK.TTS....D,3.340995454237988,1,1,0
AZT,12.0,PKLK.TTS.SML.,3.64869882943361,1,1,0
AZT,12.0,PKLK.TTSKC..D,3.1760570727495407,1,1,0
AZT,12.0,PKLKH...K.MLD,3.1440916983104796,1,0,0
AZT,12.0,PKLKH..S.SMQ.,3.317463143495816,1,1,0
AZT,12.0,PKLKH.T..S.QD,3.4971586944169175,1,1,0
AZT,12.0,PKLKHT.S...LD,3.2455713712567857,1,1,0
AZT,12.0,PKLKN...KSMLD,3.3791727819762296,1,1,0
AZT,12.0,PKLKN.T..C.LD,3.76952577504039,1,1,0
AZT,12.0,PKLKNTT....Q.,3.4139332713025525,1,1,0
AZT,12.0,PKLKNTT...M.D,3.5991998227716704,1,1,0
AZT,12.0,PKLKNTTS.SMQD,1.2473481760656462,1,0,0
AZT,12.0,PKLKS..S.SM.D,3.380442089125061,2,1,0
AZT,12.0,PKLKST.S.C.LD,3.6834522349215515,1,1,0
AZT,12.0,PKLKSTT..SMLD,1.4944212588047219,1,0,0
AZT,12.0,PKLKSTTS..M.D,3.5939738324145214,1,1,0
AZT,12.0,PKLKSTTS.CM..,3.6801743086798124,1,1,0
AZT,12.0,PKV.....K..L.,3.765000137914793,1,1,0
AZT,12.0,PKV..T...S...,1.6256978420002983,1,0,0
AZT,12.0,PKV..T...S.Q.,3.9507651531362713,1,1,0
AZT,12.0,PKV..T..KSMLD,3.136631374975189,1,1,0
AZT,12.0,PKV..T.S.CMQ.,3.4311054093487523,1,1,0
AZT,12.0,PKV..T.SK.MQD,1.523941662625757,1,0,0
AZT,12.0,PKV..TT..CML.,1.2369275420739845,1,0,0
AZT,12.0,PKV..TT..CMQ.,1.687122718397762,1,0,0
AZT,12.0,PKV..TT.K...D,3.5961348871359946,1,1,0
AZT,12.0,PKV..TTS.CM..,1.505166895106086,1,0,0
AZT,12.0,PKV..TTSK..QD,3.957942148834997,1,1,0
AZT,12.0,PKV..TTSKC.QD,3.3005303865367486,1,0,0
AZT,12.0,PKV.HT.....L.,1.5186586743425,1,0,0
AZT,12.0,PKV.HT..KC...,3.1089824256636573,1,1,0
AZT,12.0,PKV.HT.S.SML.,1.5186586743425,1,0,0
AZT,12.0,PKV.HT.SKS.Q.,3.7154821044642,1,1,0
AZT,12.0,PKV.N..SK...D,3.397880038022412,1,0,0
AZT,12.0,PKV.N.TSKS.L.,3.266244801129189,1,1,0
AZT,12.0,PKV.NT.SK.MQD,3.743458594266097,1,1,0
AZT,12.0,PKV.NTTS.S...,3.5821441515542514,1,1,0
AZT,12.0,PKV.NTTSKSM..,3.7790294585570563,1,1,0
AZT,12.0,PKV.S.T.....D,3.263674832531774,1,1,0
AZT,12.0,PKV.S.T..S.LD,1.7579176689113956,1,0,0
AZT,12.0,PKV.S.TS.C.QD,3.4633300117079098,1,1,0
AZT,12.0,PKV.S.TS.CML.,3.6083465455394945,1,1,0
AZT,12.0,PKV.S.TS.S.LD,3.4370431593327178,1,1,0
AZT,12.0,PKV.ST...SM.D,3.1992410237078577,1,1,0
AZT,12.0,PKV.ST.S...LD,1.6428503684024047,1,0,0
AZT,12.0,PKV.ST.SKC.L.,0.8922170734536788,1,0,0
AZT,12.0,PKV.STT..SM..,3.5428112140750914,1,1,0
AZT,12.0,PKV.STT..SMLD,3.1908164130584376,1,1,0
AZT,12.0,PKV.STT.K.MQD,3.774258160929924,1,1,0
AZT,12.0,PKV.STT.KSML.,3.5138060371375825,1,1,0
AZT,12.0,PKV.STTS.C.Q.,3.434170465638894,1,1,0
AZT,12.0,PKV.STTSKSMLD,3.3586626887798925,1,1,0
AZT,12.0,PKVK..T.KC..D,1.6745885842493795,1,0,0
AZT,12.0,PKVK..TSK.M..,0.9018829190715636,1,0,0
AZT,12.0,PKVK.T....ML.,1.6915278989453082,1,0,0
AZT,12.0,PKVK.T...SMQD,3.7687781340629543,1,1,0
AZT,12.0,PKVK.T.S...L.,3.1446249700614075,1,1,0
AZT,12.0,PKVK.T.S.CM..,3.8016750125765686,1,1,0
AZT,12.0,PKVK.T.S.SM.D,3.3137566981649327,2,0,0
AZT,12.0,PKVK.TT.....D,1.8459264984883492,1,0,0
AZT,12.0,PKVK.TTSK.M.D,3.586117182222218,1,1,0
AZT,12.0,PKVKH.TS.C.Q.,3.4579007560686383,1,1,0
AZT,12.0,PKVKHT...S.Q.,3.6176844406678166,1,1,0
AZT,12.0,PKVKHT.S.CM.D,4.022767914487055,1,1,0
AZT,12.0,PKVKHTTS.CM..,3.3335859257276326,1,1,0
AZT,12.0,PKVKHTTSK.MQ.,1.5144282406449578,1,0,0
AZT,12.0,PKVKHTTSKC..D,3.536309258364057,1,1,0
AZT,12.0,PKVKN....SM.D,1.8871859877530166,1,0,0
AZT,12.0,PKVKN...K.MLD,3.583081541076495,1,0,0
AZT,12.0,PKVKN..S.C...,3.3352560580699966,1,1,0
AZT,12.0,PKVKN..S.CM.D,3.2166759139063434,1,1,0
AZT,12.0,PKVKN..S.CMQ.,3.558352814255761,1,1,0
AZT,12.0,PKVKN.TS...LD,3.270325920945987,1,1,0
AZT,12.0,PKVKN.TS..ML.,3.316083316322617,1,1,0
AZT,12.0,PKVKNT.SK.ML.,1.7676876401626491,1,0,0
AZT,12.0,PKVKNTTSKCMQD,3.4621990739168513,1,1,0
AZT,12.0,PKVKS...KSM..,3.2898971561809343,1,0,0
AZT,12.0,PKVKS..S.CMLD,3.3057571043511604,1,1,0
AZT,12.0,PKVKS.T.KS.LD,3.762986532276072,1,1,0
AZT,12.0,PKVKSTT..SMQD,1.5186586743425,1,0,0
AZT,12.0,PKVKSTT.KSMQD,3.290576968308203,1,1,0
AZT,12.0,PKVKSTTS...Q.,3.2398864239882745,1,1,0
AZT,12.0,PKVKSTTS..MQD,3.923990354024,1,1,0
AZT,12.0,PKVKSTTS.C..D,3.4026786166050536,1,1,0
AZT,12.0,PKVKSTTS.CMQ.,3.2187222354973595,1,1,0
AZT,12.0,PKVKSTTSKSMQ.,3.2650920851865775,1,1,0
AZT,36.0,.......S..MQD,1.7127859607343152,1,0,0
AZT,36.0,.....TT.KC.L.,3.2342159934273917,1,1,0
AZT,36.0,.....TTS.CMQD,3.017052984741316,1,1,0
AZT,36.0,....H...KC.L.,3.3601123789496814,1,1,0
AZT,36.0,....H...KS...,3.579459569149231,1,1,0
AZT,36.0,....H.T..C.QD,3.7021502743815966,2,1,0
AZT,36.0,....H.TS...LD,3.1395208800254344,1,1,0
AZT,36.0,....H.TS...Q.,3.0879655325042052,1,1,0
AZT,36.0,....HTT....Q.,3.5427734067729353,1,1,0
AZT,36.0,....N.TS....D,3.3402075609306348,2,1,0
AZT,36.0,....NT.SKSMLD,3.253862233942556,1,1,0
AZT,36.0,....S..S.SMQ.,3.1534101535219117,1,1,0
AZT,36.0,....S.T.K....,3.2168839217933285,1,1,0
AZT,36.0,....STT.KCM..,3.6708632512893344,2,1,0
AZT,36.0,....STTS.S..D,3.163216771820506,1,1,0
AZT,36.0,...K..TS.S.L.,3.3368900769625673,1,1,0
AZT,36.0,...K..TSKSM..,3.5049657069293825,1,1,0
AZT,36.0,...K.TT..C...,3.5658316425442242,1,1,0
AZT,36.0,...K.TTSKC.LD,3.5458338116100654,1,1,0
AZT,36.0,...KH....C.Q.,3.1115769227646126,1,1,0
AZT,36.0,...KH.T.K.M.D,3.5409736730210497,1,1,0
AZT,36.0,...KH.T.KC...,3.523498996613453,1,0,0
AZT,36.0,...KH.T.KCML.,2.941927284764582,1,1,0
AZT,36.0,...KH.T.KSMQ.,3.3615984500717158,1,1,0
AZT,36.0,...KH.TS.C.LD,2.9043955371695716,1,0,0
AZT,36.0,...KH.TSKC...,4.014324810761203,2,1,0
AZT,36.0,...KHT.SKC..D,3.290963395302119,1,1,0
AZT,36.0,...KHTT......,3.0849456848198096,1,0,0
AZT,36.0,...KHTT.K....,3.7024055472858843,3,0,0
AZT,36.0,...KHTTS....D,2.9962268585240888,1,1,0
AZT,36.0,...KN.T..SMQ.,3.026076240372047,1,1,0
AZT,36.0,...KN.TS.CM.D,3.375892131132065,1,1,0
AZT,36.0,...KN.TSKSMLD,3.310328218109775,1,1,0
AZT,36.0,...KNT...CM..,3.3358122156168384,1,1,0
AZT,36.0,...KNT.SKCMLD,3.2277646896819987,1,1,0
AZT,36.0,...KNTT..S...,3.292841668932376,1,1,0
AZT,36.0,...KNTT..S.QD,3.3615582471162324,1,1,0
AZT,36.0,...KNTTSKC.Q.,3.224942871570931,1,1,0
AZT,36.0,...KS...K.MLD,3.337279319332883,1,0,0
AZT,36.0,...KST.SK...D,3.682372641407076,2,1,0
AZT,36.0,...KST.SK..L.,3.2646386169811823,1,1,0
AZT,36.0,...KSTTS.SM.D,3.263436818505865,1,1,0
AZT,36.0,...KSTTS.SMQ.,3.200209408883408,1,1,0
AZT,36.0,..L.....K..QD,3.3521482695399456,1,1,0
AZT,36.0,..L..T.S.C.Q.,3.3131891283226858,1,1,0
AZT,36.0,..L..TT..SM..,3.0780007575253716,1,1,0
AZT,36.0,..L..TTS.C...,3.3772354564951037,1,1,0
AZT,36.0,..L..TTSKSML.,3.247890957036983,1,1,0
AZT,36.0,..L.H.TSKSM..,3.1936508995688992,1,1,0
AZT,36.0,..L.HT.SKSMLD,3.1274798271228827,1,1,0
AZT,36.0,..L.N.T..CMQ.,3.001503300345772,1,0,0
AZT,36.0,..L.N.TS.SM.D,3.2486118475438728,1,1,0
AZT,36.0,..L.NT...SML.,3.2354494664274545,2,1,0
AZT,36.0,..L.NT..KSM..,3.1372605521668797,1,1,0
AZT,36.0,..L.NT.SKS...,3.6655513600049328,1,1,0
AZT,36.0,..L.NT.SKS.Q.,2.9900584091037308,1,0,0
AZT,36.0,..L.S....SM.D,3.1296674159140334,1,1,0
AZT,36.0,..L.S...KSML.,3.187569535342396,1,1,0
AZT,36.0,..L.S.T..C..D,3.2779281219405036,1,1,0
AZT,36.0,..L.S.T..S.QD,3.0839055752924645,1,1,0
AZT,36.0,..L.S.T.KSMQD,3.5013889111772247,1,1,0
AZT,36.0,..L.ST...C.LD,3.236877510649941,1,1,0
AZT,36.0,..L.ST..KCMQD,3.2190240204825837,1,0,0
AZT,36.0,..L.STT....L.,3.1475437032763303,1,1,0
AZT,36.0,..L.STT..SM.D,3.510404205269434,1,1,0
AZT,36.0,..LK.....C.QD,3.172755593788252,1,1,0
AZT,36.0,..LK.....S..D,3.5766019871717187,1,1,0
AZT,36.0,..LK...SKSMQD,3.3251238066410833,1,1,0
AZT,36.0,..LK..T.....D,3.4293919863585236,1,1,0
AZT,36.0,..LK..TSKS.L.,2.9732972251026313,1,1,0
AZT,36.0,..LK.T.SKC.LD,3.2677317305760347,1,1,0
AZT,36.0,..LK.TTS...Q.,3.2457283512782227,1,1,0
AZT,36.0,..LKH....S.L.,2.9613770493918885,1,1,0
AZT,36.0,..LKH..S..MQ.,3.2731006095773525,1,1,0
AZT,36.0,..LKH.TSK..L.,3.3928371810800115,1,1,0
AZT,36.0,..LKHT..KCM..,3.178723556407751,1,1,0
AZT,36.0,..LKHTTS..M..,3.3349978079247276,3,1,0
AZT,36.0,..LKHTTSKS.L.,3.1204898123351392,2,1,0
AZT,36.0,..LKNTTS.C...,3.3139555097792597,2,1,0
AZT,36.0,..LKS..SKC..D,3.4094143728187993,1,1,0
AZT,36.0,..LKS.TS.C.LD,3.5269964648146375,1,1,0
AZT,36.0,..LKS.TSK.MQD,3.229305949713204,1,1,0
AZT,36.0,..LKS.TSKS...,3.315769063643173,1,1,0
AZT,36.0,..LKST..K..Q.,3.320914497664741,1,1,0
AZT,36.0,..LKST.SK.MQ.,2.8040087731421424,1,1,0
AZT,36.0,..LKSTT..C.Q.,3.1973296907778415,1,1,0
AZT,36.0,..LKSTT..S.L.,3.183223321661647,1,1,0
AZT,36.0,..LKSTT.KC...,3.0572173605407134,1,1,0
AZT,36.0,..V......SMQD,3.0430503925781953,1,1,0
AZT,36.0,..V..T...C.QD,3.087168501376052,1,1,0
AZT,36.0,..V..T..KCML.,3.232701347964013,1,1,0
AZT,36.0,..V..TT..S.LD,3.1563519023963167,1,1,0
AZT,36.0,..V..TTS...L.,3.609210820645322,1,1,0
AZT,36.0,..V.H...KSML.,2.9650153637760095,1,1,0
AZT,36.0,..V.H..S.C.L.,3.680935886548775,1,1,0
AZT,36.0,..V.H..S.CMQD,3.2600355515155766,1,1,0
AZT,36.0,..V.H.T...MLD,3.0731873354626753,1,1,0
AZT,36.0,..V.H.TS.C.Q.,3.5589621114481,1,1,0
AZT,36.0,..V.HT..K.MQD,3.319847339482102,1,1,0
AZT,36.0,..V.HT.S.C..D,3.258064620088961,1,1,0
AZT,36.0,..V.HT.S.C.L.,3.2041354158755717,1,0,0
AZT,36.0,..V.HT.S.SM..,3.4407076054953682,3,1,0
AZT,36.0,..V.HTT.K.M.D,3.4096855312496177,1,1,0
AZT,36.0,..V.HTT.KC.LD,3.3786480068160127,1,1,0
AZT,36.0,..V.N.T..S.QD,3.4107257983709207,1,1,0
AZT,36.0,..V.N.T..SM..,3.5920274225933104,2,1,0
AZT,36.0,..V.N.T..SML.,3.124060056544866,3,0,0
AZT,36.0,..V.N.TSK.MQD,3.3150671981168323,1,1,0
AZT,36.0,..V.NT.....LD,3.040658831189767,1,1,0
AZT,36.0,..V.NT..K..QD,3.1964420906798034,1,1,0
AZT,36.0,..V.NT..KS..D,3.4229679836349773,1,1,0
AZT,36.0,..V.NTTSKS.Q.,2.94694884459845,1,1,0
AZT,36.0,..V.S..S.CML.,3.7633680854746347,2,1,0
AZT,36.0,..V.S.TSKS...,3.745037877825861,1,1,0
AZT,36.0,..V.ST..KCMQD,3.6432163409770677,1,1,0
AZT,36.0,..V.STT.KS...,3.2212844376574084,1,1,0
AZT,36.0,..VK.....SM.D,3.3262480978326234,1,1,0
AZT,36.0,..VK...S.SMLD,3.396710270576936,1,1,0
AZT,36.0,..VK...SK....,3.7339501603111556,1,1,0
AZT,36.0,..VK..T....L.,3.063242734041935,1,1,0
AZT,36.0,..VK..T..C.QD,3.0415018755269254,1,1,0
AZT,36.0,..VK..TS.S.Q.,3.377781921861429,1,1,0
AZT,36.0,..VK.T.SK.M..,3.358702049777068,1,1,0
AZT,36.0,..VK.T.SKSML.,3.68144932282403,1,1,0
AZT,36.0,..VK.TTS.C.LD,3.500255619031203,3,1,0
AZT,36.0,..VK.TTSK.ML.,3.2134184150545213,1,1,0
AZT,36.0,..VK.TTSKS.L.,3.5028362603347603,1,1,0
AZT,36.0,..VKHT.SK..Q.,3.0619357275128065,1,1,0
AZT,36.0,..VKHTT.KSMQD,3.5258020448948746,2,1,0
AZT,36.0,..VKHTTS.S...,3.358641534941968,1,1,0
AZT,36.0,..VKN....C...,3.157655138864945,1,1,0
AZT,36.0,..VKN..S..M..,3.676375279348026,1,1,0
AZT,36.0,..VKN.T..C.L.,3.1379068935552477,1,1,0
AZT,36.0,..VKN.T..S...,3.149963648620376,1,1,0
AZT,36.0,..VKN.T.KS.LD,3.3953510948822787,1,1,0
AZT,36.0,..VKNTTS.SML.,3.189250948052454,1,1,0
AZT,36.0,..VKS..S.S.QD,2.9461692716473173,1,1,0
AZT,36.0,..VKS..SKCM.D,2.86905193588714,1,1,0
AZT,36.0,..VKS.TS..M.D,3.4006096180173198,1,1,0
AZT,36.0,..VKS.TSKSM.D,3.066220675803277,1,1,0
AZT,36.0,..VKSTT....QD,3.428562888520282,2,1,0
AZT,36.0,..VKSTTSK..LD,3.5375197462579355,1,1,0
AZT,36.0,.K.....S.C.L.,3.751648066834849,1,1,0
AZT,36.0,.K....T...MQD,3.775351577633078,1,1,0
AZT,36.0,.K....TSKCML.,3.189760151197886,1,1,0
AZT,36.0,.K...T..K....,3.4621025915209493,1,1,0
AZT,36.0,.K...T..KCMQD,3.214010580471842,1,1,0
AZT,36.0,.K...TT.KS...,3.2364965072756817,1,1,0
AZT,36.0,.K...TTS..MQ.,3.410204927250661,1,1,0
AZT,36.0,.K..H....CMQD,3.114674885420191,1,1,0
AZT,36.0,.K..H...KS.QD,3.046492928444763,1,1,0
AZT,36.0,.K..H..SKC.Q.,1.9568008703579012,1,0,0
AZT,36.0,.K..H.TS.C.Q.,2.922038054174144,1,1,0
AZT,36.0,.K..H.TS.CM..,3.5556332409035094,1,1,0
AZT,36.0,.K..H.TSK.M..,3.1484383060017245,1,1,0
AZT,36.0,.K..HT.S..M.D,3.4626621149888233,1,1,0
AZT,36.0,.K..HTT..SMQD,2.9089188831611708,1,1,0
AZT,36.0,.K..HTTSK.MQD,3.1930326013871553,1,1,0
AZT,36.0,.K..N...K.ML.,3.617987679578656,1,1,0
AZT,36.0,.K..N...KCM.D,3.5739657897034767,1,1,0
AZT,36.0,.K..N..S.C..D,3.331263889979352,1,1,0
AZT,36.0,.K..N.TSK.MLD,3.412690416339321,1,1,0
AZT,36.0,.K..NT..KC..D,3.008821810298871,1,1,0
AZT,36.0,.K..NT.SKS.LD,3.001792681094488,1,1,0
AZT,36.0,.K..NTT..C.L.,3.0352318143031467,1,1,0
AZT,36.0,.K..NTT..SM..,3.4627987717551174,1,1,0
AZT,36.0,.K..S.TS.C...,3.264477634757436,1,1,0
AZT,36.0,.K..STT.K..L.,3.648178030865111,1,1,0
AZT,36.0,.K..STTS...LD,2.8635302233217574,1,1,0
AZT,36.0,.K..STTSKS.L.,2.9884590498844923,1,1,0
AZT,36.0,.K.K...SK.MLD,3.3864130301174606,2,1,0
AZT,36.0,.K.K...SKC.Q.,3.3174033302436814,1,1,0
AZT,36.0,.K.K..T...MQ.,2.9524420236564337,1,1,0
AZT,36.0,.K.K.T..K.M..,3.905069114477207,1,1,0
AZT,36.0,.K.K.T.SKSM..,3.4616130833659797,1,1,0
AZT,36.0,.K.K.TT..SML.,3.48409156187561,1,1,0
AZT,36.0,.K.K.TT..SMQ.,3.0481850040110516,1,0,0
AZT,36.0,.K.K.TTSKC.QD,3.3133670251171163,1,1,0
AZT,36.0,.K.KH..SKS...,3.5435669800328067,2,1,0
AZT,36.0,.K.KH.T...ML.,3.386551412351469,1,1,0
AZT,36.0,.K.KHT...C...,3.3259980019053415,1,1,0
AZT,36.0,.K.KHT.S.....,3.876831368700412,1,1,0
AZT,36.0,.K.KHT.S.SM..,3.3496615956406175,1,1,0
AZT,36.0,.K.KHT.SK.ML.,3.5795287207340327,1,1,0
AZT,36.0,.K.KHTT.K....,4.27282959678529,1,1,0
AZT,36.0,.K.KHTT.K.M..,3.5538352178697146,12,0,0
AZT,36.0,.K.KHTTSK...D,3.461236766269399,4,0,0
AZT,36.0,.K.KHTTSK.MLD,3.269786840512725,1,1,0
AZT,36.0,.K.KN....C..D,3.3725049465891273,1,1,0
AZT,36.0,.K.KN...KCM..,3.7319386221836544,4,1,0
AZT,36.0,.K.KN..S..MLD,3.276211253659448,2,1,0
AZT,36.0,.K.KN.T......,3.122524201411089,1,1,0
AZT,36.0,.K.KN.T.K.ML.,3.3481419574370417,1,1,0
AZT,36.0,.K.KN.TSK....,3.892796539720809,2,1,0
AZT,36.0,.K.KNT..K..LD,3.881865979948313,4,1,0
AZT,36.0,.K.KNTT.KC..D,3.35873298489539,1,1,0
AZT,36.0,.K.KS...K.MLD,3.8795794981901275,1,1,0
AZT,36.0,.K.KS...KC.LD,3.8807108362594613,1,1,0
AZT,36.0,.K.KS..S...QD,3.1188026599359637,1,1,0
AZT,36.0,.K.KS..S.S..D,2.994936540967397,1,1,0
AZT,36.0,.K.KS.TS.....,3.556910890687493,1,1,0
AZT,36.0,.K.KS.TS.C.Q.,3.2475964600934253,1,1,0
AZT,36.0,.K.KSTTSK..LD,3.1436763701602297,1,1,0
AZT,36.0,.KL......C.L.,3.383322894216571,2,1,0
AZT,36.0,.KL....S...L.,3.228788050829114,2,1,0
AZT,36.0,.KL..TT.K.M.D,3.427101825053982,1,1,0
AZT,36.0,.KL..TTS..ML.,3.1937727033197056,1,1,0
AZT,36.0,.KL.H.T..S...,3.5163760366308696,1,1,0
AZT,36.0,.KL.H.TSK.ML.,3.241707232882633,1,1,0
AZT,36.0,.KL.HT.SKSMQD,2.895498681678973,1,1,0
AZT,36.0,.KL.N....SMLD,2.87029356316437,1,1,0
AZT,36.0,.KL.N...KCML.,3.1125446597772592,1,1,0
AZT,36.0,.KL.N..S...LD,3.064584589428815,1,1,0
AZT,36.0,.KL.N.T..CMQ.,3.524849100073663,1,1,0
AZT,36.0,.KL.N.T..S..D,3.2593046746164176,2,1,0
AZT,36.0,.KL.NT..KC.L.,3.3501691553895783,2,1,0
AZT,36.0,.KL.NTT...MQ.,3.4802246167675257,1,1,0
AZT,36.0,.KL.S..S..MQD,3.035819886997544,1,1,0
AZT,36.0,.KL.S.T.KS...,3.3976370334586203,2,1,0
AZT,36.0,.KL.S.TS..MLD,3.2088602352838955,1,1,0
AZT,36.0,.KL.S.TS.CMQD,3.210366050177952,1,1,0
AZT,36.0,.KL.ST.S..M..,3.800621444828808,1,1,0
AZT,36.0,.KL.ST.S.CML.,3.08884359063823,1,1,0
AZT,36.0,.KL.STTS.S..D,2.927487999666707,1,1,0
AZT,36.0,.KLK....KC...,3.2552708202458764,1,1,0
AZT,36.0,.KLK...S....D,3.1387497423106634,1,1,0
AZT,36.0,.KLK..TS...Q.,3.0231475194106836,1,1,0
AZT,36.0,.KLK..TS.C.QD,3.4528063309977086,1,1,0
AZT,36.0,.KLK..TS.S.LD,3.27773698696775,1,1,0
AZT,36.0,.KLK..TS.SM.D,3.340792459909671,1,1,0
AZT,36.0,.KLK..TSKC.Q.,3.233150845133609,1,1,0
AZT,36.0,.KLK.T...S.LD,3.529921424485003,1,1,0
AZT,36.0,.KLK.T..K....,3.7616858432685656,1,1,0
AZT,36.0,.KLK.TTS.C.L.,3.246032560465473,1,1,0
AZT,36.0,.KLK.TTS.C.QD,2.935268849063783,1,0,0
AZT,36.0,.KLKH...KCMLD,1.5242364064442329,1,0,0
AZT,36.0,.KLKH..S.SML.,3.3793325747047165,2,1,0
AZT,36.0,.KLKH.T.KS.LD,3.9653439105220283,1,1,0
AZT,36.0,.KLKHT..KSMQD,3.1031943546671177,1,1,0
AZT,36.0,.KLKHT.S.S...,3.506826420719286,1,1,0
AZT,36.0,.KLKHTTS.CM..,3.4154674302292762,1,1,0
AZT,36.0,.KLKN....S...,3.481294569406544,1,1,0
AZT,36.0,.KLKN.T.KCML.,3.0293069596346354,1,1,0
AZT,36.0,.KLKN.TS.S.QD,3.6309606022476215,1,1,0
AZT,36.0,.KLKNT.S.C.QD,3.1902160149297116,1,1,0
AZT,36.0,.KLKNTT..S.LD,3.240460561735611,1,1,0
AZT,36.0,.KLKNTTSKSMQ.,3.4345503432959434,1,1,0
AZT,36.0,.KLKS....CMQ.,2.930812733906912,1,1,0
AZT,36.0,.KLKS..S.SM..,3.2633781470273395,1,1,0
AZT,36.0,.KLKS..SK..LD,3.4208895506049277,1,1,0
AZT,36.0,.KLKS.T..SMQD,3.0814928769357923,1,1,0
AZT,36.0,.KLKS.TS.S.L.,3.112704425528095,1,1,0
AZT,36.0,.KLKS.TSK...D,3.1352159618894166,1,1,0
AZT,36.0,.KLKST.S.C.Q.,3.092782981258636,2,1,0
AZT,36.0,.KLKSTT.KC.L.,3.458288646698608,1,1,0
AZT,36.0,.KV...T.KSMLD,3.63240418523929,1,1,0
AZT,36.0,.KV...T.KSMQ.,3.0808610603348887,2,0,0
AZT,36.0,.KV...TS.S...,3.1059805939408833,1,1,0
AZT,36.0,.KV...TSKC.Q.,3.278594315832231,1,1,0
AZT,36.0,.KV..T...CML.,3.3377190678077575,1,1,0
AZT,36.0,.KV..T.SK.M..,3.634006690779436,1,1,0
AZT,36.0,.KV..T.SKCMLD,3.5008521811902202,1,1,0
AZT,36.0,.KV..TTS.SML.,2.925248234216269,1,1,0
AZT,36.0,.KV.H....SMLD,3.907110290487417,1,1,0
AZT,36.0,.KV.H..S....D,3.3206291102407257,1,1,0
AZT,36.0,.KV.H.T...M..,3.3944562978490906,1,1,0
AZT,36.0,.KV.HT....MQD,3.233625461702413,1,1,0
AZT,36.0,.KV.HT...C.L.,3.090498893116874,1,1,0
AZT,36.0,.KV.HT..K..Q.,3.8511449740282546,1,1,0
AZT,36.0,.KV.HT..KSMLD,3.2649473015412056,1,1,0
AZT,36.0,.KV.HTT..CML.,3.033957381000726,2,1,0
AZT,36.0,.KV.HTTSKC.L.,2.9374825412472068,1,1,0
AZT,36.0,.KV.N...KSMQD,3.5547782566527606,1,1,0
AZT,36.0,.KV.NT...S.L.,3.26186087790134,1,1,0
AZT,36.0,.KV.NTT.KS...,3.5721404815574216,1,1,0
AZT,36.0,.KV.S...K.M.D,3.828811621219351,2,1,0
AZT,36.0,.KV.S..SKC.L.,3.1254447946416564,1,1,0
AZT,36.0,.KVK.....C...,3.4248017729504947,1,1,0
AZT,36.0,.KVK.....S.LD,3.544914006376147,1,1,0
AZT,36.0,.KVK....K.M..,3.9284671131221023,1,1,0
AZT,36.0,.KVK....KC.QD,3.696315748373588,1,1,0
AZT,36.0,.KVK..T..CM..,3.495686740053396,1,1,0
AZT,36.0,.KVK..TSK...D,3.306288569939921,1,1,0
AZT,36.0,.KVK..TSKCMQD,3.891465346817967,1,1,0
AZT,36.0,.KVK.T..KC...,3.3457678483415,1,1,0
AZT,36.0,.KVK.T..KCMQD,3.3515756299756205,3,1,0
AZT,36.0,.KVK.T.SKC.L.,3.3616243615130497,1,1,0
AZT,36.0,.KVKH.....M..,3.7824034036348633,1,1,0
AZT,36.0,.KVKH....S.L.,3.1988774051135445,1,1,0
AZT,36.0,.KVKH...KCML.,1.446632202481468,1,0,0
AZT,36.0,.KVKH..SKCML.,3.1126701606039395,1,1,0
AZT,36.0,.KVKH.TSKCM..,3.1938676826426913,1,1,0
AZT,36.0,.KVKHT..KS.Q.,3.0634574887961086,1,1,0
AZT,36.0,.KVKHT.SKC...,3.35151827241259,1,1,0
AZT,36.0,.KVKHTTS.SML.,3.7077005138503174,1,1,0
AZT,36.0,.KVKHTTSKC.QD,3.27196513412768,1,1,0
AZT,36.0,.KVKN...K.MLD,3.7268405940696656,1,1,0
AZT,36.0,.KVKN.T.KCMLD,3.882393627238898,2,1,0
AZT,36.0,.KVKNT....M.D,3.4300160132647077,1,1,0
AZT,36.0,.KVKNTTSK.MQ.,3.659091966581447,1,1,0
AZT,36.0,.KVKS...KS...,3.3311899972593007,1,1,0
AZT,36.0,.KVKS..SK...D,3.488059894865684,3,1,0
AZT,36.0,.KVKS.TSKC...,3.2740919560595834,1,1,0
AZT,36.0,.KVKST......D,2.967083923413134,1,1,0
AZT,36.0,.KVKST...CM.D,3.7664227828902503,1,1,0
AZT,36.0,.KVKST.S.C...,3.067310851889015,1,1,0
AZT,36.0,.KVKST.S.C.LD,3.5210446232246335,1,1,0
AZT,36.0,P........C.LD,3.239291850919584,1,1,0
AZT,36.0,P.....T.KC.QD,3.2114083268286033,1,1,0
AZT,36.0,P.....TS.CM.D,3.6694778247015876,1,1,0
AZT,36.0,P....TTSK..L.,3.7702003262617683,2,1,0
AZT,36.0,P...H.....M..,3.3180214819773832,1,1,0
AZT,36.0,P...H..S.....,3.800783211369627,1,1,0
AZT,36.0,P...H..S.CMQD,3.5097695944503826,1,1,0
AZT,36.0,P...HT..K..LD,3.1294012217591236,1,1,0
AZT,36.0,P...HT..KSMQ.,3.2653168423988985,1,1,0
AZT,36.0,P...HT.SKC...,3.4811421563423908,1,1,0
AZT,36.0,P...HTT.KS.Q.,3.460165732493957,1,1,0
AZT,36.0,P...HTTS.C.Q.,3.435287287150181,1,1,0
AZT,36.0,P...N...K.MQD,3.122470833648113,1,1,0
AZT,36.0,P...N.TS..MQD,3.7422495162842466,1,1,0
AZT,36.0,P...N.TS.SML.,3.5638606105147046,1,1,0
AZT,36.0,P...N.TSK.M.D,3.330386962459474,1,1,0
AZT,36.0,P...NT..KC.Q.,3.1943786176261675,1,1,0
AZT,36.0,P...NTT.KCM..,3.6079246912922733,1,1,0
AZT,36.0,P...NTTS.....,3.250966111049747,2,1,0
AZT,36.0,P...NTTS.CML.,3.0767015170723946,1,1,0
AZT,36.0,P...S..SKCM..,3.3115012893245495,1,1,0
AZT,36.0,P...ST.S.SMLD,3.463394579695765,1,1,0
AZT,36.0,P...STT..CML.,3.6977863768490313,1,1,0
AZT,36.0,P...STT.KCML.,3.2900200132391797,2,0,0
AZT,36.0,P...STTS..M.D,3.032419568551121,1,1,0
AZT,36.0,P..K.........,3.6439618174076758,1,1,0
AZT,36.0,P..K....KC...,3.5414526953226027,1,1,0
AZT,36.0,P..K...S.S.QD,3.2456709704823528,1,1,0
AZT,36.0,P..K..TSKS..D,3.90318473026242,1,1,0
AZT,36.0,P..K.T.....QD,3.472647946236226,1,1,0
AZT,36.0,P..K.T...CML.,3.1683814252018037,1,1,0
AZT,36.0,P..K.T..KC.LD,3.4466588686431345,1,1,0
AZT,36.0,P..K.T.SK..Q.,3.5188311532743124,1,1,0
AZT,36.0,P..K.T.SK.ML.,3.6889653130983713,1,1,0
AZT,36.0,P..K.TT.K..L.,3.2074286706692647,1,1,0
AZT,36.0,P..KH..SKS.L.,3.146854452672678,1,1,0
AZT,36.0,P..KH.T......,3.3324759485251345,1,1,0
AZT,36.0,P..KH.T.K..L.,3.2800205752718528,1,1,0
AZT,36.0,P..KH.T.KSML.,3.5880246042317196,1,1,0
AZT,36.0,P..KH.TS.C.LD,3.513126643059285,1,1,0
AZT,36.0,P..KHT....M..,3.5933267090233993,1,1,0
AZT,36.0,P..KHT..KS..D,3.3995807734561563,1,1,0
AZT,36.0,P..KHT.S....D,3.4479031938694855,1,1,0
AZT,36.0,P..KHT.S.SMQD,3.5585506952864834,1,1,0
AZT,36.0,P..KHTT.KCM..,3.817969211847685,1,1,0
AZT,36.0,P..KHTTS.SML.,3.448161546604452,1,1,0
AZT,36.0,P..KN...KCMQ.,3.5621292135474985,1,1,0
AZT,36.0,P..KN..S...Q.,3.1196039872166614,1,1,0
AZT,36.0,P..KN.T.K..QD,3.8077289866954316,1,1,0
AZT,36.0,P..KNT..K..L.,3.340895271302938,2,0,0
AZT,36.0,P..KNT..K.ML.,3.719616981670956,1,1,0
AZT,36.0,P..KNTT.K.M..,4.053106574253518,1,1,0
AZT,36.0,P..KNTT.KC.QD,3.1586369744303258,1,1,0
AZT,36.0,P..KNTTSKSMQD,3.172236993979637,1,1,0
AZT,36.0,P..KS...KSML.,3.0444113639399557,1,1,0
AZT,36.0,P..KS..SK.MQD,3.800816884334022,1,1,0
AZT,36.0,P..KS.T..CM..,2.958784813545768,1,1,0
AZT,36.0,P..KS.T.K..Q.,3.713180783343714,1,1,0
AZT,36.0,P..KS.TS.CMQD,3.0316225008021753,1,1,0
AZT,36.0,P..KS.TSKC.L.,3.404516419384938,2,1,0
AZT,36.0,P..KST..KCM..,3.7425582795699768,1,1,0
AZT,36.0,P..KSTT..C.LD,3.3333310451602074,2,1,0
AZT,36.0,P..KSTT..SMQD,2.805704961873565,1,1,0
AZT,36.0,P..KSTT.K.M.D,3.361415555758029,1,1,0
AZT,36.0,P..KSTTSKC.Q.,3.6846195849976557,2,1,0
AZT,36.0,P.L......SML.,3.259785599110805,1,1,0
AZT,36.0,P.L...T..S.QD,3.241907010103916,2,1,0
AZT,36.0,P.L...TS.S.Q.,2.8812934167928805,1,1,0
AZT,36.0,P.L..TTS.S.L.,1.689583565480104,1,0,0
AZT,36.0,P.L..TTS.S.LD,3.1642136060497053,1,1,0
AZT,36.0,P.L..TTSKC...,3.215940919298028,1,1,0
AZT,36.0,P.L..TTSKSMQ.,3.7401777791837807,1,1,0
AZT,36.0,P.L.H....S.Q.,3.3073599382794265,2,1,0
AZT,36.0,P.L.H...KCM.D,3.331347838755458,6,1,0
AZT,36.0,P.L.H.TS.S...,2.9280365591871806,1,1,0
AZT,36.0,P.L.HT..KS...,3.949530744434974,2,1,0
AZT,36.0,P.L.HT.SKCMLD,3.6625317704689433,1,1,0
AZT,36.0,P.L.HT.SKSML.,3.3974127445201234,1,1,0
AZT,36.0,P.L.HTT.....D,3.3836242432081325,1,1,0
AZT,36.0,P.L.HTT..SM..,3.455892161652085,1,1,0
AZT,36.0,P.L.N.TSK..LD,3.0097288720944766,1,1,0
AZT,36.0,P.L.N.TSKCML.,3.022986331622046,1,1,0
AZT,36.0,P.L.NT....MQ.,3.0285710002972364,1,1,0
AZT,36.0,P.L.NT.S.S.QD,2.884749929181984,1,1,0
AZT,36.0,P.L.NTT..SMQ.,1.2236222229888376,1,0,0
AZT,36.0,P.L.NTTS...L.,3.548235080778453,1,1,0
AZT,36.0,P.L.NTTS.C.QD,3.9266931090054147,1,1,0
AZT,36.0,P.L.NTTSKS...,3.325047165813288,2,1,0
AZT,36.0,P.L.S...K.M.D,3.0394624672866093,1,1,0
AZT,36.0,P.L.S..S..MLD,2.872714369983612,1,1,0
AZT,36.0,P.L.S.T...ML.,3.4063940662826107,1,1,0
AZT,36.0,P.L.S.T.K..L.,3.511391321648165,1,1,0
AZT,36.0,P.L.S.TS...Q.,2.9675074710944798,1,1,0
AZT,36.0,P.L.S.TS..M..,3.4742663070497297,1,1,0
AZT,36.0,P.L.ST..K..Q.,3.4002944617322455,1,0,0
AZT,36.0,P.L.STT...ML.,1.193355208427206,1,0,0
AZT,36.0,P.L.STTSK..QD,3.232809003772518,2,1,0
AZT,36.0,P.LK..T.KS..D,2.927864716506282,1,1,0
AZT,36.0,P.LK..TSK..LD,3.228621750227374,1,1,0
AZT,36.0,P.LK.T..K..LD,3.773200419565846,1,1,0
AZT,36.0,P.LK.T..KC.L.,2.401198293742116,1880,0,0
AZT,36.0,P.LK.T.S.....,3.348207440286239,1,0,0
AZT,36.0,P.LK.T.S.C...,3.8937557899721753,1,1,0
AZT,36.0,P.LK.T.S.C.Q.,3.1268246887171376,1,0,0
AZT,36.0,P.LK.T.S.CMQD,3.3588934365549226,1,1,0
AZT,36.0,P.LK.T.SKS.LD,3.0401047879554333,1,1,0
AZT,36.0,P.LK.T.SKSM.D,3.4380008066977212,2,1,0
AZT,36.0,P.LK.TT..SM.D,3.4103504319652544,1,1,0
AZT,36.0,P.LK.TTS.S.L.,4.110202007454448,1,1,0
AZT,36.0,P.LKH..SK..QD,3.1569039717090015,1,1,0
AZT,36.0,P.LKH.T...M..,3.3640191111666167,1,1,0
AZT,36.0,P.LKH.TSK.M..,3.296196213164316,2,1,0
AZT,36.0,P.LKHT....MQD,3.856740059056224,1,1,0
AZT,36.0,P.LKHT.S..MLD,2.9868822895776472,1,1,0
AZT,36.0,P.LKHT.SKCML.,3.6169643406238805,1,1,0
AZT,36.0,P.LKHTT.K.MQ.,3.065581194843237,1,1,0
AZT,36.0,P.LKHTT.KC...,3.6613106367737696,1,1,0
AZT,36.0,P.LKHTTS.....,3.1952796533260295,1,1,0
AZT,36.0,P.LKHTTS.CM..,3.0155544071608595,2,0,0
AZT,36.0,P.LKN.......D,3.1686548422216143,1,1,0
AZT,36.0,P.LKN..SK.MLD,3.305458350644419,2,1,0
AZT,36.0,P.LKN.T....LD,3.5302983266376153,1,1,0
AZT,36.0,P.LKN.TSKC.QD,3.4940454970768093,1,1,0
AZT,36.0,P.LKNT..K..Q.,3.0615551867987203,1,0,0
AZT,36.0,P.LKNT..KSMLD,3.6746366410462237,1,1,0
AZT,36.0,P.LKNT.S.CMQ.,3.110811968821142,1,1,0
AZT,36.0,P.LKNT.S.SM..,3.4248993102215346,1,1,0
AZT,36.0,P.LKNT.SK..Q.,3.630807233084437,1,1,0
AZT,36.0,P.LKNTTS.SMQ.,3.9024834865697646,1,1,0
AZT,36.0,P.LKNTTSKC.Q.,3.132701900847967,1,1,0
AZT,36.0,P.LKNTTSKS..D,3.441540496138635,1,1,0
AZT,36.0,P.LKS.....MLD,3.1830059364952086,1,0,0
AZT,36.0,P.LKS...K.MLD,3.6948190589585455,1,1,0
AZT,36.0,P.LKST...SMLD,3.204839864254693,1,1,0
AZT,36.0,P.LKST..K.M..,3.9867488504648554,1,1,0
AZT,36.0,P.LKSTT..S.LD,3.0311766508016946,1,1,0
AZT,36.0,P.LKSTTS.SMQ.,3.3353704332422223,2,0,0
AZT,36.0,P.V......SMQ.,3.602444553979713,1,1,0
AZT,36.0,P.V......SMQD,1.5311962640336998,1,0,0
AZT,36.0,P.V....S..M..,4.576045851185391,1,1,0
AZT,36.0,P.V...T..SM.D,3.2528755267934226,1,1,0
AZT,36.0,P.V...TS.....,1.3045968110171904,1,0,0
AZT,36.0,P.V...TSKS.L.,3.2796211731127034,1,1,0
AZT,36.0,P.V..T.....LD,3.1454417339493794,1,1,0
AZT,36.0,P.V..T..KC..D,1.6581670679031233,1,0,0
AZT,36.0,P.V..T.S.SM..,3.6591346414039676,1,1,0
AZT,36.0,P.V..T.SK.M.D,3.0450044861279872,1,0,0
AZT,36.0,P.V..TT..SMLD,3.4421320188041773,1,1,0
AZT,36.0,P.V..TT.K..QD,3.5596102623770576,1,1,0
AZT,36.0,P.V..TTS...Q.,3.394513291534355,1,1,0
AZT,36.0,P.V.H.T..CM.D,3.535061705750455,1,1,0
AZT,36.0,P.V.H.TS....D,1.3584408816898645,1,0,0
AZT,36.0,P.V.HT....M..,3.7657699427595674,1,1,0
AZT,36.0,P.V.HT...S...,3.5247423387127443,1,1,0
AZT,36.0,P.V.HT.SK.M.D,3.7306685875917847,1,1,0
AZT,36.0,P.V.HTT.KS..D,3.696639562345759,1,1,0
AZT,36.0,P.V.NTT..C..D,3.502314472323389,3,1,0
AZT,36.0,P.V.NTTS.SMQD,3.4097743371189555,1,1,0
AZT,36.0,P.V.NTTSK.MQD,3.673962722247967,1,1,0
AZT,36.0,P.V.NTTSKSMLD,3.3754613311199435,1,1,0
AZT,36.0,P.V.S........,3.4450790827675886,1,1,0
AZT,36.0,P.V.S...KSMLD,3.6306539335348464,2,1,0
AZT,36.0,P.V.S.T...MQ.,3.5890629714700784,1,1,0
AZT,36.0,P.V.ST.S....D,3.8018651459326733,1,1,0
AZT,36.0,P.V.ST.S.SML.,3.291943980630739,1,1,0
AZT,36.0,P.VK.....S.LD,3.3065554877252015,1,1,0
AZT,36.0,P.VK....KCM.D,3.648487519577577,1,1,0
AZT,36.0,P.VK..T.....D,3.509735973564728,2,1,0
AZT,36.0,P.VK..TS.S...,3.014430167068696,1,1,0
AZT,36.0,P.VK.T.S...QD,3.220525651968956,1,1,0
AZT,36.0,P.VK.T.S.CM.D,3.7522344567653914,1,1,0
AZT,36.0,P.VK.T.S.SMLD,3.9568556432645177,1,1,0
AZT,36.0,P.VK.TT.KSMQD,3.123097806985132,2,1,0
AZT,36.0,P.VKH...K....,3.3217720474804593,1,0,0
AZT,36.0,P.VKH..S.C.QD,2.9453122649307804,1,1,0
AZT,36.0,P.VKH..S.SM..,3.553201839569381,1,1,0
AZT,36.0,P.VKH.T.KC.LD,3.337165072637423,1,1,0
AZT,36.0,P.VKH.T.KSM..,3.606967656501407,2,1,0
AZT,36.0,P.VKH.TS..MQ.,3.6588505535108675,1,1,0
AZT,36.0,P.VKH.TS.S.Q.,3.569898149704517,2,1,0
AZT,36.0,P.VKHT.SKC.QD,3.2170529991318384,1,1,0
AZT,36.0,P.VKHTT....LD,3.2506863145397666,1,1,0
AZT,36.0,P.VKHTT...MQ.,3.4296924834590956,1,0,0
AZT,36.0,P.VKHTTS.SMQ.,3.764354889656128,1,1,0
AZT,36.0,P.VKN....S.L.,3.596534055673177,1,1,0
AZT,36.0,P.VKN....SM.D,3.45204181549687,1,1,0
AZT,36.0,P.VKN...K.MQ.,3.120575169551615,1,1,0
AZT,36.0,P.VKN..S.S.QD,2.975756966197921,1,1,0
AZT,36.0,P.VKN.T..SML.,3.3308251714248573,1,1,0
AZT,36.0,P.VKNT..KS...,3.612449045487091,2,1,0
AZT,36.0,P.VKNT.SKCM.D,3.1322737209045566,1,1,0
AZT,36.0,P.VKNTTSK...D,3.505392044210919,1,1,0
AZT,36.0,P.VKNTTSKSM.D,4.033720548733296,1,1,0
AZT,36.0,P.VKS...KC...,3.3896835936751315,1,1,0
AZT,36.0,P.VKS.TS.S..D,3.3249726436856832,1,1,0
AZT,36.0,P.VKS.TSKS...,2.9753256924969063,1,1,0
AZT,36.0,P.VKS.TSKSMQ.,3.348248847201495,1,1,0
AZT,36.0,P.VKST...C..D,3.0389001972682945,1,1,0
AZT,36.0,P.VKST...C.L.,3.443174491154089,1,0,0
AZT,36.0,P.VKST...CMQ.,3.3739452894929123,1,1,0
AZT,36.0,P.VKSTT...MQ.,4.170384532654956,1,1,0
AZT,36.0,P.VKSTTSK..Q.,3.1205715062320585,2,1,0
AZT,36.0,PK........M.D,4.200015149104939,1,1,0
AZT,36.0,PK.......S.QD,3.1317221162441737,1,0,0
AZT,36.0,PK......KCML.,1.4528497167628323,1,0,0
AZT,36.0,PK.....SKS..D,4.126379821495172,1,1,0
AZT,36.0,PK....T..C..D,3.5918913778316117,3,1,0
AZT,36.0,PK...T...S.QD,3.5681895751408526,1,1,0
AZT,36.0,PK...T.S.CML.,1.3553064504226018,1,0,0
AZT,36.0,PK...T.SK.MQD,1.5146376469363623,1,0,0
AZT,36.0,PK..H......LD,3.663783939480579,1,1,0
AZT,36.0,PK..H....CM..,3.2754358498452034,2,1,0
AZT,36.0,PK..H.T.KCML.,3.6828379094739363,1,1,0
AZT,36.0,PK..H.TSKSM..,2.826643172122952,1,1,0
AZT,36.0,PK..HTT.K...D,3.602219845127614,1,1,0
AZT,36.0,PK..HTTS..M..,3.3165285654218613,1,1,0
AZT,36.0,PK..N...KSM..,3.402624617271878,1,1,0
AZT,36.0,PK..N..SKC.Q.,3.5073698441506993,1,1,0
AZT,36.0,PK..N..SKCML.,3.1583449994065718,1,1,0
AZT,36.0,PK..N..SKS..D,3.6776257704314865,1,0,0
AZT,36.0,PK..N.T...ML.,3.050894831122916,1,1,0
AZT,36.0,PK..N.TSK....,3.3869515293337416,1,1,0
AZT,36.0,PK..NT.SKSMLD,3.07687814615024,1,1,0
AZT,36.0,PK..NTTSK.M..,3.1168870520788845,1,1,0
AZT,36.0,PK..S....C.QD,3.1976803497708444,1,1,0
AZT,36.0,PK..S...KC.L.,3.133596108748804,1,1,0
AZT,36.0,PK..ST..KSMLD,3.6681513819693374,1,1,0
AZT,36.0,PK..ST.S..M.D,3.5345488180810745,1,1,0
AZT,36.0,PK..ST.S.S...,3.246424482610754,1,1,0
AZT,36.0,PK..STTSK.ML.,3.5281820441579943,1,1,0
AZT,36.0,PK..STTSK.MQD,3.705524708082843,1,1,0
AZT,36.0,PK.K...SKSM..,3.827353763433812,1,1,0
AZT,36.0,PK.K..T..C.Q.,3.2806417939869417,1,1,0
AZT,36.0,PK.K..T.KSM.D,3.5411028856876112,1,1,0
AZT,36.0,PK.K..TSK.M..,3.5378670824226575,1,1,0
AZT,36.0,PK.K.T.....L.,3.4810688730580095,1,1,0
AZT,36.0,PK.K.T...S...,3.949230232980592,1,1,0
AZT,36.0,PK.K.TT.K.MQ.,3.2348883824096983,1,1,0
AZT,36.0,PK.K.TT.KSM..,4.172387392038854,1,1,0
AZT,36.0,PK.KH....C.QD,3.7079744322579877,2,1,0
AZT,36.0,PK.KH...K..Q.,3.8060615289016346,1,1,0
AZT,36.0,PK.KH..S..MQD,3.6063609921519286,1,1,0
AZT,36.0,PK.KH.T..SMLD,3.1837561981887577,1,1,0
AZT,36.0,PK.KH.TSKSMLD,3.303195044528259,1,1,0
AZT,36.0,PK.KHT...C..D,3.3949047990015133,1,1,0
AZT,36.0,PK.KHT..K..LD,3.8270381857057645,2,0,0
AZT,36.0,PK.KHT.SK.M..,3.4365002640870768,1,1,0
AZT,36.0,PK.KHTT.K....,3.2069957445791593,1,0,0
AZT,36.0,PK.KN....SMQ.,3.4940435929515767,1,1,0
AZT,36.0,PK.KN...KC...,3.373282911803563,1,1,0
AZT,36.0,PK.KN..S.SM.D,3.060243706366208,1,1,0
AZT,36.0,PK.KN.T..C..D,3.064901519537057,1,1,0
AZT,36.0,PK.KN.T.K.MQ.,3.508946832899851,1,1,0
AZT,36.0,PK.KN.TS..MQD,3.7683767000104336,1,1,0
AZT,36.0,PK.KNT.......,3.5229993227967284,1,1,0
AZT,36.0,PK.KNT...CMLD,3.1740898061835217,1,1,0
AZT,36.0,PK.KNT..K...D,4.297013403764601,1,1,0
AZT,36.0,PK.KNT..KS.Q.,3.4329029733749112,2,1,0
AZT,36.0,PK.KNTT.KSM..,3.5793903731597925,1,0,0
AZT,36.0,PK.KNTTS.CMQD,3.698188333532671,1,1,0
AZT,36.0,PK.KNTTSKS.Q.,3.868184730744439,1,1,0
AZT,36.0,PK.KS...K.MLD,3.447896075414457,3,0,0
AZT,36.0,PK.KS..S.CM.D,3.457334833695408,1,1,0
AZT,36.0,PK.KS..SK.M..,3.052861253411718,2,0,0
AZT,36.0,PK.KS..SKS.L.,3.678183001878417,1,1,0
AZT,36.0,PK.KS..SKS.Q.,3.139809039345825,1,0,0
AZT,36.0,PK.KST....M..,3.342625928266061,1,1,0
AZT,36.0,PK.KST.S.CML.,3.5939543439622517,1,1,0
AZT,36.0,PK.KST.SKS...,3.2922839953906666,1,1,0
AZT,36.0,PK.KST.SKS.LD,3.3278617801840547,1,0,0
AZT,36.0,PK.KSTT....LD,3.876428218553575,1,1,0
AZT,36.0,PK.KSTT...M.D,3.0256759796752353,1,1,0
AZT,36.0,PK.KSTT.KCMLD,3.437798981619842,1,1,0
AZT,36.0,PK.KSTT.KSML.,3.207531968740957,1,1,0
AZT,36.0,PKL.....K.ML.,3.4912052790838954,1,1,0
AZT,36.0,PKL.....KC...,3.07948383679239,1,1,0
AZT,36.0,PKL...TSKS..D,3.643392051537489,1,1,0
AZT,36.0,PKL..T...SMLD,1.1550780038780357,1,0,0
AZT,36.0,PKL..T..KC.LD,2.9444778641300964,1,1,0
AZT,36.0,PKL..T.SKSM..,3.8864148014978714,1,1,0
AZT,36.0,PKL..TT.KC...,3.101586721721021,1,1,0
AZT,36.0,PKL..TTS..MQD,3.639698225315315,1,1,0
AZT,36.0,PKL..TTS.CMLD,3.992119328392472,1,1,0
AZT,36.0,PKL..TTS.CMQ.,1.1030858477300163,1,0,0
AZT,36.0,PKL..TTSK....,3.2694462709804655,1,1,0
AZT,36.0,PKL.H..SK..LD,3.3560917936487193,1,1,0
AZT,36.0,PKL.H..SK.M..,3.257335590763207,1,1,0
AZT,36.0,PKL.H.T...MLD,3.2989746671155165,1,1,0
AZT,36.0,PKL.H.TS..MQ.,3.1459778736278983,1,1,0
AZT,36.0,PKL.H.TSK....,3.373565547241443,1,1,0
AZT,36.0,PKL.HT.S.CMQ.,1.472998703115518,1,0,0
AZT,36.0,PKL.HT.SK..Q.,3.2309044681214343,1,1,0
AZT,36.0,PKL.HTT..CM.D,3.089848476963123,1,1,0
AZT,36.0,PKL.HTT.KCM..,3.9511205691620614,1,1,0
AZT,36.0,PKL.HTTS...LD,1.177483841510399,1,0,0
AZT,36.0,PKL.HTTSKC...,3.1930415802380745,1,1,0
AZT,36.0,PKL.HTTSKCM.D,3.9322575266205217,1,1,0
AZT,36.0,PKL.HTTSKSMLD,3.106827349568509,1,1,0
AZT,36.0,PKL.N.T.K....,3.257955499784162,1,1,0
AZT,36.0,PKL.N.T.KSM..,3.3702928551144486,1,1,0
AZT,36.0,PKL.N.TS.S.LD,3.617489384316017,1,1,0
AZT,36.0,PKL.NT..KS.LD,3.318338688235814,1,1,0
AZT,36.0,PKL.NT.S.SMQD,3.722898607820915,1,1,0
AZT,36.0,PKL.NTT..SM.D,3.4339692035700584,1,1,0
AZT,36.0,PKL.NTTSKC.L.,1.133532473123193,1,0,0
AZT,36.0,PKL.S..SKCM..,3.1336759948322745,2,1,0
AZT,36.0,PKL.S.T..CMQD,3.039379568966671,1,1,0
AZT,36.0,PKL.ST...CMQ.,3.2400673879055732,2,1,0
AZT,36.0,PKL.ST..K..Q.,3.9803216226308704,1,1,0
AZT,36.0,PKL.ST..KCM.D,3.2455472422353884,1,1,0
AZT,36.0,PKL.ST.S...LD,3.161934601001254,1,0,0
AZT,36.0,PKL.ST.SK..LD,3.6183821862023797,1,1,0
AZT,36.0,PKL.ST.SKSM.D,3.3303265957885366,1,1,0
AZT,36.0,PKL.STT.KC.L.,3.0679589616108704,1,1,0
AZT,36.0,PKL.STT.KCM..,3.4064904647256062,1,0,0
AZT,36.0,PKL.STT.KSMLD,3.7285734503282733,1,1,0
AZT,36.0,PKL.STTS.SMQD,3.3036451413217307,1,1,0
AZT,36.0,PKL.STTSKC.QD,2.3510379456222483,52565,0,1
AZT,36.0,PKL.STTSKS...,3.505871787834144,1,1,0
AZT,36.0,PKLK.....CMQ.,3.418964130863952,1,1,0
AZT,36.0,PKLK....KC..D,2.8756534707677948,1,1,0
AZT,36.0,PKLK...S...L.,3.9988308277865228,1,1,0
AZT,36.0,PKLK...SKSMQ.,3.5734407091649487,1,1,0
AZT,36.0,PKLK.T..KCMLD,3.0954029114766457,3,0,0
AZT,36.0,PKLK.TT...MLD,1.409642146667085,1,0,0
AZT,36.0,PKLK.TT..CM.D,1.3412767737470639,2,0,0
AZT,36.0,PKLK.TTS....D,3.714130825520577,1,1,0
AZT,36.0,PKLK.TTS.SML.,3.5798533003596145,1,1,0
AZT,36.0,PKLKH.T.KSM..,3.5597214056584345,1,1,0
AZT,36.0,PKLKH.TS...Q.,3.024941850617457,1,1,0
AZT,36.0,PKLKHT.S...LD,3.1377845030460803,1,1,0
AZT,36.0,PKLKHTT...ML.,3.731615029510742,1,1,0
AZT,36.0,PKLKN.T..C.LD,3.37637588451878,2,1,0
AZT,36.0,PKLKN.TS.S..D,3.428233549803336,1,1,0
AZT,36.0,PKLKNT...S.L.,2.9629763294318643,1,1,0
AZT,36.0,PKLKNTT..SM..,3.505107861898481,1,1,0
AZT,36.0,PKLKNTTSK.MQ.,3.6075235837654427,1,1,0
AZT,36.0,PKLKNTTSKCM..,3.4415203954075353,1,1,0
AZT,36.0,PKLKNTTSKSM.D,3.3415930424368647,1,1,0
AZT,36.0,PKLKS...KS.QD,3.2974605166170585,1,1,0
AZT,36.0,PKLKS.T....LD,3.274416383264348,1,1,0
AZT,36.0,PKLKS.T.K....,3.6605269882808673,1,1,0
AZT,36.0,PKLKST..KCMLD,3.8456967086785405,1,1,0
AZT,36.0,PKLKST.SKS.LD,4.071143593279347,1,1,0
AZT,36.0,PKLKSTT.KCMQD,3.1212146247132275,1,1,0
AZT,36.0,PKLKSTTS....D,3.183062765166573,1,0,0
AZT,36.0,PKLKSTTS..M.D,3.6928408515019764,1,1,0
AZT,36.0,PKLKSTTS..ML.,3.287405376281338,1,1,0
AZT,36.0,PKLKSTTS.CM..,3.8558570069056706,1,1,0
AZT,36.0,PKV........LD,3.019547136500079,1,1,0
AZT,36.0,PKV.....K..L.,3.738922611531665,1,1,0
AZT,36.0,PKV....SKCMQ.,3.3704897509592473,1,1,0
AZT,36.0,PKV...TSK..LD,3.195793339366074,1,1,0
AZT,36.0,PKV...TSKCMLD,3.384050016103302,1,1,0
AZT,36.0,PKV..T...S.Q.,3.9896992331106436,1,1,0
AZT,36.0,PKV..T.S.CMQ.,3.110543067772027,1,1,0
AZT,36.0,PKV..TT.KSMQD,1.3584408816898645,1,0,0
AZT,36.0,PKV..TTSK..QD,4.060121557401413,1,1,0
AZT,36.0,PKV..TTSKC.L.,3.5897978489606452,1,1,0
AZT,36.0,PKV.HT.SKC.LD,3.440895562239151,2,1,0
AZT,36.0,PKV.HT.SKS.Q.,3.7953419771117276,1,1,0
AZT,36.0,PKV.HTT..S..D,3.571513435436784,1,1,0
AZT,36.0,PKV.HTT.K..QD,1.643952871900157,1,0,0
AZT,36.0,PKV.HTT.K.ML.,3.3951263261534153,1,1,0
AZT,36.0,PKV.NT.S.CML.,3.116535301676109,4,0,0
AZT,36.0,PKV.NT.S.S..D,3.058435472790568,1,1,0
AZT,36.0,PKV.NT.SK.MQD,3.8737997659515875,2,1,0
AZT,36.0,PKV.NTT..CMLD,3.106719442698367,1,1,0
AZT,36.0,PKV.NTTS.....,3.43446881506905,1,1,0
AZT,36.0,PKV.NTTSKSM..,3.5199412902169698,1,1,0
AZT,36.0,PKV.S....CMQD,3.0630667905411415,1,1,0
AZT,36.0,PKV.S...K.MQ.,3.986096585380094,1,1,0
AZT,36.0,PKV.S..SKSMQ.,3.5098417042949346,1,1,0
AZT,36.0,PKV.S.T...MQD,3.3837601845163134,2,1,0
AZT,36.0,PKV.S.TS..M.D,3.1623164369641663,1,1,0
AZT,36.0,PKV.S.TS.C.QD,3.7557016499374174,1,1,0
AZT,36.0,PKV.S.TS.CML.,3.9967071253819095,1,1,0
AZT,36.0,PKV.S.TSKCML.,3.0039236687252324,1,0,0
AZT,36.0,PKV.ST....M..,3.5513883500269072,1,1,0
AZT,36.0,PKV.ST...SM.D,3.3773449368497794,3,1,0
AZT,36.0,PKV.STT..C.QD,3.245946923896644,1,1,0
AZT,36.0,PKV.STT..SMLD,3.5127684511571053,1,1,0
AZT,36.0,PKV.STT.KSML.,3.541795205937165,1,1,0
AZT,36.0,PKV.STTSKC..D,3.2542822001549676,1,1,0
AZT,36.0,PKVK.....CM..,3.5440181755196964,1,1,0
AZT,36.0,PKVK....K.MQD,3.7223860234638115,2,1,0
AZT,36.0,PKVK....KC.LD,3.4323586907402612,1,1,0
AZT,36.0,PKVK..TSKC.LD,3.2060705261808193,1,1,0
AZT,36.0,PKVK.T.S.SM.D,3.465976798657198,1,1,0
AZT,36.0,PKVK.TT.KCM.D,3.6459502880245713,2,1,0
AZT,36.0,PKVK.TTSK..L.,3.780735344098242,1,1,0
AZT,36.0,PKVKH....CM.D,2.971156330032578,1,1,0
AZT,36.0,PKVKH..SKC.QD,3.2680303984396883,1,1,0
AZT,36.0,PKVKHT....MLD,3.985933696428823,2,1,0
AZT,36.0,PKVKHT...S.Q.,4.046447013031252,1,1,0
AZT,36.0,PKVKHT...S.QD,3.469476935110948,2,0,0
AZT,36.0,PKVKHT..KSM.D,3.568069535730302,1,1,0
AZT,36.0,PKVKHT.SK....,3.5725067098699386,4,1,0
AZT,36.0,PKVKHTTS.....,3.2533289552992515,1,1,0
AZT,36.0,PKVKN....CMLD,3.483790414360198,1,1,0
AZT,36.0,PKVKN...KC.Q.,3.5581324473119555,2,1,0
AZT,36.0,PKVKN...KS..D,3.314037619054537,1,1,0
AZT,36.0,PKVKN.T..CM..,3.385453125517705,1,0,0
AZT,36.0,PKVKN.T.K.M..,3.349360749429351,1,1,0
AZT,36.0,PKVKNT.SK.M..,3.5767563367358375,1,1,0
AZT,36.0,PKVKNTT..CM..,3.8107501979323666,1,1,0
AZT,36.0,PKVKNTTSKCMQD,3.6725392764556255,1,1,0
AZT,36.0,PKVKNTTSKS...,3.355249116432675,1,1,0
AZT,36.0,PKVKS...KSMQD,3.829935462613841,1,1,0
AZT,36.0,PKVKS..S.S...,3.278478553675321,1,1,0
AZT,36.0,PKVKS.T.KS.LD,4.232764853933133,1,1,0
AZT,36.0,PKVKS.TS...LD,3.213687967308883,1,1,0
AZT,36.0,PKVKST...C.L.,3.9416901342077098,1,1,0
AZT,36.0,PKVKST...S...,3.7822032454636254,1,1,0
AZT,36.0,PKVKSTT.KC.LD,3.1733131553685343,1,1,0
AZT,36.0,PKVKSTT.KSMQD,3.331926658797995,1,1,0
AZT,36.0,PKVKSTTS..M..,3.462420194555412,1,1,0
AZT,36.0,PKVKSTTS..MQD,4.0043881302205655,1,1,0
AZT,36.0,PKVKSTTSKC.L.,3.306173898106228,2,1,0
AZT,108.0,.......S.S..D,2.8376920281971834,2,1,0
AZT,108.0,.......SK.M..,3.7184285444440315,1,0,0
AZT,108.0,.....T...SMQ.,2.73132750802692,1,1,0
AZT,108.0,....H....S.L.,2.7728243280316853,1,1,0
AZT,108.0,....H...KC.L.,3.5972778635566924,1,1,0
AZT,108.0,....H...KS...,3.4371010789844143,1,1,0
AZT,108.0,....H..SKCMQD,3.009394858924945,1,1,0
AZT,108.0,....H.TSKS..D,3.4043792745788677,1,1,0
AZT,108.0,....H.TSKSMQ.,3.094064003335936,1,1,0
AZT,108.0,....HT..K.M..,3.8030261665606053,1,0,0
AZT,108.0,....HT..KS.QD,3.3402510046171554,1,1,0
AZT,108.0,....HTT....Q.,3.123943867797926,1,1,0
AZT,108.0,....N....CMQ.,3.5019890214207745,1,1,0
AZT,108.0,....N...K..QD,3.000149096170425,1,0,0
AZT,108.0,....N...KCMLD,2.7808118597922102,1,1,0
AZT,108.0,....N.TS....D,3.8321463937046976,1,1,0
AZT,108.0,....NT.SKSMLD,2.905230742459663,1,1,0
AZT,108.0,....NTT..CMLD,3.6162581333131945,1,1,0
AZT,108.0,....S...K.M..,4.26260050292416,1,0,0
AZT,108.0,....S.T.....D,3.648972767061214,1,1,0
AZT,108.0,....STT....L.,2.8577624119728524,1,1,0
AZT,108.0,...K.....C.LD,2.838670716723599,1,1,0
AZT,108.0,...K...SKSMLD,3.612918066889607,1,1,0
AZT,108.0,...K..TS.S.L.,3.4325631257639992,1,1,0
AZT,108.0,...K..TSKSM..,3.2359826050256006,1,1,0
AZT,108.0,...K.T....MLD,3.4216276439256714,2,1,0
AZT,108.0,...K.TTSKSMQ.,2.822395527388161,1,1,0
AZT,108.0,...KH....C.Q.,3.4125241384842684,1,1,0
AZT,108.0,...KH...KSMQD,3.1806633493942886,1,1,0
AZT,108.0,...KH.TSK.MQ.,3.151061852899349,2,1,0
AZT,108.0,...KH.TSKC...,4.066732184452155,2,1,0
AZT,108.0,...KHT..K.M.D,3.164461658240548,4,0,0
AZT,108.0,...KN..S.....,2.762388356022213,1,0,0
AZT,108.0,...KN..S..ML.,2.8612255421777815,1,1,0
AZT,108.0,...KN.T..SMQ.,2.77847038642852,1,1,0
AZT,108.0,...KN.TS.CM.D,3.5330065718118853,1,1,0
AZT,108.0,...KNT....M.D,3.2622737651260802,1,0,0
AZT,108.0,...KNT...CM..,3.2499045297756863,1,0,0
AZT,108.0,...KNT..K.MQD,3.7876768130637197,7,0,0
AZT,108.0,...KNT.SK.M.D,2.6821327384301377,2,0,0
AZT,108.0,...KNTT.K.M..,3.9298096516209666,2,0,0
AZT,108.0,...KNTT.KSMQD,3.1742754507434503,2,1,0
AZT,108.0,...KNTTSKS...,3.524604182476126,1,1,0
AZT,108.0,...KS...K.MQ.,4.105408032883369,1,0,0
AZT,108.0,...KS...KS..D,2.8168222523566726,1,0,0
AZT,108.0,...KS.T.KC.Q.,2.6226007232110837,1,0,0
AZT,108.0,...KST...SMQ.,3.1884423877827395,1,1,0
AZT,108.0,...KST..KS...,3.6640748432441765,2,0,0
AZT,108.0,...KST..KSMLD,3.4518805985999244,1,1,0
AZT,108.0,...KST.SK....,3.793223905709125,1,0,0
AZT,108.0,...KSTTS..M..,3.526768247393845,1,1,0
AZT,108.0,...KSTTS.SM.D,3.3288868789863595,1,1,0
AZT,108.0,..L.....K..QD,2.808445067786835,1,1,0
AZT,108.0,..L.....K.M..,4.238289103666546,1,1,0
AZT,108.0,..L....S.S.Q.,2.972642597985032,1,1,0
AZT,108.0,..L...T..SMLD,2.9106244498034406,2,1,0
AZT,108.0,..L..T.S.C.Q.,3.3308648739568745,1,1,0
AZT,108.0,..L..TTSKSML.,3.384652802584298,1,1,0
AZT,108.0,..L.H..SKS.Q.,3.5571177181329,1,1,0
AZT,108.0,..L.H.T..CM..,2.8681237639410955,1,1,0
AZT,108.0,..L.H.T..S.QD,3.185994619601933,2,1,0
AZT,108.0,..L.H.TSKC.Q.,3.5156317203750866,2,1,0
AZT,108.0,..L.H.TSKSM..,3.36663613665952,1,1,0
AZT,108.0,..L.HT.S.S.LD,3.287762023297665,1,1,0
AZT,108.0,..L.N.T..S.L.,3.0693190240044648,1,1,0
AZT,108.0,..L.N.TS.SM.D,3.5681535858063955,1,1,0
AZT,108.0,..L.NT.SKS...,3.532394585035196,1,1,0
AZT,108.0,..L.S.....MQ.,2.9325956328296825,1,1,0
AZT,108.0,..L.S...KC...,2.957630299680959,1,1,0
AZT,108.0,..L.S.T....Q.,2.5046515751320575,1,1,0
AZT,108.0,..L.S.T.KSMQD,3.7386098943345845,1,1,0
AZT,108.0,..L.ST...S.Q.,3.217407334190521,1,1,0
AZT,108.0,..L.ST.S.....,2.940080143596405,1,1,0
AZT,108.0,..L.STT..S..D,2.8594812529506575,1,0,0
AZT,108.0,..L.STT..SM.D,3.9137738277730527,1,1,0
AZT,108.0,..L.STTSKCM..,2.866897229707211,1,1,0
AZT,108.0,..LK.....C.QD,3.4190500072884964,1,1,0
AZT,108.0,..LK.....CML.,2.7978829314520444,1,1,0
AZT,108.0,..LK.....S..D,3.430674063166743,1,1,0
AZT,108.0,..LK..T.....D,3.685415068616049,1,1,0
AZT,108.0,..LK..TSK..Q.,2.899712873999569,1,1,0
AZT,108.0,..LK.T..K.M..,3.4925928939945377,1,0,0
AZT,108.0,..LK.T..KC...,2.591914497653747,1,1,0
AZT,108.0,..LK.T.SK....,3.383670750830208,1,1,0
AZT,108.0,..LK.TT..SM..,3.126936834218264,1,1,0
AZT,108.0,..LK.TT.K.MLD,3.540261366548059,2,1,0
AZT,108.0,..LK.TT.KS.Q.,3.439355272421176,2,1,0
AZT,108.0,..LKH.TS.SM.D,2.931352433310789,1,1,0
AZT,108.0,..LKHT.....Q.,3.4232075293067754,1,1,0
AZT,108.0,..LKHTT..SMLD,3.5950265930766383,1,1,0
AZT,108.0,..LKN...KCML.,3.9146913481414267,1,1,0
AZT,108.0,..LKN..SK.M..,3.098583192841757,4,0,0
AZT,108.0,..LKN.TSKC.QD,3.45010787555618,1,1,0
AZT,108.0,..LKNT....MLD,3.0363833311708697,1,1,0
AZT,108.0,..LKNT.SKC...,2.72445981499527,1,1,0
AZT,108.0,..LKNTTS.C...,3.836973334250726,1,1,0
AZT,108.0,..LKS......QD,3.0192325637077055,1,1,0
AZT,108.0,..LKS..S.S...,2.719520301627755,1,1,0
AZT,108.0,..LKS.TSKS...,3.31618130985992,1,1,0
AZT,108.0,..LKST...S...,3.209125814373316,1,1,0
AZT,108.0,..LKSTTSK..Q.,3.208306412384955,1,1,0
AZT,108.0,..V....S.S.LD,2.859890524639946,1,1,0
AZT,108.0,..V..T..KSMLD,3.5740975830929527,1,1,0
AZT,108.0,..V.H.......D,2.8800882220305164,1,1,0
AZT,108.0,..V.H..S.C.L.,3.9884725976933875,2,1,0
AZT,108.0,..V.H..SKSM..,3.53246808187667,1,1,0
AZT,108.0,..V.H.T.KCM..,3.6758557720034877,1,1,0
AZT,108.0,..V.HT..K...D,3.87012412317058,1,1,0
AZT,108.0,..V.HT..K.MQD,2.8555258705765114,1,1,0
AZT,108.0,..V.HT.S.SM..,3.371298165643041,1,1,0
AZT,108.0,..V.HTT.KC.LD,3.1827019746980967,1,1,0
AZT,108.0,..V.N....S...,2.983134467800667,1,1,0
AZT,108.0,..V.N.T..S.QD,3.7298146699586163,1,1,0
AZT,108.0,..V.N.T..SM..,3.8848967529764638,1,1,0
AZT,108.0,..V.NT.....LD,3.0132854838208893,1,1,0
AZT,108.0,..V.NT..K..QD,3.4473542217066817,1,1,0
AZT,108.0,..V.NT.S.C.L.,2.8717613522577947,1,0,0
AZT,108.0,..V.NT.SK.M..,3.767192758827846,1,1,0
AZT,108.0,..V.S......LD,3.4213408364780005,1,1,0
AZT,108.0,..V.S....CM..,2.654619847776673,1,1,0
AZT,108.0,..V.S...K.M..,3.6747017343857893,5,0,0
AZT,108.0,..V.S..S.CML.,2.940819884504824,1,0,0
AZT,108.0,..V.S..S.SML.,1.912359031842415,1,0,0
AZT,108.0,..V.S..SKS.L.,3.4479203719106013,1,1,0
AZT,108.0,..V.S.T.KC.LD,3.246055933758025,1,1,0
AZT,108.0,..V.S.TSKS...,3.372046892999453,1,1,0
AZT,108.0,..V.ST..K.M..,2.9082395934746716,1,0,0
AZT,108.0,..V.ST..KC.LD,2.8133029349179015,1,1,0
AZT,108.0,..V.ST..KCMQD,4.179878996363645,1,1,0
AZT,108.0,..V.ST.S.CM.D,3.087840987958058,1,1,0
AZT,108.0,..V.STT..C.LD,2.848417239815776,1,1,0
AZT,108.0,..V.STTS...L.,3.0294491515017525,1,1,0
AZT,108.0,..VK.....C..D,3.0195526471796548,1,1,0
AZT,108.0,..VK.....SM.D,2.8570301737305273,1,1,0
AZT,108.0,..VK....K.ML.,3.6509568728506068,1,1,0
AZT,108.0,..VK..T......,2.9710140588026492,1,1,0
AZT,108.0,..VK.T...CM.D,2.9196479558750585,1,1,0
AZT,108.0,..VK.TTS.C.LD,3.030379722142866,1,0,0
AZT,108.0,..VKH.TS.CMLD,2.463707549836447,1,1,0
AZT,108.0,..VKH.TS.CMQ.,2.458676754488557,1,1,0
AZT,108.0,..VKHT.S.CML.,2.899604485372141,1,1,0
AZT,108.0,..VKHT.S.S.Q.,2.8503968087242804,1,1,0
AZT,108.0,..VKHTTS.S...,3.023609001728694,1,1,0
AZT,108.0,..VKN....S.QD,3.087800255625583,1,1,0
AZT,108.0,..VKN..S...LD,2.7369460785960635,1,1,0
AZT,108.0,..VKN..S..M..,4.046735274292381,1,1,0
AZT,108.0,..VKN.T.KS.LD,2.9609002778715263,1,1,0
AZT,108.0,..VKN.TS..ML.,3.983003746951144,1,1,0
AZT,108.0,..VKNT....M..,3.2507678154617934,1,0,0
AZT,108.0,..VKNT..K.ML.,3.343972826641332,1,0,0
AZT,108.0,..VKNT..KS.QD,3.784395860862614,1,1,0
AZT,108.0,..VKNT.SKC..D,3.5398992189938787,1,1,0
AZT,108.0,..VKS...K....,3.9729334040584,2,0,0
AZT,108.0,..VKS...KSMLD,3.2163373619073132,1,1,0
AZT,108.0,..VKS...KSMQ.,2.855068771121216,1,1,0
AZT,108.0,..VKS..SKSML.,3.183037310933507,1,1,0
AZT,108.0,..VKS.T....QD,1.9674992464333227,1,0,0
AZT,108.0,..VKS.TS..M.D,3.419593511430977,1,1,0
AZT,108.0,..VKST.S.C.QD,3.5527532917627846,1,1,0
AZT,108.0,.K......KSMLD,3.3317875933094157,1,1,0
AZT,108.0,.K.....S.C.L.,3.373551719175798,1,1,0
AZT,108.0,.K.....SK.ML.,3.011874614871081,1,0,0
AZT,108.0,.K.....SKS..D,2.8184061189899925,1,0,0
AZT,108.0,.K....T...MQD,3.8279711366382365,1,1,0
AZT,108.0,.K....T..SML.,3.7836563323351173,1,1,0
AZT,108.0,.K...T....M.D,3.8431311510336386,1,1,0
AZT,108.0,.K...TT.KS...,3.0132990644732676,1,1,0
AZT,108.0,.K...TTS..MQ.,3.2391575090768385,2,1,0
AZT,108.0,.K..H....S.LD,3.0807489922292817,1,1,0
AZT,108.0,.K..H.TS.CM..,3.0603612765820025,1,1,0
AZT,108.0,.K..HT.S.S..D,3.082210797145594,1,1,0
AZT,108.0,.K..HTT.KC..D,2.925276399931249,1,1,0
AZT,108.0,.K..HTT.KC.L.,2.839429184692746,1,1,0
AZT,108.0,.K..HTTSKCMLD,2.949337127061749,1,1,0
AZT,108.0,.K..N...K.M.D,3.9660380182906385,1,0,0
AZT,108.0,.K..N..S.C..D,3.357908524625343,1,1,0
AZT,108.0,.K..N.TSK.MLD,3.4041164283840986,1,1,0
AZT,108.0,.K..NT....M..,2.883249917483082,1,0,0
AZT,108.0,.K..S...KC..D,3.500226145097681,1,1,0
AZT,108.0,.K..S...KC.L.,2.9157083741102148,1,1,0
AZT,108.0,.K..S.T...M..,3.038886500638193,1,1,0
AZT,108.0,.K..S.TS.SMLD,3.3739427897472707,1,1,0
AZT,108.0,.K..ST..KCML.,3.4601066739718473,1,1,0
AZT,108.0,.K..ST..KSM..,3.0297813925556,1,1,0
AZT,108.0,.K.K....K.MQ.,3.0476382049017023,3,0,0
AZT,108.0,.K.K....KS.Q.,3.3651994071475215,2,1,0
AZT,108.0,.K.K...SK.ML.,3.7252043522710436,1,1,0
AZT,108.0,.K.K...SKC.QD,3.588184981777641,1,1,0
AZT,108.0,.K.K..TSKCMQD,2.911612640820295,1,0,0
AZT,108.0,.K.K.T...S..D,3.643656968997574,1,1,0
AZT,108.0,.K.K.T..K.M..,4.259123761521233,6,0,0
AZT,108.0,.K.K.TT....QD,2.335781091919454,1606,0,0
AZT,108.0,.K.KH...K.M.D,3.9610783728204013,5,0,0
AZT,108.0,.K.KH...KS.LD,2.9755904360165144,1,1,0
AZT,108.0,.K.KHT...C.L.,3.091289861340012,3,0,0
AZT,108.0,.K.KHT..K..LD,3.09322650878141,1,0,0
AZT,108.0,.K.KHT.SKSMQ.,3.4488481221718694,1,1,0
AZT,108.0,.K.KHTT.KCM.D,2.8751296017263543,1,1,0
AZT,108.0,.K.KHTTSKSML.,3.2628999397603,1,1,0
AZT,108.0,.K.KN.....MQD,3.282609447022553,2,0,0
AZT,108.0,.K.KN....S.QD,3.1906205983123606,1,1,0
AZT,108.0,.K.KN...K..QD,4.509006337200611,3,0,0
AZT,108.0,.K.KN...KCM..,3.6283941451349295,1,0,0
AZT,108.0,.K.KN...KSMQD,2.9312382734139155,1,0,0
AZT,108.0,.K.KN.T..SML.,2.5504595457854204,1,1,0
AZT,108.0,.K.KN.TS.SM..,2.774361125395426,1,1,0
AZT,108.0,.K.KNT.SK...D,3.5418058577381366,1,0,0
AZT,108.0,.K.KNT.SK.M..,3.343408032645848,5,0,0
AZT,108.0,.K.KNTT.K..Q.,2.9688985793735023,1,0,0
AZT,108.0,.K.KNTTS.SM.D,2.784543322805814,1,1,0
AZT,108.0,.K.KS........,3.8677057193403472,1,0,0
AZT,108.0,.K.KS....C.QD,3.1653840453848923,1,1,0
AZT,108.0,.K.KS...K..Q.,3.902176662537327,1,0,0
AZT,108.0,.K.KS...K.MQ.,4.61167310878352,1,0,0
AZT,108.0,.K.KS...KCM..,2.856454151685919,1,0,0
AZT,108.0,.K.KS..S.....,2.6849301074781224,1,0,0
AZT,108.0,.K.KS.T..S.L.,2.5253591666144053,1,1,0
AZT,108.0,.K.KS.T.K.M..,3.1877549364308195,3,0,0
AZT,108.0,.K.KS.TS.....,3.8285932113657646,1,1,0
AZT,108.0,.K.KS.TS.C.Q.,3.433798570263912,1,1,0
AZT,108.0,.K.KST....M..,3.027881175962673,6,0,0
AZT,108.0,.K.KST..KC.LD,3.9900504842375413,2,1,0
AZT,108.0,.K.KSTTSKC.LD,3.2216746405493737,2,0,0
AZT,108.0,.KL......C.L.,3.682800435323828,1,1,0
AZT,108.0,.KL.....K....,3.4823950018235266,4,0,0
AZT,108.0,.KL....S...L.,3.3072390058806924,1,1,0
AZT,108.0,.KL...TSKCMQD,2.9897423275132984,1,1,0
AZT,108.0,.KL..T....MQ.,3.1945089504722683,2,1,0
AZT,108.0,.KL..T.S.CM.D,3.038467820864213,1,1,0
AZT,108.0,.KL..T.SK.M.D,2.7737868109338537,1,1,0
AZT,108.0,.KL.H.....MQ.,2.890650807311115,1,1,0
AZT,108.0,.KL.H..S.SMQD,2.808863554514219,1,1,0
AZT,108.0,.KL.H.T..S...,3.247900494595257,1,1,0
AZT,108.0,.KL.H.TSK.ML.,3.1112821992926434,1,1,0
AZT,108.0,.KL.HT.SK..L.,2.7206453570183187,1,1,0
AZT,108.0,.KL.HTT.K.MQ.,3.8673252446812296,1,1,0
AZT,108.0,.KL.N.T..C.LD,1.8757854874464608,1,0,0
AZT,108.0,.KL.N.T..CMQ.,3.707431539969241,1,1,0
AZT,108.0,.KL.NTTSK..LD,3.0369277111274933,1,1,0
AZT,108.0,.KL.NTTSKCML.,3.5401544327658523,1,1,0
AZT,108.0,.KL.NTTSKS.QD,3.0839224412983772,1,1,0
AZT,108.0,.KL.S...K.MQ.,2.83197051913903,1,1,0
AZT,108.0,.KL.S..S..MQD,3.748892847973255,1,1,0
AZT,108.0,.KL.S.T.KS...,3.748939417731491,1,1,0
AZT,108.0,.KL.S.T.KS.L.,3.268880591587974,1,0,0
AZT,108.0,.KL.S.TSKCML.,3.5810919080020245,1,1,0
AZT,108.0,.KL.ST..K.MQD,2.978512480444516,1,1,0
AZT,108.0,.KL.ST.S..M..,3.1724332838638714,1,1,0
AZT,108.0,.KL.ST.S.C.QD,3.0154565284061876,1,1,0
AZT,108.0,.KLK...SKSMQ.,3.0968957807019626,1,1,0
AZT,108.0,.KLK..TSKS...,2.932613178679518,1,1,0
AZT,108.0,.KLK.T...S.LD,3.4159741488458137,1,1,0
AZT,108.0,.KLK.T..K....,4.034296747420416,8,0,0
AZT,108.0,.KLK.T.S..MQ.,3.6821174032646615,2,1,0
AZT,108.0,.KLK.TT.KSM.D,2.8150184939228153,1,1,0
AZT,108.0,.KLK.TTSKC.QD,2.7294690072691634,1,1,0
AZT,108.0,.KLKH.T.K..QD,2.9211363603467966,1,1,0
AZT,108.0,.KLKH.T.KS.LD,2.874906813456473,1,1,0
AZT,108.0,.KLKH.TS.SM..,2.764246358225219,1,1,0
AZT,108.0,.KLKH.TSKCMQ.,3.0019432115427307,1,1,0
AZT,108.0,.KLKHT..KC.Q.,2.9630686938793214,1,1,0
AZT,108.0,.KLKHTT..SMQ.,2.6865288842340096,1,1,0
AZT,108.0,.KLKHTTSK....,3.0559987037125413,1,1,0
AZT,108.0,.KLKN....S...,3.9954577468169568,1,1,0
AZT,108.0,.KLKN...KS...,3.0357615383746848,1,0,0
AZT,108.0,.KLKN.TS.S.QD,3.703266516907674,1,1,0
AZT,108.0,.KLKNT.......,3.1999606579046,4,0,0
AZT,108.0,.KLKNTT.K....,3.2140460891406626,2,0,0
AZT,108.0,.KLKNTTSK.MQD,3.4895449151609896,1,1,0
AZT,108.0,.KLKNTTSKSMQ.,3.3527971181047964,1,1,0
AZT,108.0,.KLKS..S.SM..,3.465237851950215,1,1,0
AZT,108.0,.KLKS.T..C.LD,3.2456985403913228,1,1,0
AZT,108.0,.KLKS.T.KS..D,3.092867325517819,1,1,0
AZT,108.0,.KLKST.SK....,3.2235625800605425,1,0,0
AZT,108.0,.KV......SM..,3.0107283502619775,1,1,0
AZT,108.0,.KV...T.KSMLD,3.953668687297009,1,1,0
AZT,108.0,.KV...TS.S...,2.770812992057716,1,1,0
AZT,108.0,.KV...TSKS.LD,2.1495695877792,52770,0,1
AZT,108.0,.KV..T...CML.,3.6964330211975547,1,1,0
AZT,108.0,.KV..T..K.MQ.,3.5915115310278045,1,1,0
AZT,108.0,.KV..T.SK.M..,3.0618056198305945,1,0,0
AZT,108.0,.KV.H....SML.,3.576011388448236,1,1,0
AZT,108.0,.KV.H..SKS.Q.,2.775322810192199,1,1,0
AZT,108.0,.KV.H.T...M..,3.671927789172194,1,1,0
AZT,108.0,.KV.HT..K..Q.,3.476844579435602,1,1,0
AZT,108.0,.KV.HT.SKCML.,2.927418748560192,1,1,0
AZT,108.0,.KV.HTTS..ML.,3.1574910380153023,1,1,0
AZT,108.0,.KV.HTTS.C...,2.965268673822503,1,1,0
AZT,108.0,.KV.N...KSMQD,2.9303541821804484,1,1,0
AZT,108.0,.KV.NT...S.L.,3.4156622581528553,1,1,0
AZT,108.0,.KV.NT..K.M..,3.6034678690224538,1,0,0
AZT,108.0,.KV.S.....M..,3.730491348164951,1,1,0
AZT,108.0,.KV.STT..S...,2.879432338932518,1,1,0
AZT,108.0,.KV.STTSK..LD,3.027087761331431,1,1,0
AZT,108.0,.KVK....KCMQD,2.9965851955822966,2,0,0
AZT,108.0,.KVK..T..C.L.,2.9785698935578706,1,1,0
AZT,108.0,.KVK..TSKC.L.,3.1835198442895614,1,1,0
AZT,108.0,.KVK..TSKCMQD,3.7566681864865368,1,1,0
AZT,108.0,.KVK.T..K.M..,3.1786626442153016,1,0,0
AZT,108.0,.KVK.T..KCMQD,3.3490254057262066,2,1,0
AZT,108.0,.KVKH..S..MLD,1.7846510297348883,1,0,0
AZT,108.0,.KVKH.T......,3.1558609527498023,1,1,0
AZT,108.0,.KVKH.TS.C..D,3.725612844273701,1,1,0
AZT,108.0,.KVKHT..KSM..,3.178032401658068,1,0,0
AZT,108.0,.KVKHTTS.C.LD,3.6542278645231323,2,1,0
AZT,108.0,.KVKHTTS.SML.,3.784994990923196,1,1,0
AZT,108.0,.KVKHTTSKC.QD,3.5032878203950157,1,1,0
AZT,108.0,.KVKN..S.CM..,3.000747202679709,1,1,0
AZT,108.0,.KVKN.T.KC.LD,3.5134801050486977,2,1,0
AZT,108.0,.KVKNTTSK.MQ.,3.0441354370620393,1,1,0
AZT,108.0,.KVKS...KS...,3.7521979274895765,1,0,0
AZT,108.0,.KVKS..SKS..D,3.4475086853286236,1,1,0
AZT,108.0,.KVKS.T.KSML.,2.729279864728396,1,1,0
AZT,108.0,.KVKS.TSK..QD,3.1393205938455755,1,1,0
AZT,108.0,.KVKS.TSKS.L.,3.278875875065373,1,1,0
AZT,108.0,.KVKSTT.KSMQD,2.9462247048080763,1,1,0
AZT,108.0,P......SK.ML.,3.014739604145328,1,0,0
AZT,108.0,P.....T.KC..D,3.0082058828965152,1,1,0
AZT,108.0,P.....TS.SM..,2.8254384508049992,1,1,0
AZT,108.0,P.....TSKS.QD,3.692382786252755,1,1,0
AZT,108.0,P....TT..SMQ.,2.988816186857208,1,1,0
AZT,108.0,P....TTSKC.L.,2.8189707397185724,1,1,0
AZT,108.0,P...H.....ML.,3.004242259070702,1,0,0
AZT,108.0,P...H..S.....,3.90799973972387,1,1,0
AZT,108.0,P...H.T.K.MLD,4.108852152548047,1,1,0
AZT,108.0,P...H.TSKS.L.,3.121555455739267,1,1,0
AZT,108.0,P...HT....ML.,3.6449650624663845,1,1,0
AZT,108.0,P...HTTSK.M..,2.8633342161641817,1,1,0
AZT,108.0,P...N.TS..MQD,3.838733343590994,1,1,0
AZT,108.0,P...N.TSK.M.D,3.2407689666609674,1,1,0
AZT,108.0,P...NT...SM..,3.2606400496643375,1,1,0
AZT,108.0,P...NTT.KS.Q.,3.6034037165527604,1,1,0
AZT,108.0,P...S..SKCM..,3.001050637337382,2,1,0
AZT,108.0,P...S.T.K..QD,3.063170495613877,1,1,0
AZT,108.0,P...ST.S...QD,3.0663022847110173,1,1,0
AZT,108.0,P...ST.S.SMLD,2.7776458295618394,1,1,0
AZT,108.0,P...STT..CML.,3.242105878189792,1,1,0
AZT,108.0,P..K.........,3.6241546617375797,1,0,0
AZT,108.0,P..K...S.C.LD,3.2880893540576563,1,1,0
AZT,108.0,P..K..TS.CM..,3.7809845816701064,1,1,0
AZT,108.0,P..K.T..KC.LD,3.1486688448078004,1,1,0
AZT,108.0,P..K.T.SKC...,3.654204760860538,2,0,0
AZT,108.0,P..KH....SM..,3.0643586399199947,1,1,0
AZT,108.0,P..KH.T.K..L.,3.4109319152878204,1,1,0
AZT,108.0,P..KH.T.KSML.,3.3764948222179627,1,1,0
AZT,108.0,P..KHTT.KCM..,4.166941396213049,1,1,0
AZT,108.0,P..KHTTS.SML.,3.498205349730435,1,1,0
AZT,108.0,P..KN....S..D,3.0509242081038437,1,1,0
AZT,108.0,P..KN...K.ML.,3.4454116846686427,1,0,0
AZT,108.0,P..KN...KSM.D,3.558793838542977,1,0,0
AZT,108.0,P..KN..S.C..D,3.4893803489806574,1,1,0
AZT,108.0,P..KN..SKC.L.,2.948195798319921,1,1,0
AZT,108.0,P..KN.T.K.M..,3.8455927673687818,1,0,0
AZT,108.0,P..KNT..K...D,4.134040430697146,1,0,0
AZT,108.0,P..KNT..K..Q.,3.195142770607051,1,0,0
AZT,108.0,P..KNTT.KC.QD,3.194494590381752,1,1,0
AZT,108.0,P..KS....SM.D,3.622881645124251,1,1,0
AZT,108.0,P..KS...K.MQ.,3.5501297171984083,7,0,0
AZT,108.0,P..KS..S..ML.,3.03907332376035,1,1,0
AZT,108.0,P..KST..K...D,3.0469836695969623,4,0,0
AZT,108.0,P..KSTT.....D,3.12684054193279,1,1,0
AZT,108.0,P..KSTTSKC.Q.,3.4528837248874154,1,1,0
AZT,108.0,P.L.....K.MQ.,3.3523312391762143,1,1,0
AZT,108.0,P.L....S..MLD,2.8633875779271505,1,1,0
AZT,108.0,P.L...T.KC.L.,3.0861317581483085,1,1,0
AZT,108.0,P.L...TS.CMQD,3.1264958248904664,1,1,0
AZT,108.0,P.L..T...CM..,1.6581319882516796,1,0,0
AZT,108.0,P.L..T..K..QD,2.744789017592819,1,1,0
AZT,108.0,P.L..TTSKSMQ.,3.16512830331477,1,1,0
AZT,108.0,P.L.H....S...,3.4645224583778296,1,1,0
AZT,108.0,P.L.H..SKS.QD,3.4996681347509413,1,1,0
AZT,108.0,P.L.HT.SKCMLD,4.150260550902685,1,1,0
AZT,108.0,P.L.NT.S..M..,3.2881306682200124,1,1,0
AZT,108.0,P.L.NT.S.CMQ.,2.752332993364855,1,1,0
AZT,108.0,P.L.NT.SKC.LD,2.9765457499122,1,1,0
AZT,108.0,P.L.NTTS...L.,4.076688074949973,1,1,0
AZT,108.0,P.L.NTTS.C.QD,4.1817678253465855,1,1,0
AZT,108.0,P.L.S........,3.130360231300799,1,1,0
AZT,108.0,P.L.S.T..SMQ.,2.903632518307913,1,1,0
AZT,108.0,P.L.S.T.K...D,3.0500960120848415,1,1,0
AZT,108.0,P.L.ST..K...D,3.759660316780019,1,1,0
AZT,108.0,P.LK...SKC...,3.6156726156088794,1,1,0
AZT,108.0,P.LK.T.S.C...,3.701878407183758,1,1,0
AZT,108.0,P.LK.T.SKS.LD,3.2713774767833943,1,1,0
AZT,108.0,P.LK.TT.KS.LD,3.302390092777689,1,1,0
AZT,108.0,P.LK.TTS.C.LD,3.808196271091063,1,1,0
AZT,108.0,P.LK.TTSKCM.D,3.237726859898916,1,1,0
AZT,108.0,P.LKHT....MQD,3.9226766685913046,1,1,0
AZT,108.0,P.LKHT..KS...,4.341172881745152,1,1,0
AZT,108.0,P.LKHT.SK....,2.9733447999480744,1,0,0
AZT,108.0,P.LKHT.SK.MLD,2.729232928227322,1,1,0
AZT,108.0,P.LKHT.SKCML.,3.633528474765974,1,1,0
AZT,108.0,P.LKN...K....,5.499149748955018,185,1,0
AZT,108.0,P.LKN...K..QD,3.6591170384922216,1,0,0
AZT,108.0,P.LKN...KCMQD,3.0009657633055453,1,1,0
AZT,108.0,P.LKN...KS...,2.995007538780422,1,0,0
AZT,108.0,P.LKN.TS..M..,2.949550798959479,1,1,0
AZT,108.0,P.LKN.TS.C.LD,2.833147875503513,1,1,0
AZT,108.0,P.LKNT...CM..,2.724877995006112,1,1,0
AZT,108.0,P.LKNT.S...L.,3.0923733679369074,1,1,0
AZT,108.0,P.LKNT.S.SM..,3.060622063790028,1,1,0
AZT,108.0,P.LKNT.SK..Q.,3.6744875730780966,1,1,0
AZT,108.0,P.LKNTTS.SMQ.,3.7866091208458275,1,1,0
AZT,108.0,P.LKS......L.,3.0446414054022135,1,1,0
AZT,108.0,P.LKS..SKSMQ.,3.3447049138084535,1,1,0
AZT,108.0,P.LKS.TS.C...,3.595221287990886,1,1,0
AZT,108.0,P.LKS.TS.CMLD,2.823809300242633,1,1,0
AZT,108.0,P.LKST.S.CM.D,3.859769159457807,1,1,0
AZT,108.0,P.LKST.SK..Q.,3.098400991016625,1,0,0
AZT,108.0,P.V....S..M..,4.8278502706116315,1,1,0
AZT,108.0,P.V...T..SM.D,3.731889273828104,1,1,0
AZT,108.0,P.V..TT.K....,3.2625871342678066,1,1,0
AZT,108.0,P.V..TT.K..QD,3.4487361225976034,1,1,0
AZT,108.0,P.V.H...K.M.D,3.4445048446601936,1,1,0
AZT,108.0,P.V.H.T.KSMQD,2.8130734151480143,1,1,0
AZT,108.0,P.V.H.TSKC..D,3.2631027290476724,1,1,0
AZT,108.0,P.V.HT....M..,3.8715355715646624,1,1,0
AZT,108.0,P.V.HT...S...,3.6579295630263005,1,1,0
AZT,108.0,P.V.HTT..C.QD,2.8758961697914893,1,1,0
AZT,108.0,P.V.HTT.K.M.D,2.997887716954,1,1,0
AZT,108.0,P.V.HTTS..M.D,3.4811264053026916,1,1,0
AZT,108.0,P.V.N.....M..,3.7192953641474946,1,1,0
AZT,108.0,P.V.N.T..C.LD,3.023689619762271,1,1,0
AZT,108.0,P.V.NT.....Q.,3.0336995727540166,1,1,0
AZT,108.0,P.V.NT..K.M..,4.131415038424531,1,1,0
AZT,108.0,P.V.NT..K.M.D,3.0873310733498283,1,0,0
AZT,108.0,P.V.NT.SKC.Q.,2.9372157648947974,1,1,0
AZT,108.0,P.V.NTTSK.MQD,3.5987719162931158,1,1,0
AZT,108.0,P.V.S...KSMLD,3.480271059688678,1,1,0
AZT,108.0,P.V.S..S.CML.,3.5938660791514105,1,1,0
AZT,108.0,P.V.ST.S....D,4.167445887004266,1,1,0
AZT,108.0,P.VK.....S.Q.,2.821914523212761,1,1,0
AZT,108.0,P.VK...S...LD,3.565647342102081,1,1,0
AZT,108.0,P.VK...SKC...,1.5492516240734562,1,0,0
AZT,108.0,P.VK...SKCML.,2.768802836218304,1,1,0
AZT,108.0,P.VK.T..K....,3.376953987511014,4,0,0
AZT,108.0,P.VK.T..KCMQ.,2.9226333117420165,1,1,0
AZT,108.0,P.VK.T.S.S.Q.,1.2642003396541397,1,0,0
AZT,108.0,P.VK.T.S.SMLD,4.218493847781855,1,1,0
AZT,108.0,P.VK.TTS.CMLD,2.778881982777877,1,1,0
AZT,108.0,P.VK.TTS.S..D,2.9794574053831617,1,1,0
AZT,108.0,P.VKH....C.LD,3.911938997384199,1,1,0
AZT,108.0,P.VKH..S.S.L.,3.2504128906434593,1,1,0
AZT,108.0,P.VKH.T.KCM..,3.404146329079465,1,1,0
AZT,108.0,P.VKH.TS.S.Q.,3.844811696425301,2,1,0
AZT,108.0,P.VKHT..K..L.,4.34205566643047,1,1,0
AZT,108.0,P.VKHT.SKC.QD,3.5913928997646605,1,1,0
AZT,108.0,P.VKHTTSKSML.,1.6099679590401463,1,0,0
AZT,108.0,P.VKN..SK.M..,4.049820961542736,1,0,0
AZT,108.0,P.VKN..SK.M.D,3.1151578068713897,1,0,0
AZT,108.0,P.VKNT..K.M..,3.475030940610268,1,0,0
AZT,108.0,P.VKNTTSKSM.D,3.864126685814424,1,1,0
AZT,108.0,P.VKS...KC...,2.971998317749365,1,0,0
AZT,108.0,P.VKS..SK.MQD,3.3660981921345376,1,1,0
AZT,108.0,P.VKS.TS.S..D,2.9208126028215027,1,1,0
AZT,108.0,P.VKS.TS.S.L.,3.334376615853282,1,1,0
AZT,108.0,P.VKST.S.C.LD,3.0824584156864803,1,1,0
AZT,108.0,P.VKST.SKCMLD,2.9190673764346307,1,1,0
AZT,108.0,P.VKSTT...MQ.,3.7518845586474825,1,1,0
AZT,108.0,PK........M.D,3.22075083556522,1,1,0
AZT,108.0,PK.......CML.,2.8525688577029893,1,1,0
AZT,108.0,PK....TS.SMQD,2.898405077278803,1,1,0
AZT,108.0,PK...T..KSMLD,1.4450727608904432,1,0,0
AZT,108.0,PK..H....CM..,2.934876841170559,1,1,0
AZT,108.0,PK..H...K....,4.150163642554484,1,0,0
AZT,108.0,PK..H...K.M..,3.675723423196827,6,0,0
AZT,108.0,PK..H.T.K.MLD,3.5072599670485385,1,0,0
AZT,108.0,PK..H.TSKC.L.,2.8616881368009697,1,1,0
AZT,108.0,PK..HT..KC.L.,3.415478077965459,1,1,0
AZT,108.0,PK..HTT.K...D,3.270907372055659,1,1,0
AZT,108.0,PK..HTT.KSMQ.,2.903649775060485,1,1,0
AZT,108.0,PK..N..SK....,3.4834116456399316,3,0,0
AZT,108.0,PK..N..SKC.Q.,3.6434885618318704,1,1,0
AZT,108.0,PK..N..SKS..D,3.250014799503876,2,1,0
AZT,108.0,PK..N.T.K..LD,3.0579470088131906,1,1,0
AZT,108.0,PK..NT.S.C.Q.,2.8415023301912514,1,1,0
AZT,108.0,PK..NTTS..MQD,3.0134294286071412,1,1,0
AZT,108.0,PK..S..SK.M..,3.4055449098058093,1,0,0
AZT,108.0,PK..S.TS.SML.,2.4192567890507584,1,1,0
AZT,108.0,PK..ST..KSMLD,3.6554177960528835,1,1,0
AZT,108.0,PK..ST.SK....,2.8314078728528784,1,0,0
AZT,108.0,PK..STT.K.ML.,1.0501956192263031,1,0,0
AZT,108.0,PK..STT.KS.L.,2.978947862595999,1,1,0
AZT,108.0,PK..STTSK.ML.,3.092790628009826,1,1,0
AZT,108.0,PK..STTSKSM..,2.8493348526997067,1,1,0
AZT,108.0,PK.K.....C.LD,2.8616266667152113,1,1,0
AZT,108.0,PK.K...SKSMLD,3.561817934825177,1,1,0
AZT,108.0,PK.K.T.....L.,3.8738360504620006,1,1,0
AZT,108.0,PK.K.T.S.SM..,3.09839354971725,1,1,0
AZT,108.0,PK.K.TT..C...,2.931085736347932,1,1,0
AZT,108.0,PK.KH....C.QD,3.1323761641563608,2,1,0
AZT,108.0,PK.KH...KCMQ.,2.8310898681442382,1,1,0
AZT,108.0,PK.KH..SK.MQD,3.5130437635593292,1,1,0
AZT,108.0,PK.KHT.SK.M.D,2.9211709612841403,1,1,0
AZT,108.0,PK.KHT.SKC.L.,2.922049120900768,1,1,0
AZT,108.0,PK.KN...K..L.,3.6946395636523772,1,0,0
AZT,108.0,PK.KN...K..QD,3.335806820097477,1,0,0
AZT,108.0,PK.KN...K.ML.,2.979247341113213,1,0,0
AZT,108.0,PK.KN...K.MQ.,4.043150229964949,1,0,0
AZT,108.0,PK.KN..SKC.QD,3.4196341920229965,1,1,0
AZT,108.0,PK.KN.T..C..D,3.4069063055381044,1,1,0
AZT,108.0,PK.KN.TS..M.D,3.1013256301498107,1,0,0
AZT,108.0,PK.KN.TS..MQD,3.900482921316211,1,1,0
AZT,108.0,PK.KN.TS.S.L.,2.7980243172311057,1,1,0
AZT,108.0,PK.KNT..K..Q.,3.823548805094536,1,0,0
AZT,108.0,PK.KNTT.K..L.,4.112806525973328,1,1,0
AZT,108.0,PK.KNTT.KSM..,3.49727398828063,1,1,0
AZT,108.0,PK.KNTTS.CMQD,3.140060956269648,1,1,0
AZT,108.0,PK.KNTTSKS.Q.,2.973850135807432,1,1,0
AZT,108.0,PK.KS...K..Q.,2.8304467709473315,1,0,0
AZT,108.0,PK.KS..SK....,3.2494658027555685,2,0,0
AZT,108.0,PK.KS..SKS.L.,3.9805555883819204,1,1,0
AZT,108.0,PK.KS.TSKS...,3.511364642685811,1,1,0
AZT,108.0,PK.KS.TSKS.LD,3.1048443113231032,1,1,0
AZT,108.0,PK.KS.TSKSML.,3.157739381709151,1,1,0
AZT,108.0,PK.KST..K.M..,3.9178009847925965,5,0,0
AZT,108.0,PK.KST..KSMQ.,3.297997557008441,2,1,0
AZT,108.0,PK.KST.S...QD,4.195868550066779,1,1,0
AZT,108.0,PKL...TSKS..D,4.1465626784058545,1,1,0
AZT,108.0,PKL..T....MQD,1.2957326379476533,1,0,0
AZT,108.0,PKL..T.S..M.D,3.32307306710631,1,1,0
AZT,108.0,PKL..T.SKSM..,4.034148970147283,1,1,0
AZT,108.0,PKL..TT..SMQ.,3.8291367285159446,1,1,0
AZT,108.0,PKL..TTSK....,3.6143413049802757,1,1,0
AZT,108.0,PKL.H..S.CML.,3.156425383963369,1,1,0
AZT,108.0,PKL.H.T...MLD,3.538814531673489,1,1,0
AZT,108.0,PKL.N.....M..,2.8658251649202224,1,1,0
AZT,108.0,PKL.N..SK.MLD,3.4482025204179765,1,1,0
AZT,108.0,PKL.NTT..SM.D,3.60381283912408,1,1,0
AZT,108.0,PKL.NTT.K..L.,2.7653748061931025,1,1,0
AZT,108.0,PKL.NTT.K..QD,3.0686226656580913,1,1,0
AZT,108.0,PKL.S..SK.MQ.,3.6685956907849535,1,1,0
AZT,108.0,PKL.ST...S..D,3.401380946549938,1,1,0
AZT,108.0,PKL.ST..KC.L.,3.744762527039949,1,1,0
AZT,108.0,PKL.ST.SK..LD,3.2047129474266547,2,1,0
AZT,108.0,PKL.STT.K..Q.,1.817073537041322,1,0,0
AZT,108.0,PKL.STT.KCM..,3.0948409942125257,1,1,0
AZT,108.0,PKLK.....CMQ.,2.7582305536589984,1,1,0
AZT,108.0,PKLK....K.M..,3.1248645892233213,1,0,0
AZT,108.0,PKLK...S...L.,3.7719101972844262,1,1,0
AZT,108.0,PKLK...SKS.Q.,3.202631805945803,1,1,0
AZT,108.0,PKLK.T..KC.QD,2.8308381533734064,1,1,0
AZT,108.0,PKLK.TT..SML.,1.3003079931747352,1,0,0
AZT,108.0,PKLKH...KC.Q.,3.2181043009114942,1,1,0
AZT,108.0,PKLKN.TS.CMQD,3.5174658430472396,1,1,0
AZT,108.0,PKLKNT..KCMLD,2.7692751273108476,1,0,0
AZT,108.0,PKLKNTT..S...,3.043546226078583,1,1,0
AZT,108.0,PKLKNTTSK.MQ.,3.5472707354965527,1,1,0
AZT,108.0,PKLKNTTSKCM..,3.5842358127311313,1,1,0
AZT,108.0,PKLKS...K.ML.,3.1820033004788875,1,0,0
AZT,108.0,PKLKS...KS...,3.109771031154582,2,0,0
AZT,108.0,PKLKS..SKCMLD,3.7050352564994444,1,1,0
AZT,108.0,PKLKS.T.K.MLD,3.1411894937961145,1,1,0
AZT,108.0,PKLKST..KCMLD,3.636975999170408,1,1,0
AZT,108.0,PKV........LD,3.7777316281413706,1,1,0
AZT,108.0,PKV....SKCMQ.,3.831844426000504,1,1,0
AZT,108.0,PKV...TS.CM..,2.902914130595731,1,1,0
AZT,108.0,PKV..T...S.Q.,4.75902989213702,1,1,0
AZT,108.0,PKV..T..K...D,3.9720421077696297,1,1,0
AZT,108.0,PKV..T.S.CML.,2.7588373189271604,1,1,0
AZT,108.0,PKV..TT.K..QD,2.9647899077816313,1,0,0
AZT,108.0,PKV..TTSKC.L.,3.807349487353484,1,1,0
AZT,108.0,PKV.HT.SK.ML.,3.4305433457246166,1,1,0
AZT,108.0,PKV.N..S.SML.,3.271567965905902,1,1,0
AZT,108.0,PKV.N.TSKC.LD,2.720593458937637,1,1,0
AZT,108.0,PKV.NT..K....,3.4610829021392817,16,0,0
AZT,108.0,PKV.NT.SK.MQD,4.41617304109792,2,1,0
AZT,108.0,PKV.NTTS...LD,3.582395076899383,1,1,0
AZT,108.0,PKV.S....CMQD,3.1363878346032887,1,1,0
AZT,108.0,PKV.S...K.MQ.,3.2031861145434974,1,1,0
AZT,108.0,PKV.S..SK.ML.,2.985329842625468,1,1,0
AZT,108.0,PKV.S.T...MQD,3.534909136291098,1,1,0
AZT,108.0,PKV.S.TS..M.D,2.949419435765411,1,1,0
AZT,108.0,PKV.S.TS.C.QD,3.71301274435797,1,1,0
AZT,108.0,PKV.S.TS.CML.,4.2546156575086895,1,1,0
AZT,108.0,PKV.ST...SM.D,3.6505617317013694,1,1,0
AZT,108.0,PKV.STTSK....,2.7985630459170086,1,1,0
AZT,108.0,PKV.STTSKC..D,3.408793628638575,1,1,0
AZT,108.0,PKV.STTSKSMLD,3.261244714342847,1,1,0
AZT,108.0,PKVK....K.MQD,3.0523170839346947,1,1,0
AZT,108.0,PKVK...SK.ML.,3.8330612017208248,1,1,0
AZT,108.0,PKVK...SK.MQ.,3.0151947925509446,1,0,0
AZT,108.0,PKVK.TT..CM.D,3.7086254782098624,1,1,0
AZT,108.0,PKVK.TT.KSML.,3.837412049819018,1,1,0
AZT,108.0,PKVK.TTSK..L.,3.705685170377638,1,1,0
AZT,108.0,PKVKH..SKC.QD,3.9109084148443287,1,1,0
AZT,108.0,PKVKHT....MLD,3.5039409917994746,1,1,0
AZT,108.0,PKVKHT.SK....,3.2664564136652157,1,0,0
AZT,108.0,PKVKHTT.K..Q.,3.210382770546679,1,1,0
AZT,108.0,PKVKHTTS.....,3.1865615924135824,1,1,0
AZT,108.0,PKVKN....CMLD,3.4396728840890227,1,1,0
AZT,108.0,PKVKN...K.M.D,3.732824147058047,1,0,0
AZT,108.0,PKVKN...KC.Q.,2.8601419814607407,1,1,0
AZT,108.0,PKVKN..S...QD,3.684024770995086,1,1,0
AZT,108.0,PKVKN.TS.C.QD,1.5435057852356477,1,0,0
AZT,108.0,PKVKNT.S..M.D,3.345763402518542,1,1,0
AZT,108.0,PKVKNTTSKCMQD,4.093459553612614,1,1,0
AZT,108.0,PKVKS...K.MLD,2.8862475327613035,1,1,0
AZT,108.0,PKVKS..S.S...,3.0622888022811865,1,1,0
AZT,108.0,PKVKS.T.KS.LD,4.0614970218208075,1,1,0
AZT,108.0,PKVKS.T.KS.Q.,3.242788076275902,1,1,0
AZT,108.0,PKVKST...C.L.,4.208957369303887,1,1,0
AZT,108.0,PKVKST..K.MQ.,3.4845834380248077,2,1,0
AZT,108.0,PKVKSTTS.CMQ.,3.209319629816763,1,1,0
AZT,324.0,........K.MLD,2.2557344306203713,1,1,0
AZT,324.0,.....T.SKC...,3.188092938765028,1,1,0
AZT,324.0,.....TT.KC.L.,2.561481168734907,1,1,0
AZT,324.0,....H...KC.L.,3.64065183327177,1,1,0
AZT,324.0,....HT..K.M..,3.1701786584239695,1,1,0
AZT,324.0,....HTT..S.L.,1.832627311429302,1,0,0
AZT,324.0,....HTTSKC.LD,1.82130462359214,1,0,0
AZT,324.0,....HTTSKCM..,3.8281630181993895,1,1,0
AZT,324.0,....N....CMQ.,2.82397799083159,1,1,0
AZT,324.0,....N.T..SMQD,1.8122047405386985,1,0,0
AZT,324.0,....N.TS....D,3.19701777499292,1,1,0
AZT,324.0,....S..SK..L.,2.2069715208283682,1,1,0
AZT,324.0,....S.T.....D,3.2939379691695465,1,1,0
AZT,324.0,...K.T...SMQ.,2.1328106464387533,1,0,0
AZT,324.0,...K.T.S.S.L.,2.25138045069641,1,1,0
AZT,324.0,...KH...KSM.D,2.1923695270923806,1,1,0
AZT,324.0,...KH..SKCM..,2.771161360013049,1,1,0
AZT,324.0,...KNT...CM..,3.3297939093153466,1,1,0
AZT,324.0,...KNT..K.M.D,3.9971587954338244,9,0,0
AZT,324.0,...KNTT.KSMQD,3.4556452369895645,1,1,0
AZT,324.0,...KS....SM..,2.2467033545024577,1,1,0
AZT,324.0,...KST...SMQ.,3.1847781665424533,1,1,0
AZT,324.0,...KST..KS...,3.7342086606385134,1,0,0
AZT,324.0,...KST.S....D,2.227116866813757,1,1,0
AZT,324.0,..L.....K.M..,4.451534834935455,1,1,0
AZT,324.0,..L..T.S.C.Q.,3.5189358467292844,1,1,0
AZT,324.0,..L..TT..CML.,1.854808600695932,1,0,0
AZT,324.0,..L.H..SKS.Q.,2.6040606075775767,1,1,0
AZT,324.0,..L.H.TSKC.Q.,2.889174783181351,1,1,0
AZT,324.0,..L.N..SK..L.,2.631725861423002,1,1,0
AZT,324.0,..L.N.T.K.M.D,2.1828811295829316,1,1,0
AZT,324.0,..L.NT..K.M..,2.7860218250718534,1,0,0
AZT,324.0,..L.NTT..S.QD,2.406991187249019,1,1,0
AZT,324.0,..L.S...K....,4.064433996635008,1,1,0
AZT,324.0,..L.S.T.....D,1.9844307385266937,1,0,0
AZT,324.0,..L.ST..KCM..,2.280100798127303,1,1,0
AZT,324.0,..L.ST.S....D,1.7904095638150133,1,0,0
AZT,324.0,..L.STT..SM.D,3.9276282862074345,1,1,0
AZT,324.0,..LKN...K....,4.131060131983588,1,0,0
AZT,324.0,..LKNT..K.M..,4.6567966737061735,2,0,0
AZT,324.0,..LKNT.SK.M..,4.070986139307561,1,0,0
AZT,324.0,..LKNTT.....D,2.3061986780754955,1,1,0
AZT,324.0,..LKS...K....,3.1773380844500307,4,0,0
AZT,324.0,..LKS...K.MQD,2.9782065859486924,1,1,0
AZT,324.0,..LKST.S.C.Q.,3.1800658716218426,1,1,0
AZT,324.0,..V....S.C.QD,2.244586850632004,1,1,0
AZT,324.0,..V..TT..CMQ.,1.8311713389138453,1,0,0
AZT,324.0,..V.H.T.KCM..,3.214363785573811,1,1,0
AZT,324.0,..V.N.T..SM..,2.6358789656459143,1,1,0
AZT,324.0,..V.NT.....Q.,2.7354338034207752,1,1,0
AZT,324.0,..V.NT.SKCM.D,1.9037338525813787,1,0,0
AZT,324.0,..V.S.T.KC.LD,2.789811244017832,1,1,0
AZT,324.0,..V.ST..KCMQD,3.6006528525379626,1,1,0
AZT,324.0,..V.STT...M..,1.9163912990862655,1,0,0
AZT,324.0,..VKHT..K.M..,4.294985542677479,1,1,0
AZT,324.0,..VKN..S..M..,3.5887097580173655,1,1,0
AZT,324.0,..VKNT...C..D,1.9385821269441468,1,0,0
AZT,324.0,..VKNT..KS.QD,4.201741121314033,1,1,0
AZT,324.0,..VKNTTSKSM..,2.0487590630573798,46746,0,1
AZT,324.0,..VKSTT...MQ.,2.0608743542143997,1,0,0
AZT,324.0,.K......KSMLD,2.5471557512951923,1,1,0
AZT,324.0,.K...T....M.D,4.392963038145886,1,1,0
AZT,324.0,.K..HTT..SMQD,2.3105756003473803,1,1,0
AZT,324.0,.K..N...K.M..,2.9904955521184333,1,0,0
AZT,324.0,.K..NTTSK..LD,2.307781874578305,1,1,0
AZT,324.0,.K..S..SKSMLD,1.8589494130653992,1,0,0
AZT,324.0,.K..S.TS.SMLD,3.531994208867648,1,1,0
AZT,324.0,.K.K....KCMLD,1.887277137971943,8327,0,0
AZT,324.0,.K.K..T..SM..,2.168484354917602,1,1,0
AZT,324.0,.K.KH...K....,2.693373167113056,1,0,0
AZT,324.0,.K.KH.T..SMQ.,2.1760836970152817,1,1,0
AZT,324.0,.K.KHT..K....,4.266416937198045,1,0,0
AZT,324.0,.K.KHT.SK....,2.9849656414062053,1,0,0
AZT,324.0,.K.KHT.SKSMQ.,3.390605653370995,1,1,0
AZT,324.0,.K.KHTTS.CM.D,3.6269641506292425,1,1,0
AZT,324.0,.K.KN.....M..,3.052791704173142,1,0,0
AZT,324.0,.K.KN.....MQD,3.8389117401886215,1,1,0
AZT,324.0,.K.KN...K.M.D,4.936961771838323,1,0,0
AZT,324.0,.K.KN...K.MQ.,3.307311176358715,1,0,0
AZT,324.0,.K.KNT..K.M..,5.6979430237391995,25,1,0
AZT,324.0,.K.KNT.SK....,3.582611074568087,1,0,0
AZT,324.0,.K.KS...K.M.D,3.1985340139615275,1,0,0
AZT,324.0,.K.KS.TS.....,3.776773085954338,1,1,0
AZT,324.0,.K.KST..KC.LD,3.5755117274257437,1,1,0
AZT,324.0,.KL..T.S.S...,1.7851510819102616,1,0,0
AZT,324.0,.KLKHT.SK.M..,3.713066129443543,1,1,0
AZT,324.0,.KLKHT.SKCMQD,2.220806904106202,1,1,0
AZT,324.0,.KLKHT.SKS.QD,2.0891071357326787,1,1,0
AZT,324.0,.KLKN....S...,3.9404389599008147,1,1,0
AZT,324.0,.KLKS...K....,4.066614705808223,1,0,0
AZT,324.0,.KLKS...K.M..,3.4750304631672426,1,0,0
AZT,324.0,.KLKS..S.SM..,2.6018856261974737,2,1,0
AZT,324.0,.KLKST..K....,4.525472658064613,1,0,0
AZT,324.0,.KV.H.TS.S.LD,2.166591915245206,1,1,0
AZT,324.0,.KVK.....C...,2.5152531476467015,1,1,0
AZT,324.0,.KVK..TSKCMQD,3.068939894375078,1,1,0
AZT,324.0,.KVKHT..K....,2.8485850215930446,1,0,0
AZT,324.0,.KVKNT..KC.LD,2.050150414561539,1,1,0
AZT,324.0,.KVKS...KS...,3.336666534307514,2,0,0
AZT,324.0,.KVKS.T..CMLD,2.1808302604358216,1,1,0
AZT,324.0,.KVKS.TSKS.L.,2.633547435889817,1,1,0
AZT,324.0,P...H.T.K.MLD,4.706651198659248,1,1,0
AZT,324.0,P...HT.SK.MQD,3.644211382080892,1,1,0
AZT,324.0,P...N...K....,3.4210406759622547,4,0,0
AZT,324.0,P...N..SK....,4.123884907418762,1,1,0
AZT,324.0,P...N.TS.S..D,3.987355720141188,1,1,0
AZT,324.0,P...S....SM..,1.847262455789611,1,0,0
AZT,324.0,P..K....KCM..,3.1778662569203484,1,1,0
AZT,324.0,P..K.T.....QD,2.8123904622204696,1,1,0
AZT,324.0,P..KHT..K.M..,3.9095403592265052,1,1,0
AZT,324.0,P..KHTT.KCM..,4.397577824264506,1,1,0
AZT,324.0,P..KN...KSM.D,2.6329166280993483,1,0,0
AZT,324.0,P..KNT..K....,4.568098846591368,1,0,0
AZT,324.0,P..KNT..K.M..,3.4728558044639666,1,0,0
AZT,324.0,P..KST..K....,3.428182661702055,1,0,0
AZT,324.0,P.L.....K.M..,3.857353609627226,1,0,0
AZT,324.0,P.L.H.TS.SMQ.,2.6735458239726424,1,1,0
AZT,324.0,P.L.HTT.....D,2.807519118643556,1,1,0
AZT,324.0,P.L.NTTS...L.,4.463927789818488,1,1,0
AZT,324.0,P.L.NTTS.C.QD,3.6616290590557012,1,1,0
AZT,324.0,P.L.ST....MLD,2.4003229742884233,1,1,0
AZT,324.0,P.LK....KC.L.,2.689457440825914,1,1,0
AZT,324.0,P.LKHT..KS...,4.054129830903385,1,1,0
AZT,324.0,P.LKN...K..QD,2.8363791702307504,1,1,0
AZT,324.0,P.LKNT..K....,3.976382346732033,1,0,0
AZT,324.0,P.LKS.TS.C...,3.122694448217534,1,1,0
AZT,324.0,P.V....S..M..,3.866543641735616,1,1,0
AZT,324.0,P.V.HT..K..Q.,2.481972865660394,1,1,0
AZT,324.0,P.V.S...K.M..,2.8594433003364674,1,0,0
AZT,324.0,P.V.ST.S....D,3.3363754064325404,1,1,0
AZT,324.0,P.VKH..S.C.QD,2.8238287090563436,1,1,0
AZT,324.0,P.VKH.TS.S.Q.,2.66313160871194,1,1,0
AZT,324.0,P.VKHT..K..L.,4.277721841380201,1,1,0
AZT,324.0,P.VKN...K....,4.00394579333694,1,0,0
AZT,324.0,P.VKN...K.M..,4.510406860680527,1,0,0
AZT,324.0,P.VKS...K.M..,3.637424276533337,1,0,0
AZT,324.0,P.VKSTT...MQ.,3.5495140750020995,1,1,0
AZT,324.0,P.VKSTTS.SM.D,2.673133436134116,1,1,0
AZT,324.0,PK.......SMLD,1.7518916435074372,1,0,0
AZT,324.0,PK...TT...MLD,2.6866670434829754,1,1,0
AZT,324.0,PK..HT.S...QD,2.722204668027134,1,1,0
AZT,324.0,PK..N...K....,2.8019146860186432,3,0,0
AZT,324.0,PK..NTT.KC..D,1.7260058982227278,1,0,0
AZT,324.0,PK..NTTS..MQD,2.860923674330161,1,1,0
AZT,324.0,PK.K.T.S.CM..,1.395670665435186,1,0,0
AZT,324.0,PK.KH.TS.S..D,2.309493962307142,1,1,0
AZT,324.0,PK.KHTT.K.MLD,1.4638157003014018,1,0,0
AZT,324.0,PK.KHTTS.SM.D,2.456325326509883,1,1,0
AZT,324.0,PK.KN...K...D,3.0840384437522914,2,0,0
AZT,324.0,PK.KNTT.K..L.,4.0554343440286855,1,1,0
AZT,324.0,PK.KS...K.M..,4.0875824118249575,2,0,0
AZT,324.0,PK.KS.TSKS...,3.070166834281511,1,1,0
AZT,324.0,PK.KST..K.M..,3.1641712229321364,3,0,0
AZT,324.0,PK.KST.S...QD,2.9771858959707083,1,1,0
AZT,324.0,PKL..T.S.SMQD,2.6911195344271084,1,1,0
AZT,324.0,PKL..TT..SMQ.,4.568444769665845,1,1,0
AZT,324.0,PKL.ST..KCMQ.,1.194257174579444,1,0,0
AZT,324.0,PKL.STT.KCM..,2.8987530482050294,1,1,0
AZT,324.0,PKL.STTS.SML.,1.3142638688545296,1,0,0
AZT,324.0,PKLK.TT.KCMQD,0.17609125905568124,1,0,0
AZT,324.0,PKLKN.TSK.ML.,2.2143922378385055,1,1,0
AZT,324.0,PKLKS...K....,2.7938740998780407,1,0,0
AZT,324.0,PKV....SKS.L.,2.2739958273623944,1,1,0
AZT,324.0,PKV..T...S.Q.,2.8060011385917054,1,1,0
AZT,324.0,PKV.HT.SK.ML.,4.373354814386718,1,1,0
AZT,324.0,PKV.NT.SK.MQD,3.4519833754026252,1,1,0
AZT,324.0,PKV.ST.....L.,2.743207367858252,1,1,0
AZT,324.0,PKV.ST...SM.D,3.862989206021974,1,1,0
AZT,324.0,PKV.STTSKSMLD,2.724389438393849,1,1,0
AZT,324.0,PKVK..TSK.M..,0.9047766099337042,1,0,0
AZT,324.0,PKVK.TTS..MLD,2.654854720536559,1,1,0
AZT,324.0,PKVKH..SKC.QD,4.125785379307244,1,1,0
AZT,324.0,PKVKHT..K....,4.470955225660365,1,1,0
AZT,324.0,PKVKHTT.K..LD,2.6385500548366747,1,1,0
AZT,324.0,PKVKSTT...MQD,2.7758065849214284,1,1,0
