drug,concentration,source,target,weight,count
AMP,0.0,......T...MQ.,.KVKS.T..SMQD,22.068184323557194,18
AMP,0.0,....N.T.K.MQ.,.KVKS.T..SMQD,22.041362174224528,18
AMP,0.0,....ST..KC..D,.KVKS.T..SMQD,19.96269167198053,18
AMP,0.0,....STT..S.L.,.KVKS.T..SMQD,0.8116638861334273,34
AMP,0.0,....STT.KC...,.KVKS.T..SMQD,19.852158097204285,18
AMP,0.0,...KHTTS.C.L.,.KVKS.T..SMQD,20.103844829175838,18
AMP,0.0,..L.H...KSML.,.KVKS.T..SMQD,0.4923452512142532,34
AMP,0.0,..LKHTTS..ML.,.KVKS.T..SMQD,20.968617926924672,18
AMP,0.0,..LKN.T.KS..D,.KVKS.T..SMQD,20.868447476542777,18
AMP,0.0,..LKS...KCM.D,.KVKS.T..SMQD,19.57575416573714,18
AMP,0.0,..V...TSKS.LD,.KVKS.T..SMQD,20.740093421108842,18
AMP,0.0,..V.H..SKSML.,.K.K..TSKC.L.,1.5599045207404527,1
AMP,0.0,..V.H..SKSML.,.KV.STT.KC..D,1.5118273533557292,1
AMP,0.0,..V.H..SKSML.,.KVKS.T..SMQD,66871.47862771482,74706
AMP,0.0,..V.H..SKSML.,P.LKH.T..C.L.,2.446318922507266,2
AMP,0.0,..V.H..SKSML.,P.VK...SKCM.D,10.224883037525062,5
AMP,0.0,..V.H..SKSML.,P.VKH.T..S.Q.,1.5101113681101268,1
AMP,0.0,..V.H..SKSML.,P.VKST.S..MLD,6.995511653551178,4
AMP,0.0,..V.H..SKSML.,PK..HTT.K.M.D,8.339772074240406,4
AMP,0.0,..V.H..SKSML.,PK..ST.SKS...,3.777154092526582,2
AMP,0.0,..V.H..SKSML.,PKL.H..S.CMQ.,4.967431948614832,3
AMP,0.0,..V.H..SKSML.,PKL.HT.S.SMQ.,6.038212547549663,3
AMP,0.0,..V.H..SKSML.,PKL.HTTS.C.LD,14.14048879260252,7
AMP,0.0,..V.H..SKSML.,PKL.S.T..CML.,4.9259782445644,2
AMP,0.0,..V.H..SKSML.,PKLKHTT...MQD,3.0060295293496626,2
AMP,0.0,..V.H..SKSML.,PKLKHTT..CM.D,10.294184566969648,6
AMP,0.0,..V.H..SKSML.,PKV.N..S..ML.,5.3577155474801135,3
AMP,0.0,..V.H..SKSML.,PKVK..TSK.MLD,1.8477484719965078,1
AMP,0.0,..VKHTT..S.LD,..V.H..SKSML.,1.5614978813909812,1
AMP,0.0,..VKHTT..S.LD,.KVKS.T..SMQD,25.46522818229627,17
AMP,0.0,..VKHTTSK.MQD,.KVKS.T..SMQD,20.54678661602844,18
AMP,0.0,..VKN....SMQD,.KVKS.T..SMQD,1.0168577376611978,34
AMP,0.0,..VKNTT.KSML.,.KVKS.T..SMQD,21.597218822190612,18
AMP,0.0,..VKNTTS..M.D,.KVKS.T..SMQD,12.66817472659606,18
AMP,0.0,..VKS..SKS.Q.,.KVKS.T..SMQD,22.812582630678953,18
AMP,0.0,..VKST..KS.Q.,.KVKS.T..SMQD,20.43858957723812,18
AMP,0.0,.K..S.TS.C...,.KVKS.T..SMQD,0.2563646877436021,34
AMP,0.0,.K.K..TSKC...,.K.K..TSKC.L.,1.6506381741689524,1
AMP,0.0,.K.K..TSKC...,.KVKS.T..SMQD,21.955357286842023,17
AMP,0.0,.K.KN.TS.CM.D,.KVKS.T..SMQD,21.764720042611376,18
AMP,0.0,.KL.HT.SKSML.,.KVKS.T..SMQD,20.521745372539947,18
AMP,0.0,.KL.N...K.M..,.KVKS.T..SMQD,17.20481684738139,18
AMP,0.0,.KL.NT..KCML.,..V.H..SKSML.,2.384494072086934,2
AMP,0.0,.KL.NT..KCML.,.KVKS.T..SMQD,17.82001462778262,16
AMP,0.0,.KL.S.TS..MQ.,.KVKS.T..SMQD,11.086432713182543,18
AMP,0.0,.KLKH....SML.,.KVKS.T..SMQD,39.050319617955694,34
AMP,0.0,.KLKNTT..SMQD,.KVKS.T..SMQD,19.867403720190218,18
AMP,0.0,.KV..T..KSMQD,.KVKS.T..SMQD,19.50365141836291,18
AMP,0.0,.KVKHT.S.C...,.KVKS.T..SMQD,23.3281544560359,18
AMP,0.0,.KVKHTTSKS.Q.,.KVKS.T..SMQD,20.11261768105326,18
AMP,0.0,.KVKN..S.SM.D,.KVKS.T..SMQD,20.65000065157457,18
AMP,0.0,.KVKS.T..SMQD,.....T..KC.LD,21.400316821681123,18
AMP,0.0,.KVKS.T..SMQD,....NTT....LD,38.973913162364234,34
AMP,0.0,.KVKS.T..SMQD,....ST.SK..QD,21.02755306465556,18
AMP,0.0,.KVKS.T..SMQD,....STTS.C..D,20.4894142142848,18
AMP,0.0,.KVKS.T..SMQD,...KHT..K.MQD,21.32621869175478,18
AMP,0.0,.KVKS.T..SMQD,...KN...KCMLD,21.950752045856724,18
AMP,0.0,.KVKS.T..SMQD,...KNTTSKS.LD,20.49912411823483,18
AMP,0.0,.KVKS.T..SMQD,..L.N..S...Q.,20.578762022933084,18
AMP,0.0,.KVKS.T..SMQD,..LK.....S..D,20.286480153107576,18
AMP,0.0,.KVKS.T..SMQD,..LK.....S.Q.,20.691888866254835,18
AMP,0.0,.KVKS.T..SMQD,..LKH.TS.C.LD,21.56226020873444,18
AMP,0.0,.KVKS.T..SMQD,..LKNT.SKSM..,20.946427380917576,18
AMP,0.0,.KVKS.T..SMQD,..LKNTT.KCM.D,22.06014490128535,18
AMP,0.0,.KVKS.T..SMQD,..LKNTTS.SMQ.,20.080393001687053,18
AMP,0.0,.KVKS.T..SMQD,..LKSTT..SMQD,17.6078556613059,18
AMP,0.0,.KVKS.T..SMQD,..V.HT..KS.LD,20.643414951228014,18
AMP,0.0,.KVKS.T..SMQD,..V.HTT.K..LD,20.26122105040477,18
AMP,0.0,.KVKS.T..SMQD,..V.N...KSMQ.,20.384515815185864,18
AMP,0.0,.KVKS.T..SMQD,..V.NT.S...LD,20.687658145157116,18
AMP,0.0,.KVKS.T..SMQD,..V.ST..KC.Q.,21.517602700086957,18
AMP,0.0,.KVKS.T..SMQD,..VKHT...C...,20.890491829107052,18
AMP,0.0,.KVKS.T..SMQD,..VKNT.S....D,20.59011164629852,18
AMP,0.0,.KVKS.T..SMQD,..VKS.T..C.LD,23.61961373373992,18
AMP,0.0,.KVKS.T..SMQD,..VKS.T..S...,22.228751838798612,18
AMP,0.0,.KVKS.T..SMQD,.K....T.K.M..,41.678075865043006,34
AMP,0.0,.KVKS.T..SMQD,.K..N.TS..M.D,20.321163634349595,18
AMP,0.0,.KVKS.T..SMQD,.K..S...KSM..,22.521837805170122,18
AMP,0.0,.KVKS.T..SMQD,.K..STT.KC.QD,21.67179001610506,18
AMP,0.0,.KVKS.T..SMQD,.K.K..TSKC.L.,20.79886287027838,16
AMP,0.0,.KVKS.T..SMQD,.K.K.TT.K..QD,19.67770189768569,18
AMP,0.0,.KVKS.T..SMQD,.K.KHT.SKSM.D,8.651929206840464,18
AMP,0.0,.KVKS.T..SMQD,.K.KN.T.KS.LD,20.48089360728138,18
AMP,0.0,.KVKS.T..SMQD,.K.KNT....ML.,21.021089189496074,18
AMP,0.0,.KVKS.T..SMQD,.K.KS.....MLD,20.019766323836855,18
AMP,0.0,.KVKS.T..SMQD,.K.KST..KS.QD,41.86896387167014,34
AMP,0.0,.KVKS.T..SMQD,.KL.......M..,18.05324927098767,18
AMP,0.0,.KVKS.T..SMQD,.KL.N...KSML.,20.63946021102513,18
AMP,0.0,.KVKS.T..SMQD,.KL.N.T.K...D,2.9954136644902647,34
AMP,0.0,.KVKS.T..SMQD,.KL.NT....M..,15.185153902890288,18
AMP,0.0,.KVKS.T..SMQD,.KL.NT.SKSMLD,21.080975628272228,18
AMP,0.0,.KVKS.T..SMQD,.KL.S......Q.,20.646791377262353,18
AMP,0.0,.KVKS.T..SMQD,.KL.S.T..CMQ.,39.55516724023868,34
AMP,0.0,.KVKS.T..SMQD,.KLK..TSKCM..,20.660084685318854,18
AMP,0.0,.KVKS.T..SMQD,.KLKH.T......,20.823115620982442,18
AMP,0.0,.KVKS.T..SMQD,.KLKNTT..C.L.,22.436934498016193,18
AMP,0.0,.KVKS.T..SMQD,.KV.N.T.KS.QD,20.524996968784812,18
AMP,0.0,.KVKS.T..SMQD,.KV.STT.KC..D,20.970820577994687,17
AMP,0.0,.KVKS.T..SMQD,.KVKH.T..S.Q.,20.501965303297528,18
AMP,0.0,.KVKS.T..SMQD,.KVKH.TS..MLD,17.898723645443575,18
AMP,0.0,.KVKS.T..SMQD,.KVKHT.SKS.L.,20.712643615522385,18
AMP,0.0,.KVKS.T..SMQD,.KVKN..SK.M..,20.948421858135376,18
AMP,0.0,.KVKS.T..SMQD,.KVKSTTSKC..D,21.15166162167407,18
AMP,0.0,.KVKS.T..SMQD,P.LKH.T..C.L.,18.42187708117086,16
AMP,0.0,.KVKS.T..SMQD,P.LKNT..KSM.D,21.683295358706854,18
AMP,0.0,.KVKS.T..SMQD,P.LKSTTSKS...,20.86538877295268,18
AMP,0.0,.KVKS.T..SMQD,P.V.S...KC.QD,18.373250028868885,18
AMP,0.0,.KVKS.T..SMQD,P.V.S...KS..D,21.664705556126904,18
AMP,0.0,.KVKS.T..SMQD,P.VK...SKCM.D,23.961964419483376,13
AMP,0.0,.KVKS.T..SMQD,P.VKH.T..S.Q.,21.01105581636963,17
AMP,0.0,.KVKS.T..SMQD,P.VKST.S..MLD,20.678751725989663,14
AMP,0.0,.KVKS.T..SMQD,PK..HTT.K.M.D,25.67077787398204,14
AMP,0.0,.KVKS.T..SMQD,PK..N.TSK.MLD,20.398047681244066,18
AMP,0.0,.KVKS.T..SMQD,PK..ST.SKS...,25.883016654832122,16
AMP,0.0,.KVKS.T..SMQD,PK.KN..SK.MQD,20.650136752326596,18
AMP,0.0,.KVKS.T..SMQD,PKL.H..S.CMQ.,19.8194062900474,15
AMP,0.0,.KVKS.T..SMQD,PKL.HT.S.SMQ.,26.46036616285382,15
AMP,0.0,.KVKS.T..SMQD,PKL.HTTS.C.LD,19.751926971050157,11
AMP,0.0,.KVKS.T..SMQD,PKL.S.T..CML.,30.815365525612936,16
AMP,0.0,.KVKS.T..SMQD,PKLKHTT...MQD,19.874399432439386,16
AMP,0.0,.KVKS.T..SMQD,PKLKHTT..CM.D,16.985024257148716,12
AMP,0.0,.KVKS.T..SMQD,PKLKS.TSKS...,20.793717501343338,18
AMP,0.0,.KVKS.T..SMQD,PKV.N..S..ML.,24.30117273095097,15
AMP,0.0,.KVKS.T..SMQD,PKVK..TSK.MLD,26.59744519374143,17
AMP,0.0,.KVKS.TS..ML.,.KVKS.T..SMQD,22.426289110508545,18
AMP,0.0,.KVKST...C.LD,.KVKS.T..SMQD,20.757649803793864,18
AMP,0.0,P...ST.S.CMQ.,..V.H..SKSML.,1.544994313650145,1
AMP,0.0,P...ST.S.CMQ.,.KVKS.T..SMQD,23.94817598542312,17
AMP,0.0,P.L.N.TS...LD,.KVKS.T..SMQD,20.100784269780167,18
AMP,0.0,P.L.N.TSKS.QD,.KVKS.T..SMQD,17.501912473497246,18
AMP,0.0,P.L.STTSKC.L.,.KVKS.T..SMQD,21.937394859942945,18
AMP,0.0,P.LKNT..K...D,.KVKS.T..SMQD,22.57442888753877,18
AMP,0.0,P.LKSTTS..MQD,..V.H..SKSML.,3.7363000729947866,2
AMP,0.0,P.LKSTTS..MQD,.KVKS.T..SMQD,24.106821503136217,16
AMP,0.0,P.V.S.T...MQD,.KVKS.T..SMQD,22.48956880120464,18
AMP,0.0,P.VKST..KSMLD,.KVKS.T..SMQD,23.498695255631986,18
AMP,0.0,PK..N....CM..,.KVKS.T..SMQD,20.09746879683956,18
AMP,0.0,PKL..TTSKSM..,.KVKS.T..SMQD,24.147747795464586,18
AMP,0.0,PKLK.T....MQD,.KVKS.T..SMQD,41.27529709505531,18
AMP,0.0,PKLKH.......D,.KVKS.T..SMQD,22.17083853601209,18
AMP,0.0,PKLKN..SKS.Q.,.KVKS.T..SMQD,20.55078908190369,18
AMP,0.0,PKLKS.TS..MLD,.KVKS.T..SMQD,20.956488604345918,18
AMP,0.0,PKV..T..KS.LD,..V.H..SKSML.,3.6559672079101038,2
AMP,0.0,PKV..T..KS.LD,.KVKS.T..SMQD,38.08280832365979,16
AMP,0.0,PKV.HTTSKSM..,.KVKS.T..SMQD,26.411547524676493,18
AMP,0.0,PKV.NT..KC.Q.,.KVKS.T..SMQD,27.353658902033917,18
AMP,3.1,.......S.CM.D,.KLKST.SK..LD,16.611776279713485,16
AMP,3.1,.......S.CM.D,PKLK.T.S.C.QD,2.685526109351898,2
AMP,3.1,....HT.SK..QD,.KLKST.SK..LD,20.211227862423414,18
AMP,3.1,....HTT....LD,.KLKST.SK..LD,20.566860252676477,18
AMP,3.1,....ST...C.LD,.KLKST.SK..LD,0.29623377846288435,34
AMP,3.1,...KN.T.K..LD,.KLKST.SK..LD,19.667919908600002,18
AMP,3.1,..L.....KC.Q.,.KLKST.SK..LD,20.623110675426094,18
AMP,3.1,..L.H...KCM..,.KLKST.SK..LD,17.86432996592131,18
AMP,3.1,..L.NT.S.....,.KLKST.SK..LD,20.495163834329823,18
AMP,3.1,..LK.T.SKSMQD,.KLKST.SK..LD,17.17873024566183,18
AMP,3.1,..LKHTT.KSML.,.KLKST.SK..LD,18.67628369380676,18
AMP,3.1,..V.HT..K.MQD,.KLKST.SK..LD,13.380358768119184,18
AMP,3.1,..V.S.TSKCML.,PKLK.T.S.C.QD,1.5158742060212398,1
AMP,3.1,..VKH....C...,.KLKST.SK..LD,21.676312392667082,16
AMP,3.1,..VKH....C...,PKLK.T.S.C.QD,3.0454525183494248,2
AMP,3.1,.K..NTTS...LD,.KLKST.SK..LD,16.207491814131707,18
AMP,3.1,.K.KH.T...ML.,.KLKST.SK..LD,21.213145155840284,18
AMP,3.1,.K.KN..SK..LD,.KLKST.SK..LD,21.92123408303263,18
AMP,3.1,.KL...T....QD,.KLKST.SK..LD,20.222459125230706,18
AMP,3.1,.KL.S..SK.MQD,.KLKST.SK..LD,18.55806230540763,18
AMP,3.1,.KLKN.TS.S.LD,.KLKST.SK..LD,20.483440942003334,18
AMP,3.1,.KLKST.SK..LD,.....TTSKS..D,23.597112775088483,18
AMP,3.1,.KLKST.SK..LD,....H...KS.Q.,19.84163888777465,18
AMP,3.1,.KLKST.SK..LD,....NT.SKSMLD,21.640401330695955,18
AMP,3.1,.KLKST.SK..LD,....S.TS.S..D,21.286350217149554,18
AMP,3.1,.KLKST.SK..LD,...KN....SML.,19.900861708118867,18
AMP,3.1,.KLKST.SK..LD,..L.H...KS.L.,38.69449316151707,34
AMP,3.1,.KLKST.SK..LD,..L.N..S.S...,19.686706133554956,18
AMP,3.1,.KLKST.SK..LD,..L.ST....MLD,21.186117421133723,18
AMP,3.1,.KLKST.SK..LD,..LK.T..KSM..,20.49156159317928,18
AMP,3.1,.KLKST.SK..LD,..LK.TTSKS.L.,23.326442885018977,18
AMP,3.1,.KLKST.SK..LD,..LKH..SKS...,20.762372710794082,18
AMP,3.1,.KLKST.SK..LD,..LKNT.SK..Q.,21.06021238235951,18
AMP,3.1,.KLKST.SK..LD,..LKS...KC.Q.,17.813793659721902,18
AMP,3.1,.KLKST.SK..LD,..LKST..KC.L.,20.335907954027437,18
AMP,3.1,.KLKST.SK..LD,..LKSTT.KC.Q.,22.95898881076711,18
AMP,3.1,.KLKST.SK..LD,..V.S.T...MQ.,18.06010811103171,16
AMP,3.1,.KLKST.SK..LD,..V.S.TSKCML.,4.697801049245768,17
AMP,3.1,.KLKST.SK..LD,..VK...SKC.Q.,28.371357903331095,18
AMP,3.1,.KLKST.SK..LD,..VKN.......D,20.806439790658946,18
AMP,3.1,.KLKST.SK..LD,.K.......CM..,15.310574229935295,18
AMP,3.1,.KLKST.SK..LD,.K...TT.KC...,21.59273477003397,18
AMP,3.1,.KLKST.SK..LD,.K..N......Q.,19.77289609725151,18
AMP,3.1,.KLKST.SK..LD,.K..N.T.....D,20.782102537681073,18
AMP,3.1,.KLKST.SK..LD,.K..NT..K..Q.,20.24486398748261,18
AMP,3.1,.KLKST.SK..LD,.K..S.T..S...,19.953087953122196,18
AMP,3.1,.KLKST.SK..LD,.K.K..TSKS..D,20.42018994669374,18
AMP,3.1,.KLKST.SK..LD,.K.KN.TSKSM..,20.036537595391525,18
AMP,3.1,.KLKST.SK..LD,.K.KNT..KSMQ.,22.38988137829814,18
AMP,3.1,.KLKST.SK..LD,.KL.H.T..S..D,20.717472838941188,18
AMP,3.1,.KLKST.SK..LD,.KL.S.T.K..QD,19.621107961940325,18
AMP,3.1,.KLKST.SK..LD,.KLKN.T..S..D,20.59985517028945,18
AMP,3.1,.KLKST.SK..LD,.KLKNT..KC..D,20.627072990724873,18
AMP,3.1,.KLKST.SK..LD,.KLKNT..KC.L.,21.25748751516187,18
AMP,3.1,.KLKST.SK..LD,.KVKN.TS.SM..,21.711224628551328,18
AMP,3.1,.KLKST.SK..LD,P...H.TSKC.QD,25.178208610233202,17
AMP,3.1,.KLKST.SK..LD,P...HT..KS..D,20.62441158027856,18
AMP,3.1,.KLKST.SK..LD,P..KH...K..Q.,23.06407001866522,18
AMP,3.1,.KLKST.SK..LD,P..KH..SK.M..,22.35284707525183,18
AMP,3.1,.KLKST.SK..LD,P..KN..SK.M.D,13.29979862867792,18
AMP,3.1,.KLKST.SK..LD,P..KS.TSK..L.,21.128801397221537,18
AMP,3.1,.KLKST.SK..LD,P.L.H.......D,21.668645724136148,18
AMP,3.1,.KLKST.SK..LD,P.LK.TT..CMQ.,34.87304277482122,18
AMP,3.1,.KLKST.SK..LD,P.LKN...KCMQ.,24.863136016189117,18
AMP,3.1,.KLKST.SK..LD,P.V.H.TS..M..,25.001515630354632,16
AMP,3.1,.KLKST.SK..LD,P.VK...SKC.LD,27.490961884460052,18
AMP,3.1,.KLKST.SK..LD,PK...T.S.SMLD,31.741301801967037,17
AMP,3.1,.KLKST.SK..LD,PK..HTT.K.M.D,28.66965427376027,18
AMP,3.1,.KLKST.SK..LD,PKL..T.S...QD,24.453745198172513,18
AMP,3.1,.KLKST.SK..LD,PKLK.T.S.C.QD,62497.882784608584,66539
AMP,3.1,.KLKST.SK..LD,PKLK.TT...MLD,28.292890020997802,16
AMP,3.1,.KVKNT..KC.QD,.KLKST.SK..LD,9.65976943702416,18
AMP,3.1,P....T..K.M.D,.KLKST.SK..LD,21.781775272128826,17
AMP,3.1,P....T..K.M.D,PKLK.T.S.C.QD,1.5510737518554314,1
AMP,3.1,P...S.TSKC.QD,.KLKST.SK..LD,5.747127469228977,17
AMP,3.1,P...S.TSKC.QD,P...H.TSKC.QD,1.5789008755391425,1
AMP,3.1,P..K...S.SM.D,.KLKST.SK..LD,25.3740766080165,18
AMP,3.1,P.LKH......Q.,.KLKST.SK..LD,19.505043521488503,16
AMP,3.1,P.LKH......Q.,PKLK.T.S.C.QD,2.8027228069010457,2
AMP,3.1,P.LKN....SM..,.KLKST.SK..LD,21.268962510834736,18
AMP,3.1,PK...TTSKCMQ.,.KLKST.SK..LD,36.94189895660024,15
AMP,3.1,PK...TTSKCMQ.,PKLK.T.S.C.QD,9.488779604264908,3
AMP,3.1,PK..H.T.KSMQ.,.KLKST.SK..LD,8.639856889764868,34
AMP,3.1,PK..HTTSKS...,.KLKST.SK..LD,20.143482958122387,15
AMP,3.1,PK..HTTSKS...,PKLK.T.S.C.QD,5.058602818567032,3
AMP,3.1,PK.K......M..,.KLKST.SK..LD,23.309235309506576,18
AMP,3.1,PK.KN.TSKS...,.KLKST.SK..LD,11.33720587294211,18
AMP,3.1,PK.KS.TSKC.QD,.KLKST.SK..LD,22.86626519434151,18
AMP,3.1,PKL.S..S..MQD,.KLKST.SK..LD,21.088466985831783,17
AMP,3.1,PKL.S..S..MQD,PKLK.T.S.C.QD,1.4995909310374556,1
AMP,3.1,PKLK.T.S.C.QD,..V.S.T...MQ.,2.070076814994688,2
AMP,3.1,PKLK.T.S.C.QD,P.V.H.TS..M..,2.608635367560566,2
AMP,3.1,PKLK.T.S.C.QD,PK...T.S.SMLD,2.0949087512039517,1
AMP,3.1,PKLK.T.S.C.QD,PKLK.TT...MLD,2.8892381718422158,2
AMP,12.2,..LKN..S....D,....HT.SKCMQ.,18.13061666947396,16
AMP,12.2,..LKN..S....D,....N.....MQ.,17.958286997175342,18
AMP,12.2,..LKN..S....D,....S....S...,20.29228161972708,18
AMP,12.2,..LKN..S....D,..L.NTT...M.D,18.622537183017002,17
AMP,12.2,..LKN..S....D,..VK..T.K..L.,16.567345365598698,13
AMP,12.2,..LKN..S....D,.K....T.K.M..,21.350857721133004,17
AMP,12.2,..LKN..S....D,.K..HTT..SM..,21.053912554480824,18
AMP,12.2,..LKN..S....D,.K.KN.TSK.MLD,18.256205271780413,15
AMP,12.2,..LKN..S....D,.KL.S..S..M..,21.854905986036087,17
AMP,12.2,..LKN..S....D,P....TT.K.MQ.,16.292629476157234,13
AMP,12.2,..LKN..S....D,P..K..T.K..Q.,20.775712615359964,18
AMP,12.2,..LKN..S....D,P.VKN..SK.M..,17.537706081713107,13
AMP,12.2,..LKN..S....D,PK..HTT.K.M.D,8.708852573454648,5
AMP,12.2,..LKN..S....D,PK.K.T...SM..,18.108888516048435,11
AMP,12.2,..LKN..S....D,PKL.S.T..CML.,1.4975474143298297,1
AMP,12.2,..LKN..S....D,PKL.STT....QD,22.01355430926066,12
AMP,12.2,..LKN..S....D,PKV.N..S..ML.,19.85165707948085,12
AMP,12.2,..LKN.TSK.ML.,..LKN..S....D,16.617328621740388,15
AMP,12.2,..V.STT....LD,..LKN..S....D,14.017487317276052,14
AMP,12.2,.KV.N..S.CML.,....HT.SKCMQ.,3.4654718723489237,2
AMP,12.2,.KV.N..S.CML.,..L.NTT...M.D,1.9647903861655065,1
AMP,12.2,.KV.N..S.CML.,..LKN..S....D,97028.18212629607,137122
AMP,12.2,.KV.N..S.CML.,..LKN.TSK.ML.,4.743897615721341,3
AMP,12.2,.KV.N..S.CML.,..V.STT....LD,0.6553195028833065,4
AMP,12.2,.KV.N..S.CML.,..VK..T.K..L.,9.090063398541698,5
AMP,12.2,.KV.N..S.CML.,.K....T.K.M..,1.521708504812973,1
AMP,12.2,.KV.N..S.CML.,.K.KN.TSK.MLD,6.162288583886329,3
AMP,12.2,.KV.N..S.CML.,.KL.S..S..M..,1.5625392505176074,1
AMP,12.2,.KV.N..S.CML.,P....TT.K.MQ.,8.882088292923154,5
AMP,12.2,.KV.N..S.CML.,P.VKN..SK.M..,9.134450502053005,5
AMP,12.2,.KV.N..S.CML.,PK..HTT.K.M.D,26.807900606448996,13
AMP,12.2,.KV.N..S.CML.,PK.K.T...SM..,14.597391212568375,7
AMP,12.2,.KV.N..S.CML.,PKL.S.T..CML.,37.382916275277594,17
AMP,12.2,.KV.N..S.CML.,PKL.STT....QD,15.389067271681963,6
AMP,12.2,.KV.N..S.CML.,PKV.N..S..ML.,13.21529057348562,6
AMP,12.2,P...HTTS.S.L.,..LKN..S....D,9.841622242792255,4
AMP,12.2,P...HTTS.S.L.,.KV.N..S.CML.,23.503441314981327,14
AMP,12.2,P..KHTTS.SML.,..LKN..S....D,6.57495502658707,2
AMP,12.2,P..KHTTS.SML.,.KV.N..S.CML.,32.35839442059856,16
AMP,12.2,P.V..TT..SMQD,..LKN..S....D,3.4646500964096174,1
AMP,12.2,P.V..TT..SMQD,.KV.N..S.CML.,50.21052069747424,17
AMP,12.2,PK...TT.KSMQ.,..LKN..S....D,13.306504451458075,4
AMP,12.2,PK...TT.KSMQ.,.KV.N..S.CML.,29.568773702648944,14
AMP,12.2,PKL..T.S.S.LD,..LKN..S....D,8.074999253826096,3
AMP,12.2,PKL..T.S.S.LD,.KV.N..S.CML.,30.593059931285644,15
AMP,12.2,PKLK.TT.KCMLD,..LKN..S....D,2.9363496225955674,1
AMP,12.2,PKLK.TT.KCMLD,.KV.N..S.CML.,39.51283550484444,17
AMP,12.2,PKV.HT..KSMQ.,..LKN..S....D,2.349213888664029,1
AMP,12.2,PKV.HT..KSMQ.,.KV.N..S.CML.,28.398260503502524,17
AMP,48.8,...KS.TSK..LD,P......S.CM..,15.350636955718238,14
AMP,48.8,..L.H...K....,P......S.CM..,16.361985717693223,17
AMP,48.8,..L.N......L.,P......S.CM..,17.648978705813054,16
AMP,48.8,..LKST......D,P......S.CM..,19.34668727605043,16
AMP,48.8,.K.KN..S..MLD,P......S.CM..,17.43484371716372,16
AMP,48.8,.KV.S..SK.M.D,P......S.CM..,13.520812049271228,14
AMP,48.8,P......S.CM..,.....T.....LD,20.57567108732828,17
AMP,48.8,P......S.CM..,....HT..K....,21.84359496893596,18
AMP,48.8,P......S.CM..,....N.....MQD,17.881802091403657,16
AMP,48.8,P......S.CM..,..V.N.T....L.,16.290280718770216,15
AMP,48.8,P......S.CM..,.KL.N....C...,10.536196990518771,9
AMP,48.8,P......S.CM..,.KL.S...K.M..,19.209859687697588,17
AMP,48.8,P......S.CM..,.KV.H......Q.,17.339501877614524,16
AMP,48.8,P......S.CM..,.KVKNT.....Q.,22.34255064236785,16
AMP,48.8,P......S.CM..,P....T.....L.,23.636227104921986,15
AMP,48.8,P......S.CM..,P...H..S..MQD,21.916636839484266,15
AMP,48.8,P......S.CM..,PKV.N..S..ML.,20.81005126641241,12
AMP,48.8,P..K.TT..CMQ.,P......S.CM..,8.121783912378095,2
AMP,48.8,P..K.TT..CMQ.,P.LK.TT..CMQ.,5.58387441666045,1
AMP,48.8,P..K.TT..CMQ.,PKLK.T.S.C..D,41.511038842551024,15
AMP,48.8,P..KNT...S.LD,P......S.CM..,5.153276556337991,2
AMP,48.8,P..KNT...S.LD,PKLK.T.S.C..D,25.2221865175516,16
AMP,48.8,P.L..TT..SM.D,P......S.CM..,8.493521593501171,1
AMP,48.8,P.L..TT..SM.D,PKLK.T.S.C..D,70.62517121422212,17
AMP,48.8,P.V...T..SMQ.,P......S.CM..,7.742755743652973,2
AMP,48.8,P.V...T..SMQ.,PKLK.T.S.C..D,29.75726087547402,16
AMP,48.8,P.V.H.TS....D,P......S.CM..,18.645729728029558,7
AMP,48.8,P.V.H.TS....D,PKLK.T.S.C..D,18.53855562734761,11
AMP,48.8,P.V.H.TS...L.,P......S.CM..,21.254295171642447,6
AMP,48.8,P.V.H.TS...L.,PKLK.T.S.C..D,24.521002621115013,12
AMP,48.8,P.VK..TS..M..,P......S.CM..,14.984013464269026,6
AMP,48.8,P.VK..TS..M..,PKLK.T.S.C..D,19.747693479707507,12
AMP,48.8,P.VKST..KCM..,P......S.CM..,3.7625013266009786,1
AMP,48.8,P.VKST..KCM..,PKLK.T.S.C..D,34.67449541939481,17
AMP,48.8,PK...TTSKCMQ.,P......S.CM..,6.649217513345433,1
AMP,48.8,PK...TTSKCMQ.,PKLK.T.S.C..D,74.18836864244096,17
AMP,48.8,PK..HTTSKS.L.,P......S.CM..,4.648389180343692,1
AMP,48.8,PK..HTTSKS.L.,PKLK.T.S.C..D,34.22840842536919,17
AMP,48.8,PK.K.T.S.SML.,P......S.CM..,18.129989880674557,4
AMP,48.8,PK.K.T.S.SML.,PKLK.T.S.C..D,36.15505049960305,14
AMP,48.8,PKL..TT.KCM.D,PKLK.T.S.C..D,47.86300475061893,17
AMP,48.8,PKL.H...KCM.D,P......S.CM..,3.1891848546951627,1
AMP,48.8,PKL.H...KCM.D,PKLK.T.S.C..D,27.55597046493578,17
AMP,48.8,PKL.HTT.KC.LD,PKLK.T.S.C..D,36.32042862588915,18
AMP,48.8,PKL.HTT.KCML.,P......S.CM..,22.171765966581756,1
AMP,48.8,PKL.HTT.KCML.,PKLK.T.S.C..D,233.76035798587793,17
AMP,48.8,PKL.STT..CMLD,PKLK.T.S.C..D,66.29043851818656,18
AMP,48.8,PKLK.T..KSML.,P......S.CM..,13.512455200564167,2
AMP,48.8,PKLK.T..KSML.,PKLK.T.S.C..D,58.765838038527455,16
AMP,48.8,PKLK.T.S.C..D,.....T.....LD,2.4458434661193467,1
AMP,48.8,PKLK.T.S.C..D,....N.....MQD,4.161387653235545,2
AMP,48.8,PKLK.T.S.C..D,...KS.TSK..LD,7.786047670438765,4
AMP,48.8,PKLK.T.S.C..D,..L.H...K....,1.8088148550809824,1
AMP,48.8,PKLK.T.S.C..D,..L.N......L.,3.3198052573481416,2
AMP,48.8,PKLK.T.S.C..D,..LKST......D,3.208514007867514,2
AMP,48.8,PKLK.T.S.C..D,..V.N.T....L.,7.112400183881337,3
AMP,48.8,PKLK.T.S.C..D,.K.KN..S..MLD,3.8950371873409226,2
AMP,48.8,PKLK.T.S.C..D,.KL.N....C...,16.970395924050884,9
AMP,48.8,PKLK.T.S.C..D,.KL.S...K.M..,2.1341703260161506,1
AMP,48.8,PKLK.T.S.C..D,.KV.H......Q.,4.071094155918975,2
AMP,48.8,PKLK.T.S.C..D,.KV.S..SK.M.D,8.440984814129076,4
AMP,48.8,PKLK.T.S.C..D,.KVKNT.....Q.,5.692874891132602,2
AMP,48.8,PKLK.T.S.C..D,P......S.CM..,133077.55503329504,73106
AMP,48.8,PKLK.T.S.C..D,P....T.....L.,7.7312926868868725,3
AMP,48.8,PKLK.T.S.C..D,P...H..S..MQD,8.11161235353817,3
AMP,48.8,PKLK.T.S.C..D,P.LK.TT..CMQ.,34.04893347668313,16
AMP,48.8,PKLK.T.S.C..D,PKV.H.T.KCMQD,34.349305593605756,18
AMP,48.8,PKLK.T.S.C..D,PKV.N..S..ML.,19.190627892965885,6
AMP,48.8,PKLK.TT..CM.D,PKLK.T.S.C..D,210.73131665045932,18
AMP,48.8,PKLK.TT..CML.,P.LK.TT..CMQ.,5.010415556247491,1
AMP,48.8,PKLK.TT..CML.,PKLK.T.S.C..D,78.1721751888559,33
AMP,48.8,PKLK.TTSKCML.,PKLK.T.S.C..D,47.57024604356482,18
AMP,48.8,PKV.NTT..SM.D,P......S.CM..,3.676282702417503,1
AMP,48.8,PKV.NTT..SM.D,PKLK.T.S.C..D,35.60970143327967,17
AMP,48.8,PKV.ST.SKC.L.,PKLK.T.S.C..D,41.579577234241576,18
AMP,48.8,PKV.STTSKSMQ.,P......S.CM..,7.507378429388491,2
AMP,48.8,PKV.STTSKSMQ.,PKLK.T.S.C..D,37.83707620484735,16
AMP,48.8,PKVK.TT..SML.,PKLK.T.S.C..D,46.889258920683446,18
AMP,48.8,PKVK.TTS..MLD,P......S.CM..,17.62726271168412,4
AMP,48.8,PKVK.TTS..MLD,PKLK.T.S.C..D,41.51938402477796,14
AMP,48.8,PKVK.TTS.CMQ.,PKLK.T.S.C..D,41.78660487849296,18
AMP,48.8,PKVKHTTS.S..D,PKLK.T.S.C..D,46.127389457629064,18
AMP,48.8,PKVKSTTSKCMLD,PKLK.T.S.C..D,53.2169667237266,18
AMP,195.0,....NT.S.SM.D,.KVKN...K..LD,4.9551415128126175,1
AMP,195.0,....NT.S.SM.D,P.LKSTT.KSML.,29.1568757441918,17
AMP,195.0,..VKHT.....QD,.KVKN...K..LD,13.638284051015937,10
AMP,195.0,.KL.HT..K.MQD,.KVKN...K..LD,15.229821327952546,13
AMP,195.0,.KL.N.TS.S.LD,P.LKSTT.KSML.,34.17328680596976,18
AMP,195.0,.KV..T...S.QD,.KVKN...K..LD,5.560898468392182,1
AMP,195.0,.KV..T...S.QD,P.LKSTT.KSML.,31.74458743711068,17
AMP,195.0,.KV.S.TS.C.L.,P.LKSTT.KSML.,47.43687441027246,18
AMP,195.0,.KVKN...K..LD,..V.N...K.M..,14.047864543616996,13
AMP,195.0,.KVKN...K..LD,P....T.....L.,30.53648824930107,15
AMP,195.0,.KVKS....C.Q.,.KVKN...K..LD,5.984704498766833,1
AMP,195.0,.KVKS....C.Q.,P.LKSTT.KSML.,43.304021664365536,17
AMP,195.0,P....T.SKS.L.,.KVKN...K..LD,22.934670302476555,3
AMP,195.0,P....T.SKS.L.,P.LKSTT.KSML.,126.66064692776423,47
AMP,195.0,P....TT..SM.D,.KVKN...K..LD,4.327420638397814,1
AMP,195.0,P....TT..SM.D,P.LKSTT.KSML.,38.033628687914266,16
AMP,195.0,P...NTTS...QD,.KVKN...K..LD,10.802134326676693,2
AMP,195.0,P...NTTS...QD,P.LKSTT.KSML.,40.82353859148371,16
AMP,195.0,P..K.TT.KS.L.,P.LKSTT.KSML.,43.195507752044726,18
AMP,195.0,P.L..T..KCML.,.KVKN...K..LD,5.686461889549264,1
AMP,195.0,P.L..T..KCML.,P.LKSTT.KSML.,84.42003927657755,33
AMP,195.0,P.L..TT..SM.D,P....TT..SM.D,2.1350493261347565,1
AMP,195.0,P.L..TT..SM.D,P.LKSTT.KSML.,78.09695669669878,17
AMP,195.0,P.L.NTTS.SM..,P.LKSTT.KSML.,57.44893787509299,18
AMP,195.0,P.LK.T.SKSMQ.,P.LKSTT.KSML.,68.08817264343186,18
AMP,195.0,P.LKHT.SKC.L.,P.LKSTT.KSML.,50.697218173323876,18
AMP,195.0,P.LKNT...CMQ.,P.LKSTT.KSML.,39.01458695422684,18
AMP,195.0,P.LKNT.S.CML.,P.LKSTT.KSML.,39.787329844884276,18
AMP,195.0,P.LKNTTS.CMLD,P.LKSTT.KSML.,42.354350710111646,18
AMP,195.0,P.LKSTT.KSML.,..L.STTSKC.L.,34.94469716790345,18
AMP,195.0,P.LKSTT.KSML.,..V.N...K.M..,14.773978861769265,5
AMP,195.0,P.LKSTT.KSML.,..VKHT.....QD,16.64334558975301,8
AMP,195.0,P.LKSTT.KSML.,.KL.HT..K.MQD,12.01980184284701,5
AMP,195.0,P.LKSTT.KSML.,.KLK.TTS.S.QD,39.8389182452575,18
AMP,195.0,P.LKSTT.KSML.,.KLKH.TSKCM.D,36.13629353040357,18
AMP,195.0,P.LKSTT.KSML.,.KV.STTS.S.LD,37.72027164866769,18
AMP,195.0,P.LKSTT.KSML.,.KVKH.TS.CM.D,39.366216736604486,18
AMP,195.0,P.LKSTT.KSML.,.KVKN...K..LD,128871.43608449321,53556
AMP,195.0,P.LKSTT.KSML.,.KVKNTTSKC..D,31.95745186572631,18
AMP,195.0,P.LKSTT.KSML.,P....T.....L.,16.133877147470777,3
AMP,195.0,P.LKSTT.KSML.,P.LKNTT.KCMQ.,37.40075622025948,18
AMP,195.0,P.LKSTT.KSML.,P.V.HTTS..M.D,44.36720657718966,18
AMP,195.0,P.LKSTT.KSML.,PK...T.S.SMLD,94.1952942937605,34
AMP,195.0,P.LKSTT.KSML.,PK...TTSKS.Q.,49.021900808326656,18
AMP,195.0,P.LKSTT.KSML.,PK.KNTT..CM..,36.24984701155813,18
AMP,195.0,P.LKSTT.KSML.,PKL..TT.KC.QD,48.41272749258062,18
AMP,195.0,P.LKSTT.KSML.,PKLK.TT..S...,48.549488122338396,17
AMP,195.0,P.LKSTT.KSML.,PKLK.TTS.SML.,49.86109809589016,17
AMP,195.0,P.LKSTT.KSML.,PKLKH.TS.S.LD,43.625324601365115,18
AMP,195.0,P.LKSTT.KSML.,PKLKSTTSKC.LD,38.7140437010511,18
AMP,195.0,P.LKSTT.KSML.,PKV.HTTS.SMQD,34.23106666385542,15
AMP,195.0,P.LKSTT.KSML.,PKV.S..SKSMQ.,40.67717935107668,18
AMP,195.0,P.LKSTT.KSML.,PKVKN.TS.CMQ.,48.546652196423864,18
AMP,195.0,P.V..T...CMQD,P.LKSTT.KSML.,50.67352263308022,18
AMP,195.0,P.V..T...S.L.,.KVKN...K..LD,5.688011375354998,1
AMP,195.0,P.V..T...S.L.,P.LKSTT.KSML.,36.81200059395134,17
AMP,195.0,P.V..TT..S...,.KVKN...K..LD,13.187465990518582,2
AMP,195.0,P.V..TT..S...,P.LKSTT.KSML.,42.1157366002805,16
AMP,195.0,P.V..TTS..MQ.,P.LKSTT.KSML.,74.89535791114136,18
AMP,195.0,P.V.NTTS.C.Q.,P.LKSTT.KSML.,35.70491408281234,18
AMP,195.0,P.VKH..SK....,.KVKN...K..LD,8.72970596628498,2
AMP,195.0,P.VKH..SK....,P.LKSTT.KSML.,33.99354434247587,16
AMP,195.0,P.VKH.TSKC...,P.LKSTT.KSML.,53.39626229282545,18
AMP,195.0,P.VKN.T.KC...,P.LKSTT.KSML.,41.0671690960604,18
AMP,195.0,P.VKNTT...MQ.,P.LKSTT.KSML.,39.883348150294665,18
AMP,195.0,P.VKS...K.MQ.,.KVKN...K..LD,28.64796207588528,6
AMP,195.0,P.VKS...K.MQ.,P.LKSTT.KSML.,24.22439889194694,12
AMP,195.0,P.VKS.TS.....,.KVKN...K..LD,4.5737062867745655,1
AMP,195.0,P.VKS.TS.....,P.LKSTT.KSML.,48.18073906848601,17
AMP,195.0,P.VKST..KSMLD,P.LKSTT.KSML.,50.873459546982176,18
AMP,195.0,P.VKSTTS.SM.D,P.LKSTT.KSML.,52.0876157261787,18
AMP,195.0,PK...T..KC..D,.KVKN...K..LD,10.898380757095893,1
AMP,195.0,PK...T..KC..D,P.LKSTT.KSML.,58.676452699374984,17
AMP,195.0,PK...TT.KC.L.,P.LKSTT.KSML.,75.86442296362326,18
AMP,195.0,PK...TTS.CM.D,P.LKSTT.KSML.,59.85502859376213,17
AMP,195.0,PK..HTT..SMQD,P.LKSTT.KSML.,60.79470375253075,18
AMP,195.0,PK..NT.S.S.L.,.KVKN...K..LD,6.941909188455259,1
AMP,195.0,PK..NT.S.S.L.,P.LKSTT.KSML.,55.662558461013944,17
AMP,195.0,PK..ST..KCM.D,.KVKN...K..LD,7.225197652009213,1
AMP,195.0,PK..ST..KCM.D,P.LKSTT.KSML.,58.861937978652726,17
AMP,195.0,PK..ST.SKS.Q.,.KVKN...K..LD,5.19946230298968,1
AMP,195.0,PK..ST.SKS.Q.,P.LKSTT.KSML.,44.25245763361787,17
AMP,195.0,PK.K...S.CML.,.KVKN...K..LD,11.924356592508099,1
AMP,195.0,PK.K...S.CML.,P.LKSTT.KSML.,72.33397647536209,17
AMP,195.0,PK.K.T..KCML.,.KVKN...K..LD,16.81598938445741,2
AMP,195.0,PK.K.T..KCML.,P.LKSTT.KSML.,109.9401274573943,32
AMP,195.0,PK.K.T.S.CM..,.KVKN...K..LD,78.64453054432838,3
AMP,195.0,PK.K.T.S.CM..,P.LKSTT.KSML.,168.47324398921404,14
AMP,195.0,PK.K.T.S.CM..,PK.KNT.S.CM..,5.111906005550438,1
AMP,195.0,PK.K.TTSKC.L.,P.LKSTT.KSML.,82.87079282468167,18
AMP,195.0,PK.KHTT..CM.D,P.LKSTT.KSML.,38.497485489136096,18
AMP,195.0,PK.KHTTS.SMQD,P.LKSTT.KSML.,85.10701274238744,34
AMP,195.0,PK.KNT.S.CM..,.KVKN...K..LD,12.014097050576739,2
AMP,195.0,PK.KNT.S.CM..,P.LKSTT.KSML.,72.61688910138287,30
AMP,195.0,PKL..T..KS.LD,P.LKSTT.KSML.,217.09590657992356,17
AMP,195.0,PKL..T..KS.LD,PKV..T..KS.LD,3.3760641044758772,1
AMP,195.0,PKL..T..KSMQ.,P.LKSTT.KSML.,117.02200097671906,18
AMP,195.0,PKL..T.SKCML.,P.LKSTT.KSML.,66.20042630635253,18
AMP,195.0,PKL..TTS.CM.D,P.LKSTT.KSML.,157.97792735238053,15
AMP,195.0,PKL..TTS.CM.D,PK...TTS.CM.D,3.316233063024636,1
AMP,195.0,PKL..TTS.CM.D,PKL..TTS.CMQD,2.064198738278547,1
AMP,195.0,PKL..TTS.CM.D,PKL.HTTS.CM.D,4.463562893650731,1
AMP,195.0,PKL..TTS.CMQD,P.LKSTT.KSML.,100.23145954660987,17
AMP,195.0,PKL.HTTS.CM.D,P.LKSTT.KSML.,43.24858657628863,16
AMP,195.0,PKL.HTTS.CMLD,P.LKSTT.KSML.,103.63832367186173,17
AMP,195.0,PKL.HTTS.CMLD,PKL.HTTS.CM.D,2.451089311300067,1
AMP,195.0,PKL.HTTS.SMQD,P.LKSTT.KSML.,42.87959101858531,17
AMP,195.0,PKL.HTTS.SMQD,PKV.HTTS.SMQD,4.58314976308519,1
AMP,195.0,PKL.NTT.KCMLD,P.LKSTT.KSML.,205.11289541322023,18
AMP,195.0,PKL.NTTSKCM.D,P.LKSTT.KSML.,227.515201921726,18
AMP,195.0,PKL.ST...C.L.,P.LKSTT.KSML.,206.85902542422977,18
AMP,195.0,PKLK...S.SMQ.,.KVKN...K..LD,14.062488753293387,1
AMP,195.0,PKLK...S.SMQ.,P.LKSTT.KSML.,100.53899347381687,17
AMP,195.0,PKLK..TS.SML.,P.LKSTT.KSML.,183.76204069631942,17
AMP,195.0,PKLK..TS.SML.,PKLK.TTS.SML.,24.86736099761289,1
AMP,195.0,PKLK..TSK...D,.KVKN...K..LD,13.924315041682831,3
AMP,195.0,PKLK..TSK...D,P.LKSTT.KSML.,27.721803407572366,15
AMP,195.0,PKLK.T...CMQ.,P.LKSTT.KSML.,116.69981218469674,33
AMP,195.0,PKLK.TT..CMQ.,P.LKSTT.KSML.,366.8751674978515,33
AMP,195.0,PKLK.TT..CMQ.,PKLK.T...CMQ.,3.1156509456802683,1
AMP,195.0,PKLK.TT..S.QD,P.LKSTT.KSML.,41.06990872073907,18
AMP,195.0,PKLK.TT.KCM.D,P.LKSTT.KSML.,364.0890388877045,34
AMP,195.0,PKLK.TT.KS...,P.LKSTT.KSML.,89.46346246931905,17
AMP,195.0,PKLK.TT.KS...,PKLK.TT..S...,12.200133449272176,1
AMP,195.0,PKLK.TTSKS.L.,P.LKSTT.KSML.,73.87076838486152,18
AMP,195.0,PKLKHT.S.SML.,P.LKSTT.KSML.,74.00153950839429,18
AMP,195.0,PKLKHTT..C.L.,P.LKSTT.KSML.,42.03196777425164,18
AMP,195.0,PKLKN..SKC.Q.,.KVKN...K..LD,4.643181249108333,1
AMP,195.0,PKLKN..SKC.Q.,P.LKSTT.KSML.,45.38696067269982,17
AMP,195.0,PKLKN..SKSMQ.,P.LKSTT.KSML.,57.40290133678742,18
AMP,195.0,PKLKNT..KC.Q.,P.LKSTT.KSML.,56.438309970092426,18
AMP,195.0,PKLKNT..KS.LD,.KVKN...K..LD,6.254265726680692,1
AMP,195.0,PKLKNT..KS.LD,P.LKSTT.KSML.,53.805362475954134,17
AMP,195.0,PKLKNT.S.CM..,P.LKSTT.KSML.,106.45099701112828,33
AMP,195.0,PKLKNT.S.CM..,PK.KNT.S.CM..,1.604768516100841,1
AMP,195.0,PKLKNTTSKCMQ.,P.LKSTT.KSML.,58.8760825565441,18
AMP,195.0,PKLKSTT..SMLD,P.LKSTT.KSML.,63.13863458996948,18
AMP,195.0,PKLKSTT.KCMQ.,P.LKSTT.KSML.,106.03726511402806,34
AMP,195.0,PKV...TSKSMQ.,P.LKSTT.KSML.,67.34276062248027,18
AMP,195.0,PKV..T...C...,.KVKN...K..LD,13.26392150681435,1
AMP,195.0,PKV..T...C...,P.LKSTT.KSML.,71.81473969398176,17
AMP,195.0,PKV..T..KCMQ.,P.LKSTT.KSML.,67.07776140799928,18
AMP,195.0,PKV..T..KS.L.,P.LKSTT.KSML.,397.4511273578006,33
AMP,195.0,PKV..T..KS.L.,PKV..T..KS.LD,3.3760641044758772,1
AMP,195.0,PKV..T..KS.LD,P.LKSTT.KSML.,56.21249196081939,15
AMP,195.0,PKV..TT...MQD,P.LKSTT.KSML.,90.59483032780017,18
AMP,195.0,PKV..TT..C..D,P.LKSTT.KSML.,75.7132517208609,18
AMP,195.0,PKV..TT..C.L.,P.LKSTT.KSML.,98.2314722473881,18
AMP,195.0,PKV..TT..SMLD,P.LKSTT.KSML.,40.47407895910235,18
AMP,195.0,PKV..TT.K..LD,.KVKN...K..LD,6.929161308714492,2
AMP,195.0,PKV..TT.K..LD,P.LKSTT.KSML.,36.82447484974548,16
AMP,195.0,PKV..TT.KCML.,P.LKSTT.KSML.,222.68669354731523,18
AMP,195.0,PKV..TTSK..Q.,P.LKSTT.KSML.,54.91661617790104,18
AMP,195.0,PKV.H...KCMQD,P.LKSTT.KSML.,45.2046615464279,18
AMP,195.0,PKV.H.TS.SM..,P.LKSTT.KSML.,34.351602882435195,18
AMP,195.0,PKV.HT...C.QD,P.LKSTT.KSML.,58.59554515060294,18
AMP,195.0,PKV.HT.S.SM..,P.LKSTT.KSML.,69.84396178547728,18
AMP,195.0,PKV.HTT..CM.D,P.LKSTT.KSML.,172.36152219573015,17
AMP,195.0,PKV.HTT..CM.D,PKV.HTT..SM.D,2.867977418425675,1
AMP,195.0,PKV.HTT..SM.D,P.LKSTT.KSML.,66.08756044361512,17
AMP,195.0,PKV.HTTS.CMQ.,P.LKSTT.KSML.,40.05036197515218,18
AMP,195.0,PKV.HTTSKC.L.,P.LKSTT.KSML.,70.34225130501845,18
AMP,195.0,PKV.HTTSKCM.D,P.LKSTT.KSML.,79.88402972997208,17
AMP,195.0,PKV.HTTSKSMQD,P.LKSTT.KSML.,73.92257412318469,17
AMP,195.0,PKV.HTTSKSMQD,PKV.HTTS.SMQD,8.233334359059606,1
AMP,195.0,PKV.N..SKCM..,.KVKN...K..LD,9.113823524107929,1
AMP,195.0,PKV.N..SKCM..,P.LKSTT.KSML.,86.21090181329976,17
AMP,195.0,PKV.NTTS.C...,P.LKSTT.KSML.,202.27963021018112,18
AMP,195.0,PKV.ST..KS.LD,P.LKSTT.KSML.,168.4879627459668,16
AMP,195.0,PKV.ST..KS.LD,PKV..T..KS.LD,3.3760641044758772,1
AMP,195.0,PKV.ST..KS.LD,PKV.ST.SKS.LD,5.088310211773172,1
AMP,195.0,PKV.ST.SK.MQ.,P.LKSTT.KSML.,78.3209800691222,18
AMP,195.0,PKV.ST.SKS.LD,P.LKSTT.KSML.,39.25165560978452,17
AMP,195.0,PKV.STTS.C.LD,P.LKSTT.KSML.,58.99484209446409,18
AMP,195.0,PKV.STTS.SM..,P.LKSTT.KSML.,113.2399878141821,17
AMP,195.0,PKV.STTS.SM..,PKV.STTS.SML.,2.823891194642584,1
AMP,195.0,PKV.STTS.SML.,P.LKSTT.KSML.,39.09242095921803,17
AMP,195.0,PKV.STTS.SMQD,P.LKSTT.KSML.,47.1318450175723,17
AMP,195.0,PKV.STTS.SMQD,PKV.HTTS.SMQD,5.521867337740566,1
AMP,195.0,PKV.STTSKC.QD,P.LKSTT.KSML.,43.799961499650244,18
AMP,195.0,PKV.STTSKCM.D,P.LKSTT.KSML.,183.66215972407616,16
AMP,195.0,PKV.STTSKCM.D,PKV.HTTSKCM.D,2.6718898591835583,1
AMP,195.0,PKV.STTSKCM.D,PKV.STTSKSM.D,5.410531824144522,1
AMP,195.0,PKV.STTSKSM.D,P.LKSTT.KSML.,38.03086243918284,17
AMP,195.0,PKVK.T.S.S..D,.KVKN...K..LD,10.494263745295605,1
AMP,195.0,PKVK.T.S.S..D,P.LKSTT.KSML.,63.570774377100115,17
AMP,195.0,PKVK.TT.KCMLD,.KVKN...K..LD,25.872232081042124,1
AMP,195.0,PKVK.TT.KCMLD,P.LKSTT.KSML.,185.9984230275039,17
AMP,195.0,PKVKH.T..CM.D,P.LKSTT.KSML.,40.23313038276492,18
AMP,195.0,PKVKHT.SKSMLD,P.LKSTT.KSML.,46.582191342477955,18
AMP,195.0,PKVKHTT.KS.Q.,P.LKSTT.KSML.,191.62246496708562,18
AMP,195.0,PKVKN..SKS.LD,P.LKSTT.KSML.,40.851097877667414,18
AMP,195.0,PKVKNT..KS.Q.,P.LKSTT.KSML.,45.7058822285795,18
AMP,195.0,PKVKNT.S.S...,P.LKSTT.KSML.,49.8209616154524,18
AMP,195.0,PKVKNTTS...Q.,.KVKN...K..LD,4.100449018230922,1
AMP,195.0,PKVKNTTS...Q.,P.LKSTT.KSML.,43.808393692540946,17
AMP,195.0,PKVKNTTSKC.L.,P.LKSTT.KSML.,208.7686562509505,18
AMP,195.0,PKVKS..S..MLD,.KVKN...K..LD,15.54126269603879,4
AMP,195.0,PKVKS..S..MLD,P.LKSTT.KSML.,74.63104189957254,30
AMP,195.0,PKVKST..KCM..,P.LKSTT.KSML.,68.99430112637147,18
AMP,195.0,PKVKST..KS.L.,P.LKSTT.KSML.,46.376276193936924,18
AMP,195.0,PKVKST.S.CM..,P.LKSTT.KSML.,204.31110023244977,18
AMP,195.0,PKVKST.S.SM.D,P.LKSTT.KSML.,54.990326214676514,18
AMP,195.0,PKVKSTT....QD,P.LKSTT.KSML.,39.575235396302666,17
AMP,195.0,PKVKSTT.KC..D,P.LKSTT.KSML.,53.03148651201991,18
AMP,195.0,PKVKSTT.KS...,P.LKSTT.KSML.,33.4130963961351,17
AMP,195.0,PKVKSTT.KSM..,P.LKSTT.KSML.,58.88348671568905,17
AMP,195.0,PKVKSTT.KSM..,PKVKSTT.KS...,1.7132544844154731,1
AMP,195.0,PKVKSTTSKCMLD,P.LKSTT.KSML.,191.83065530126385,18
AMP,781.0,....H..S.C.QD,.K.KSTTS..ML.,77.69966858752767,18
AMP,781.0,....H.TS.S..D,.K.KSTTS..ML.,118.60966589241862,18
AMP,781.0,....HT..KS.Q.,.K.KSTTS..ML.,109.13054483400556,34
AMP,781.0,....N..S.C...,.K.KSTTS..ML.,48.31451814463985,18
AMP,781.0,....NT..KCMQ.,.K.KSTTS..ML.,59.21299809658535,17
AMP,781.0,....S....C..D,.K.KSTTS..ML.,59.01674994855905,18
AMP,781.0,....S....S.L.,.K.KSTTS..ML.,54.8015223418875,18
AMP,781.0,....ST.S.CM..,.K.KSTTS..ML.,82.79125243207282,18
AMP,781.0,....STTS.CMQ.,.K.KSTTS..ML.,43.79951750489392,18
AMP,781.0,...K...SKCM.D,.K.KSTTS..ML.,145.2131489621355,18
AMP,781.0,...K..T.KS.Q.,.K.KSTTS..ML.,57.95045193780888,18
AMP,781.0,...K.T...SMLD,.K.KSTTS..ML.,68.19366412886217,18
AMP,781.0,...K.T.SKSMLD,..LK.T.SKSMLD,2.134092467332337,1
AMP,781.0,...K.T.SKSMLD,.K.KSTTS..ML.,128.8001053792682,17
AMP,781.0,...KH..SKC.LD,.K.KSTTS..ML.,180.17653637405465,34
AMP,781.0,...KH.T..C.QD,.K.KSTTS..ML.,45.04657300665803,18
AMP,781.0,...KH.TS.S.L.,...KH.TS.S.Q.,8.97178707483695,1
AMP,781.0,...KH.TS.S.L.,.K.KSTTS..ML.,68.53505642928204,17
AMP,781.0,...KH.TSK....,...KH.TSKC...,11.677063633219513,1
AMP,781.0,...KH.TSK....,.K.KSTTS..ML.,73.65651357488571,17
AMP,781.0,...KHT...C.QD,.K.KSTTS..ML.,53.066079572557705,18
AMP,781.0,...KHT..KCM.D,.K.KSTTS..ML.,113.89075539455737,18
AMP,781.0,...KHTT..CM..,.K.KSTTS..ML.,44.070008768315056,18
AMP,781.0,...KHTTS.C.L.,.K.KSTTS..ML.,83.42805892484448,18
AMP,781.0,...KHTTS.CMQD,.K.KSTTS..ML.,60.42901221121109,18
AMP,781.0,...KNT..KSMLD,.K.KSTTS..ML.,71.95080434888357,18
AMP,781.0,...KNTT.KC..D,.K.KSTTS..ML.,45.76353898284104,18
AMP,781.0,...KNTTSKSML.,.K.KSTTS..ML.,56.16499170848378,18
AMP,781.0,...KS....C.LD,.K.KSTTS..ML.,56.91854131859239,18
AMP,781.0,...KS..S.CMLD,.K.KSTTS..ML.,103.64137782969969,18
AMP,781.0,...KS..S.S.L.,.K.KSTTS..ML.,77.7549981789271,18
AMP,781.0,..L...T.KC.L.,.K.KSTTS..ML.,125.69356724235635,34
AMP,781.0,..L..T.S.C.LD,.K.KSTTS..ML.,60.58241899201305,18
AMP,781.0,..L.H...KCMLD,.K.KSTTS..ML.,55.597760791276265,18
AMP,781.0,..L.H.TS..MQD,.K.KSTTS..ML.,66.34822473985739,18
AMP,781.0,..L.H.TS.SML.,.K.KSTTS..ML.,85.25311836365874,18
AMP,781.0,..L.H.TSKSMQD,.K.KSTTS..ML.,49.912256112099826,18
AMP,781.0,..L.HTT..CMLD,.K.KSTTS..ML.,56.44759817903513,18
AMP,781.0,..L.HTT.KC.L.,.K.KSTTS..ML.,95.36335559932455,18
AMP,781.0,..L.N..SKCMQD,.K.KSTTS..ML.,78.11977595391376,18
AMP,781.0,..L.N.TS.C.L.,.K.KSTTS..ML.,70.46209948441543,18
AMP,781.0,..L.NTT.KC..D,.K.KSTTS..ML.,44.330278652758686,17
AMP,781.0,..L.S..S.CM..,.K.KSTTS..ML.,59.068850976015284,18
AMP,781.0,..L.S..SKSMQ.,.K.KSTTS..ML.,48.16045202964317,18
AMP,781.0,..LK....KC.L.,..LK....KC.Q.,9.197062076743968,1
AMP,781.0,..LK....KC.L.,.K.KSTTS..ML.,105.62650932563089,17
AMP,781.0,..LK....KS.QD,.K.KSTTS..ML.,62.23507968210044,18
AMP,781.0,..LK...S.C.QD,.K.KSTTS..ML.,58.91022022656923,18
AMP,781.0,..LK..TS.CMQD,..LKH.TS.CMQD,11.63996442616308,1
AMP,781.0,..LK..TS.CMQD,.K.KSTTS..ML.,78.56089576167422,17
AMP,781.0,..LK.T...S..D,.K.KSTTS..ML.,47.98592858318588,18
AMP,781.0,..LK.T..KC.Q.,..LK....KC.Q.,4.995694061727213,1
AMP,781.0,..LK.T..KC.Q.,.K.KSTTS..ML.,46.482622396843176,17
AMP,781.0,..LK.T.SKSMLD,..LK...SKSMLD,6.675308247741192,1
AMP,781.0,..LK.T.SKSMLD,.K.KSTTS..ML.,45.694117960137966,16
AMP,781.0,..LK.TTS...QD,.K.KSTTS..ML.,52.261654721771166,18
AMP,781.0,..LK.TTS.SMLD,.K.KSTTS..ML.,76.11328589457474,18
AMP,781.0,..LKH..S.C.L.,.K.KSTTS..ML.,144.0019726918268,34
AMP,781.0,..LKH.TS.....,.K.KSTTS..ML.,82.59163104872833,18
AMP,781.0,..LKH.TS.C.QD,..LKH.TS.CMQD,9.495313966405325,1
AMP,781.0,..LKH.TS.C.QD,.K.KSTTS..ML.,51.53661327164424,17
AMP,781.0,..LKHTTS.C.Q.,.K.KSTTS..ML.,55.15492143250546,18
AMP,781.0,..LKHTTSK.M..,.K.KSTTS..ML.,74.0768520904497,18
AMP,781.0,..LKN...KS.Q.,.K.KSTTS..ML.,50.671826283636676,18
AMP,781.0,..LKNT...CML.,.K.KSTTS..ML.,158.99875693229018,34
AMP,781.0,..LKNTT.KS.Q.,.K.KSTTS..ML.,70.20180465856811,18
AMP,781.0,..LKNTTS.SML.,.K.KSTTS..ML.,92.640279376566,18
AMP,781.0,..LKS..S.CMQD,.K.KSTTS..ML.,51.81449232176104,17
AMP,781.0,..LKS..S.SM.D,.K.KSTTS..ML.,41.072023515906636,18
AMP,781.0,..LKSTT.KC.L.,.K.KSTTS..ML.,44.38379705178317,16
AMP,781.0,..LKSTT.KC.L.,.KLKSTT.KC.L.,9.022123711942706,1
AMP,781.0,..LKSTT.KC.L.,P.LKST..KC.L.,6.797016211354672,1
AMP,781.0,..V......SMLD,.K.KSTTS..ML.,78.38213108113003,18
AMP,781.0,..V....S.S.Q.,.K.KSTTS..ML.,73.57737918945334,18
AMP,781.0,..V..T...CMQ.,.K.KSTTS..ML.,69.81140026891084,18
AMP,781.0,..V..T.S.SMQ.,.K.KSTTS..ML.,76.5741389922752,18
AMP,781.0,..V..T.SKC.Q.,.K.KSTTS..ML.,56.97890889060939,18
AMP,781.0,..V..T.SKCMLD,.K.KSTTS..ML.,51.220749007960016,18
AMP,781.0,..V..TT.KSM.D,.K.KSTTS..ML.,54.03577053239663,17
AMP,781.0,..V..TT.KSML.,.K.KSTTS..ML.,55.88499426964871,18
AMP,781.0,..V..TTS.C.LD,.K.KSTTS..ML.,68.03622821603982,18
AMP,781.0,..V..TTSKC.L.,.K.KSTTS..ML.,71.1982391821477,18
AMP,781.0,..V.H.TS.C..D,..V.H.TS.C.QD,1.661462453083437,1
AMP,781.0,..V.H.TS.C..D,.K.KSTTS..ML.,100.28837827538814,17
AMP,781.0,..V.H.TS.C.QD,..V.H.TSKC.QD,7.373491805306596,1
AMP,781.0,..V.H.TS.C.QD,.K.KSTTS..ML.,49.841497084649816,16
AMP,781.0,..V.HT.S.CML.,.K.KSTTS..ML.,110.24238132694981,18
AMP,781.0,..V.HT.SKC.L.,.K.KSTTS..ML.,71.62652311801789,18
AMP,781.0,..V.HT.SKSMQD,.K.KSTTS..ML.,48.59181306440442,18
AMP,781.0,..V.HTTSKCMQ.,.K.KSTTS..ML.,46.17996617676909,18
AMP,781.0,..V.N.T..C.L.,.K.KSTTS..ML.,71.80754562242475,18
AMP,781.0,..V.N.TS...L.,..V.NTTS...L.,1.4919557531344194,1
AMP,781.0,..V.N.TS...L.,.K.KSTTS..ML.,63.853945279564506,17
AMP,781.0,..V.N.TS.C...,.K.KSTTS..ML.,74.99207751404776,18
AMP,781.0,..V.N.TS.CM.D,.K.KSTTS..ML.,180.87662737677857,50
AMP,781.0,..V.N.TSK....,.K.KSTTS..ML.,46.866720687731956,16
AMP,781.0,..V.N.TSK....,.KV.N.TSK....,9.64085879884849,1
AMP,781.0,..V.NT.S.SM..,.K.KSTTS..ML.,76.97283364039522,18
AMP,781.0,..V.NT.SKSM.D,.K.KSTTS..ML.,34.34308895165693,18
AMP,781.0,..V.NTTS...L.,.K.KSTTS..ML.,41.81586925577969,17
AMP,781.0,..V.NTTS.C..D,.K.KSTTS..ML.,66.23718424802644,18
AMP,781.0,..V.NTTS.SML.,.K.KSTTS..ML.,93.77397133181674,34
AMP,781.0,..V.S..S.....,.K.KSTTS..ML.,65.9883724564248,18
AMP,781.0,..V.S..S.C.L.,.K.KSTTS..ML.,97.49855427257229,33
AMP,781.0,..V.ST...SML.,.K.KSTTS..ML.,59.49044734517595,18
AMP,781.0,..V.STT.K.ML.,.K.KSTTS..ML.,47.08817121252819,18
AMP,781.0,..V.STTS..ML.,.K.KSTTS..ML.,60.411144022118364,18
AMP,781.0,..VK.....CML.,.K.KSTTS..ML.,81.41882651587675,18
AMP,781.0,..VK....KC..D,..VK...S.C..D,9.583410633276474,1
AMP,781.0,..VK....KC..D,..VKH..SKC..D,15.0273802657017,1
AMP,781.0,..VK....KC..D,.K.KSTTS..ML.,165.7942622587083,45
AMP,781.0,..VK...SKC.L.,.K.KSTTS..ML.,120.33391981005018,18
AMP,781.0,..VK..T..CMLD,.K.KSTTS..ML.,67.68774218803928,18
AMP,781.0,..VK..T..S..D,.K.KSTTS..ML.,80.24010256091711,18
AMP,781.0,..VK..TSKC..D,..VK....KC..D,2.2439014225097353,1
AMP,781.0,..VK..TSKC..D,.K.KSTTS..ML.,127.09056213364518,17
AMP,781.0,..VK.T..KSML.,.K.KSTTS..ML.,139.4602867368484,18
AMP,781.0,..VK.T.S.C.QD,.K.KSTTS..ML.,51.40804369554246,18
AMP,781.0,..VK.TTSK.ML.,..VKSTTSK.ML.,4.918769477567964,1
AMP,781.0,..VK.TTSK.ML.,.K.KSTTS..ML.,45.053683896352396,17
AMP,781.0,..VKH...KC..D,..VK....KC..D,3.7985442188599756,2
AMP,781.0,..VKH...KC..D,..VKH..SKC..D,18.297322412478806,1
AMP,781.0,..VKH...KC..D,.K.KSTTS..ML.,78.41516565478697,15
AMP,781.0,..VKH...KC.L.,..VKH....C.L.,11.54563734160689,1
AMP,781.0,..VKH...KC.L.,.K.KSTTS..ML.,103.77276203569014,17
AMP,781.0,..VKH..S.C..D,..VK...S.C..D,10.288940063136929,1
AMP,781.0,..VKH..S.C..D,..VKH..SKC..D,16.133694023597304,1
AMP,781.0,..VKH..S.C..D,.K.KSTTS..ML.,137.70914936240533,32
AMP,781.0,..VKH..SK...D,..VKH..SKC..D,9.171160069349947,1
AMP,781.0,..VKH..SK...D,.K.KSTTS..ML.,103.77449151049716,32
AMP,781.0,..VKH..SKS.LD,.K.KSTTS..ML.,110.63406739119168,34
AMP,781.0,..VKH.T.KC...,.K.KSTTS..ML.,50.24304217895517,17
AMP,781.0,..VKH.TS..M..,.K.KSTTS..ML.,93.4923642462559,18
AMP,781.0,..VKHT...SML.,.K.KSTTS..ML.,60.155897278785446,18
AMP,781.0,..VKHTT.KSMQ.,..LKHTT.KSMQD,8.197489258972205,1
AMP,781.0,..VKHTT.KSMQ.,.K.KSTTS..ML.,65.92360739001917,16
AMP,781.0,..VKHTT.KSMQ.,P.LKHTT.KSMQ.,9.392981738850489,1
AMP,781.0,..VKN...KCMLD,..VKS...KCMLD,28.87973282367693,2
AMP,781.0,..VKN...KCMLD,.K.KSTTS..ML.,155.1329926821978,32
AMP,781.0,..VKN..S.CMQD,.K.KSTTS..ML.,56.23661836154455,18
AMP,781.0,..VKN..SKCM..,..VKN..S..M..,7.517301140805965,1
AMP,781.0,..VKN..SKCM..,.K.KSTTS..ML.,58.97007600131626,17
AMP,781.0,..VKN.T..CM..,.K.KSTTS..ML.,46.10151942210065,18
AMP,781.0,..VKN.T.KCMQD,.K.KSTTS..ML.,53.91782351556937,18
AMP,781.0,..VKN.TS...Q.,.K.KSTTS..ML.,75.67802653591863,18
AMP,781.0,..VKN.TSK....,..V.N.TSK....,1.7367623099725655,1
AMP,781.0,..VKN.TSK....,.K.KSTTS..ML.,89.79653737658505,17
AMP,781.0,..VKN.TSKSMLD,.K.KSTTS..ML.,54.726565209072604,18
AMP,781.0,..VKS..S.C.Q.,.K.KSTTS..ML.,49.74210404785388,18
AMP,781.0,..VKS.T..CML.,.K.KSTTS..ML.,68.04688239886985,18
AMP,781.0,..VKS.TS..MQ.,.K.KSTTS..ML.,128.8403003121532,34
AMP,781.0,..VKS.TS.C..D,.K.KSTTS..ML.,84.46806854456617,18
AMP,781.0,.K....T.KSMQ.,.K.KSTTS..ML.,50.86957258078677,18
AMP,781.0,.K...T.S.CM.D,.K.KSTTS..ML.,79.28746690629441,18
AMP,781.0,.K...T.SKSMLD,.K.KSTTS..ML.,65.4229198031333,18
AMP,781.0,.K...TT..S..D,.K.KSTTS..ML.,62.26968068063767,18
AMP,781.0,.K..H.T.KCMLD,.K.KSTTS..ML.,63.91230810018564,18
AMP,781.0,.K..H.TS.S.QD,.K.KSTTS..ML.,109.51867400317933,18
AMP,781.0,.K..HTTS.C.LD,.K.KSTTS..ML.,91.53233983364287,18
AMP,781.0,.K..N..S.C.Q.,.K.KSTTS..ML.,46.94482893854112,18
AMP,781.0,.K..N.T.KS.Q.,.K.KSTTS..ML.,52.02095576174661,18
AMP,781.0,.K..N.TS.C..D,.K.KSTTS..ML.,50.25070602703094,18
AMP,781.0,.K..NT...CMQ.,.K.KSTTS..ML.,78.54869407622627,18
AMP,781.0,.K..NT..KC.QD,.K.KSTTS..ML.,55.879974070817724,18
AMP,781.0,.K..S..SKC..D,.K.KSTTS..ML.,109.38440395603384,18
AMP,781.0,.K..STT.KC.L.,.K.KSTTS..ML.,69.90071255722795,18
AMP,781.0,.K..STTSKCMQ.,.K.KSTTS..ML.,65.96767762409125,18
AMP,781.0,.K.K.....C..D,.K.KSTTS..ML.,60.30625008855696,18
AMP,781.0,.K.K..TSKCM.D,.K.KSTTS..ML.,156.4493278767073,18
AMP,781.0,.K.K.TTS..MQ.,.K.KSTTS..ML.,119.67987593382996,18
AMP,781.0,.K.K.TTS.CM..,.K.KSTTS..ML.,45.60279753967597,18
AMP,781.0,.K.K.TTS.S.Q.,.K.KSTTS..ML.,86.07217601039052,18
AMP,781.0,.K.KH..SKC...,.K.KSTTS..ML.,111.60426065395002,18
AMP,781.0,.K.KH.TSK.MQ.,.K.KSTTS..ML.,56.669552130369624,18
AMP,781.0,.K.KHTT.KSM.D,.K.KSTTS..ML.,55.13670018557275,18
AMP,781.0,.K.KN....SMQD,.K.KSTTS..ML.,66.61325741632514,18
AMP,781.0,.K.KN..S.CM.D,.K.KSTTS..ML.,78.66892253913346,18
AMP,781.0,.K.KN.T..CMQ.,.K.KSTTS..ML.,64.35078869979229,18
AMP,781.0,.K.KN.TS.S.Q.,.K.KSTTS..ML.,60.80762879565483,18
AMP,781.0,.K.KNT...CM.D,.K.KSTTS..ML.,108.45505269972357,18
AMP,781.0,.K.KNTTS.C.QD,.K.KSTTS..ML.,62.34083153779271,18
AMP,781.0,.K.KSTTS..ML.,.....TTS.SM.D,52.812246504666014,18
AMP,781.0,.K.KSTTS..ML.,....H.TSK.M..,42.946979862811894,18
AMP,781.0,.K.KSTTS..ML.,....HT...CM.D,44.784848880940345,18
AMP,781.0,.K.KSTTS..ML.,....HT...SMQD,36.84023952610348,18
AMP,781.0,.K.KSTTS..ML.,....NT...C.QD,39.06687592901068,18
AMP,781.0,.K.KSTTS..ML.,....NTT.KS.QD,79.93585260517139,18
AMP,781.0,.K.KSTTS..ML.,....S..S.CML.,46.06363121753779,18
AMP,781.0,.K.KSTTS..ML.,....S.TS.CM.D,44.66972539634969,18
AMP,781.0,.K.KSTTS..ML.,....STT.KC.LD,38.652521135894624,18
AMP,781.0,.K.KSTTS..ML.,....STTS.S..D,51.4950817379883,18
AMP,781.0,.K.KSTTS..ML.,...K.TT.KSM.D,31.64695836674517,18
AMP,781.0,.K.KSTTS..ML.,...K.TTSKC.LD,54.97367034417678,18
AMP,781.0,.K.KSTTS..ML.,...KH.TS.S.Q.,53.63074900802345,17
AMP,781.0,.K.KSTTS..ML.,...KH.TSKC...,62.625746648156436,17
AMP,781.0,.K.KSTTS..ML.,...KHTTS..MQ.,61.235604130766156,18
AMP,781.0,.K.KSTTS..ML.,...KHTTSKC..D,57.27969626785253,18
AMP,781.0,.K.KSTTS..ML.,..L..T...SMLD,31.695147458105307,18
AMP,781.0,.K.KSTTS..ML.,..L..TTSK.MLD,37.14823467501098,18
AMP,781.0,.K.KSTTS..ML.,..L.HTT.KSM..,39.41906496949284,18
AMP,781.0,.K.KSTTS..ML.,..L.NTTS.S.Q.,65.67438648741263,18
AMP,781.0,.K.KSTTS..ML.,..L.S.T.KC.Q.,52.51434237581764,18
AMP,781.0,.K.KSTTS..ML.,..L.STT.KSMQ.,39.706133177633305,18
AMP,781.0,.K.KSTTS..ML.,..LK....KC.Q.,32.43509444176111,16
AMP,781.0,.K.KSTTS..ML.,..LK...SKSMLD,46.232796238085626,17
AMP,781.0,.K.KSTTS..ML.,..LKH.TS.CMQD,89.6104826802929,32
AMP,781.0,.K.KSTTS..ML.,..LKHTT.KSMQD,91.06949376921949,33
AMP,781.0,.K.KSTTS..ML.,..LKN.TS.C.Q.,46.2295284218774,18
AMP,781.0,.K.KSTTS..ML.,..LKNT.S.CM..,54.18769836239338,18
AMP,781.0,.K.KSTTS..ML.,..LKNTT.KCML.,61.81748736712598,18
AMP,781.0,.K.KSTTS..ML.,..LKS.TS.C.LD,39.01876102406508,17
AMP,781.0,.K.KSTTS..ML.,..V...TSKSMLD,47.28586651605946,18
AMP,781.0,.K.KSTTS..ML.,..V.H.TS.SMQ.,62.12286450624528,18
AMP,781.0,.K.KSTTS..ML.,..V.H.TSKC.L.,57.28187183894955,18
AMP,781.0,.K.KSTTS..ML.,..V.H.TSKC.QD,52.564400995927215,17
AMP,781.0,.K.KSTTS..ML.,..V.N..SKSMQ.,70.78287484116305,18
AMP,781.0,.K.KSTTS..ML.,..V.N.TSKC.Q.,41.84062618404486,18
AMP,781.0,.K.KSTTS..ML.,..V.S..S.S.QD,48.070104184402304,18
AMP,781.0,.K.KSTTS..ML.,..V.S.TS.SMQD,46.72789157078162,18
AMP,781.0,.K.KSTTS..ML.,..VK...S.C..D,47.1139029377752,16
AMP,781.0,.K.KSTTS..ML.,..VK.TT..CM..,58.92620426926988,18
AMP,781.0,.K.KSTTS..ML.,..VKH....C.L.,58.29306117280186,17
AMP,781.0,.K.KSTTS..ML.,..VKH..S..MQ.,102.03992573968125,34
AMP,781.0,.K.KSTTS..ML.,..VKH..SKC..D,49.423994940884,14
AMP,781.0,.K.KSTTS..ML.,..VKN..S..M..,82.67039684705364,33
AMP,781.0,.K.KSTTS..ML.,..VKNT..KSM..,59.31494894061571,18
AMP,781.0,.K.KSTTS..ML.,..VKS...KCMLD,65.56003166886707,15
AMP,781.0,.K.KSTTS..ML.,..VKS.TSK.MQD,46.29193019202962,18
AMP,781.0,.K.KSTTS..ML.,..VKST.SK.MQ.,45.91075448401816,18
AMP,781.0,.K.KSTTS..ML.,..VKSTT.KS..D,42.91983716468097,18
AMP,781.0,.K.KSTTS..ML.,..VKSTTSK.ML.,40.53558203069242,17
AMP,781.0,.K.KSTTS..ML.,.K....TS...L.,39.27549351721985,18
AMP,781.0,.K.KSTTS..ML.,.K....TSK....,48.410406478655986,18
AMP,781.0,.K.KSTTS..ML.,.K..H.TS.CM..,48.881582201147594,18
AMP,781.0,.K.KSTTS..ML.,.K..HT.S.SMQ.,63.191422936687545,18
AMP,781.0,.K.KSTTS..ML.,.K..HTTSKSMQ.,50.041043033677035,18
AMP,781.0,.K.KSTTS..ML.,.K..N.TSKCM..,41.34963782483185,18
AMP,781.0,.K.KSTTS..ML.,.K..S....CM.D,53.690505967970296,18
AMP,781.0,.K.KSTTS..ML.,.K..S.TSK...D,26.095059211642248,18
AMP,781.0,.K.KSTTS..ML.,.K.K....KSML.,35.53396134320816,18
AMP,781.0,.K.KSTTS..ML.,.K.K...SKC.Q.,51.79540337544735,18
AMP,781.0,.K.KSTTS..ML.,.K.K.T...CML.,60.0634649825967,18
AMP,781.0,.K.KSTTS..ML.,.K.KH..S.C.LD,46.03691615538076,18
AMP,781.0,.K.KSTTS..ML.,.K.KH.TS.CML.,71.98847911139296,18
AMP,781.0,.K.KSTTS..ML.,.K.KHTT.KCMQ.,67.88649374119375,18
AMP,781.0,.K.KSTTS..ML.,.KL.H...KS.LD,48.57614943259227,18
AMP,781.0,.K.KSTTS..ML.,.KL.H..S..MLD,27.21654589785922,18
AMP,781.0,.K.KSTTS..ML.,.KL.H.TS.S...,44.94971099646423,18
AMP,781.0,.K.KSTTS..ML.,.KL.NT.SKSMQ.,48.58675328782523,18
AMP,781.0,.K.KSTTS..ML.,.KL.S.T.KS.L.,50.07515496892508,17
AMP,781.0,.K.KSTTS..ML.,.KL.STT.KC.Q.,44.61006140916688,18
AMP,781.0,.K.KSTTS..ML.,.KLK.....S.QD,30.230622485341883,17
AMP,781.0,.K.KSTTS..ML.,.KLK...SKCML.,53.052791301840756,18
AMP,781.0,.K.KSTTS..ML.,.KLK..T..S.Q.,35.01847187197095,18
AMP,781.0,.K.KSTTS..ML.,.KLK..T.KSMQD,49.489259619455275,18
AMP,781.0,.K.KSTTS..ML.,.KLK..TS.S.LD,57.93510781024104,18
AMP,781.0,.K.KSTTS..ML.,.KLK..TSKC.Q.,44.22405065434153,18
AMP,781.0,.K.KSTTS..ML.,.KLK.TT.K..L.,38.14432898638652,18
AMP,781.0,.K.KSTTS..ML.,.KLK.TTS.S.QD,143.88899574330298,18
AMP,781.0,.K.KSTTS..ML.,.KLKH.TS.C.LD,59.97538226336355,18
AMP,781.0,.K.KSTTS..ML.,.KLKH.TSKC.QD,59.92829910797482,18
AMP,781.0,.K.KSTTS..ML.,.KLKHTT.KS.LD,42.78522859620223,18
AMP,781.0,.K.KSTTS..ML.,.KLKHTTSK....,57.034588114903336,17
AMP,781.0,.K.KSTTS..ML.,.KLKNT...SMLD,44.7930074531856,17
AMP,781.0,.K.KSTTS..ML.,.KLKNT.SKCM.D,47.900834790063485,18
AMP,781.0,.K.KSTTS..ML.,.KLKNTTSKSMQ.,45.68799977253807,18
AMP,781.0,.K.KSTTS..ML.,.KLKS...KSM..,39.534213509940834,17
AMP,781.0,.K.KSTTS..ML.,.KLKS...KSML.,39.85970013472668,17
AMP,781.0,.K.KSTTS..ML.,.KLKS.T..CM.D,52.251819680989975,18
AMP,781.0,.K.KSTTS..ML.,.KLKS.T.KS.L.,34.61016456726944,17
AMP,781.0,.K.KSTTS..ML.,.KLKSTT.KC.L.,67.94451626881337,17
AMP,781.0,.K.KSTTS..ML.,.KLKSTTSK.MQ.,66.49501981824295,18
AMP,781.0,.K.KSTTS..ML.,.KV.H.TSK..QD,51.19713329163227,18
AMP,781.0,.K.KSTTS..ML.,.KV.HT.S.SMLD,36.33838236949354,18
AMP,781.0,.K.KSTTS..ML.,.KV.N.TS.C.LD,51.731634515072024,18
AMP,781.0,.K.KSTTS..ML.,.KV.N.TSK....,118.7664299455688,31
AMP,781.0,.K.KSTTS..ML.,.KV.NTT.KC.LD,47.04018774417305,17
AMP,781.0,.K.KSTTS..ML.,.KV.S..S.CM.D,57.58278593696243,18
AMP,781.0,.K.KSTTS..ML.,.KV.S..S.S..D,62.060263177327634,18
AMP,781.0,.K.KSTTS..ML.,.KV.S.TSKSMQD,49.10219762200372,18
AMP,781.0,.K.KSTTS..ML.,.KV.ST...SM.D,110.11538144802873,32
AMP,781.0,.K.KSTTS..ML.,.KV.ST..KSMQ.,57.57648955861658,18
AMP,781.0,.K.KSTTS..ML.,.KV.STTSKS.Q.,60.974329652469926,18
AMP,781.0,.K.KSTTS..ML.,.KVK..TS.CM.D,59.45967980167272,18
AMP,781.0,.K.KSTTS..ML.,.KVK.TT..S.L.,51.62150278477238,17
AMP,781.0,.K.KSTTS..ML.,.KVKH..S.CMLD,55.736581159457245,17
AMP,781.0,.K.KSTTS..ML.,.KVKH.TS.CM..,74.19841646030522,18
AMP,781.0,.K.KSTTS..ML.,.KVKH.TS.SM.D,53.687046405948685,18
AMP,781.0,.K.KSTTS..ML.,.KVKHTTSK...D,56.78369669803431,18
AMP,781.0,.K.KSTTS..ML.,.KVKN....CMQ.,50.147404710910784,18
AMP,781.0,.K.KSTTS..ML.,.KVKN...KCMQD,42.22162680033334,17
AMP,781.0,.K.KSTTS..ML.,.KVKNT.S.CMQD,47.4425837852429,17
AMP,781.0,.K.KSTTS..ML.,.KVKNTT..SMLD,67.64734434607023,18
AMP,781.0,.K.KSTTS..ML.,.KVKNTTSK.MQ.,99.11357000077467,33
AMP,781.0,.K.KSTTS..ML.,.KVKS..SKCM.D,90.57258856874472,17
AMP,781.0,.K.KSTTS..ML.,.KVKST.S...QD,41.61012596918579,17
AMP,781.0,.K.KSTTS..ML.,.KVKST.S.C...,54.850196582400024,17
AMP,781.0,.K.KSTTS..ML.,.KVKST.S.C.LD,47.90630216312547,18
AMP,781.0,.K.KSTTS..ML.,.KVKSTTS..MLD,58.563964000771264,18
AMP,781.0,.K.KSTTS..ML.,.KVKSTTS.SMQ.,48.422784006799006,18
AMP,781.0,.K.KSTTS..ML.,P....TT.KSM.D,108.51865712538432,16
AMP,781.0,.K.KSTTS..ML.,P....TTSKSMQ.,64.19137480735176,18
AMP,781.0,.K.KSTTS..ML.,P...H....CMQ.,50.50595843563175,18
AMP,781.0,.K.KSTTS..ML.,P...H.T..SMLD,46.971988598100516,17
AMP,781.0,.K.KSTTS..ML.,P...HTT..SM.D,81.7638844667964,18
AMP,781.0,.K.KSTTS..ML.,P...HTT.KC.L.,61.089182512239056,18
AMP,781.0,.K.KSTTS..ML.,P...N....SM.D,58.061951860572414,18
AMP,781.0,.K.KSTTS..ML.,P...N...KCM.D,60.87740531425992,18
AMP,781.0,.K.KSTTS..ML.,P...N..S.CML.,61.32067369780951,18
AMP,781.0,.K.KSTTS..ML.,P...N.TS..MQD,47.19393257293234,18
AMP,781.0,.K.KSTTS..ML.,P...NT.S.C.LD,66.95315001221667,18
AMP,781.0,.K.KSTTS..ML.,P...NT.S.C.Q.,67.4339200586611,18
AMP,781.0,.K.KSTTS..ML.,P...STT..C.LD,57.94598073038435,17
AMP,781.0,.K.KSTTS..ML.,P...STT..SMQD,86.30432473851815,18
AMP,781.0,.K.KSTTS..ML.,P..K.T.S.SML.,71.02259074667833,18
AMP,781.0,.K.KSTTS..ML.,P..K.TTSKSMQD,71.39453217709797,18
AMP,781.0,.K.KSTTS..ML.,P..KHTT.KSMQD,65.86499529749473,18
AMP,781.0,.K.KSTTS..ML.,P..KHTTS.S.Q.,52.47148545509408,18
AMP,781.0,.K.KSTTS..ML.,P..KHTTS.SML.,34.66354290846279,17
AMP,781.0,.K.KSTTS..ML.,P..KN.TS.C..D,66.3573199513336,17
AMP,781.0,.K.KSTTS..ML.,P..KN.TS.C.L.,56.8224335172473,18
AMP,781.0,.K.KSTTS..ML.,P..KST.S.SMQD,62.78865885681562,15
AMP,781.0,.K.KSTTS..ML.,P..KSTT.KC.Q.,113.1997219261529,33
AMP,781.0,.K.KSTTS..ML.,P.L......S.LD,50.718164077495,18
AMP,781.0,.K.KSTTS..ML.,P.L...TS.CM..,52.785303091331436,18
AMP,781.0,.K.KSTTS..ML.,P.L..T.SKSM.D,139.44051115421598,18
AMP,781.0,.K.KSTTS..ML.,P.L..TTSKCMLD,81.43585659281393,18
AMP,781.0,.K.KSTTS..ML.,P.L.H.TSKC.Q.,98.1493004503573,32
AMP,781.0,.K.KSTTS..ML.,P.L.HT..KS.L.,90.34740351510203,18
AMP,781.0,.K.KSTTS..ML.,P.L.HT.S.S.LD,60.57775278373704,18
AMP,781.0,.K.KSTTS..ML.,P.L.HTT..SML.,141.28942562395324,33
AMP,781.0,.K.KSTTS..ML.,P.L.HTT.K...D,65.48190115291366,17
AMP,781.0,.K.KSTTS..ML.,P.L.N.T.KCM.D,47.46299287771881,17
AMP,781.0,.K.KSTTS..ML.,P.L.NTTS.C.QD,73.8765683962333,17
AMP,781.0,.K.KSTTS..ML.,P.L.NTTS.SMLD,124.11599447165551,18
AMP,781.0,.K.KSTTS..ML.,P.L.S....CMLD,73.8383496114505,17
AMP,781.0,.K.KSTTS..ML.,P.L.S....S.L.,41.597640742125975,18
AMP,781.0,.K.KSTTS..ML.,P.L.S...KCM.D,51.20636593517415,17
AMP,781.0,.K.KSTTS..ML.,P.L.STTSK..QD,54.16836705036053,18
AMP,781.0,.K.KSTTS..ML.,P.LK.....CMQD,137.74493307141165,33
AMP,781.0,.K.KSTTS..ML.,P.LK..T..CMLD,58.387552609672426,16
AMP,781.0,.K.KSTTS..ML.,P.LK..TSKC.L.,84.66008802677239,18
AMP,781.0,.K.KSTTS..ML.,P.LK.TT.K.ML.,127.89303715291013,34
AMP,781.0,.K.KSTTS..ML.,P.LK.TTS.C..D,68.68533293448053,18
AMP,781.0,.K.KSTTS..ML.,P.LK.TTS.CMLD,99.59536376451982,17
AMP,781.0,.K.KSTTS..ML.,P.LKH.T...M..,38.82994639873345,18
AMP,781.0,.K.KSTTS..ML.,P.LKHT....MQD,49.58763387822188,16
AMP,781.0,.K.KSTTS..ML.,P.LKHT..KS...,81.45441861427041,18
AMP,781.0,.K.KSTTS..ML.,P.LKHT.SKCML.,122.9202431213217,18
AMP,781.0,.K.KSTTS..ML.,P.LKHTT.KSMQ.,136.08306431206628,30
AMP,781.0,.K.KSTTS..ML.,P.LKHTTS.C.L.,65.3161388362007,18
AMP,781.0,.K.KSTTS..ML.,P.LKHTTSKC.LD,118.08700064030783,34
AMP,781.0,.K.KSTTS..ML.,P.LKN...KSML.,56.235212588810825,18
AMP,781.0,.K.KSTTS..ML.,P.LKN..S.CM.D,37.45628125523605,16
AMP,781.0,.K.KSTTS..ML.,P.LKNT..KSM..,75.78721500820153,18
AMP,781.0,.K.KSTTS..ML.,P.LKNT.SKS.L.,63.349941666270446,15
AMP,781.0,.K.KSTTS..ML.,P.LKNTTSKS..D,53.083894660578316,18
AMP,781.0,.K.KSTTS..ML.,P.LKS.TS...L.,48.82639041910239,18
AMP,781.0,.K.KSTTS..ML.,P.LKST...CML.,57.47202133118725,18
AMP,781.0,.K.KSTTS..ML.,P.LKST..KC.L.,150.27216648671745,33
AMP,781.0,.K.KSTTS..ML.,P.LKSTT.K..LD,62.70872855791356,18
AMP,781.0,.K.KSTTS..ML.,P.LKSTT.KS...,55.73971743840972,17
AMP,781.0,.K.KSTTS..ML.,P.LKSTTS.S.Q.,67.76584405858944,18
AMP,781.0,.K.KSTTS..ML.,P.V...TSKSMQ.,58.58756717403741,18
AMP,781.0,.K.KSTTS..ML.,P.V..T.S.S.L.,58.449384463099356,17
AMP,781.0,.K.KSTTS..ML.,P.V..T.SKCM.D,106.35756431162683,18
AMP,781.0,.K.KSTTS..ML.,P.V..TT..SM.D,108.32851401244355,16
AMP,781.0,.K.KSTTS..ML.,P.V..TT.KCMLD,160.00192759326063,18
AMP,781.0,.K.KSTTS..ML.,P.V.H..SKSMQ.,67.32080618316866,18
AMP,781.0,.K.KSTTS..ML.,P.V.HT.S.C.LD,66.63781079010727,17
AMP,781.0,.K.KSTTS..ML.,P.V.HT.S.C.Q.,144.43585729091993,31
AMP,781.0,.K.KSTTS..ML.,P.V.HTT..CM.D,126.11349714391855,18
AMP,781.0,.K.KSTTS..ML.,P.V.HTTS..M.D,95.0571812424488,18
AMP,781.0,.K.KSTTS..ML.,P.V.HTTSK..Q.,82.03945914846072,18
AMP,781.0,.K.KSTTS..ML.,P.V.HTTSKS.LD,44.41255103389483,16
AMP,781.0,.K.KSTTS..ML.,P.V.N.T..C.QD,149.05962231207994,49
AMP,781.0,.K.KSTTS..ML.,P.V.N.T.KCMLD,163.5843209093586,34
AMP,781.0,.K.KSTTS..ML.,P.V.NT..KSM..,64.9609075418395,18
AMP,781.0,.K.KSTTS..ML.,P.V.NT.S.....,45.52810258805088,17
AMP,781.0,.K.KSTTS..ML.,P.V.NT.SKCM..,70.4522810950043,17
AMP,781.0,.K.KSTTS..ML.,P.V.NTTS.CMLD,67.0938009362266,18
AMP,781.0,.K.KSTTS..ML.,P.V.NTTS.SM.D,95.57371038867755,17
AMP,781.0,.K.KSTTS..ML.,P.V.S..S.CML.,77.86994832358559,17
AMP,781.0,.K.KSTTS..ML.,P.V.S.T.KCMQD,62.323299448622016,18
AMP,781.0,.K.KSTTS..ML.,P.V.S.T.KSMQ.,54.26342892940364,17
AMP,781.0,.K.KSTTS..ML.,P.V.S.TS.....,81.94715341282686,17
AMP,781.0,.K.KSTTS..ML.,P.V.S.TS..MLD,102.98705062181864,34
AMP,781.0,.K.KSTTS..ML.,P.V.ST.SKC.L.,110.89687875854374,18
AMP,781.0,.K.KSTTS..ML.,P.V.STT....QD,61.84514224118587,18
AMP,781.0,.K.KSTTS..ML.,P.V.STTS.C.L.,101.8294431946103,18
AMP,781.0,.K.KSTTS..ML.,P.VK....KSMQ.,93.47993242372458,18
AMP,781.0,.K.KSTTS..ML.,P.VK.T.S.SMQ.,129.94014710435448,18
AMP,781.0,.K.KSTTS..ML.,P.VK.TT..CMLD,116.83409183320525,17
AMP,781.0,.K.KSTTS..ML.,P.VK.TT.KCMQ.,111.04562154193772,16
AMP,781.0,.K.KSTTS..ML.,P.VK.TT.KSM.D,119.77089842332572,32
AMP,781.0,.K.KSTTS..ML.,P.VKH..SKCM..,90.58810771224057,18
AMP,781.0,.K.KSTTS..ML.,P.VKH.T.KSM..,57.17629709279991,17
AMP,781.0,.K.KSTTS..ML.,P.VKH.TS...L.,87.10652464683525,17
AMP,781.0,.K.KSTTS..ML.,P.VKH.TS..MQ.,53.97499867276556,18
AMP,781.0,.K.KSTTS..ML.,P.VKH.TSK....,80.25531849587058,16
AMP,781.0,.K.KSTTS..ML.,P.VKHT...C...,43.68967498821812,18
AMP,781.0,.K.KSTTS..ML.,P.VKHTT..CMQD,71.74423281628076,18
AMP,781.0,.K.KSTTS..ML.,P.VKN..SK.M..,59.232121914342,17
AMP,781.0,.K.KSTTS..ML.,P.VKN.T..S.QD,51.1465618242056,18
AMP,781.0,.K.KSTTS..ML.,P.VKN.TSKCMQ.,53.13447738107453,18
AMP,781.0,.K.KSTTS..ML.,P.VKNTTS.C.LD,30.946894815104706,14
AMP,781.0,.K.KSTTS..ML.,P.VKNTTSKSM.D,59.957477904030455,18
AMP,781.0,.K.KSTTS..ML.,P.VKS..SKS..D,42.06590788381903,18
AMP,781.0,.K.KSTTS..ML.,P.VKS.T..CMQD,104.64154155706628,34
AMP,781.0,.K.KSTTS..ML.,P.VKS.TSKSMQ.,60.41080148512455,17
AMP,781.0,.K.KSTTS..ML.,P.VKST...C.LD,154.62551857346006,50
AMP,781.0,.K.KSTTS..ML.,PK....TS.....,73.35464085518636,33
AMP,781.0,.K.KSTTS..ML.,PK...T...S.L.,95.14153742186411,18
AMP,781.0,.K.KSTTS..ML.,PK...T..KS.Q.,96.22699023175718,15
AMP,781.0,.K.KSTTS..ML.,PK...TT..S...,108.44257657612089,18
AMP,781.0,.K.KSTTS..ML.,PK...TTSKS.Q.,75.16198035347682,18
AMP,781.0,.K.KSTTS..ML.,PK..H..SKS.LD,49.95269575712764,18
AMP,781.0,.K.KSTTS..ML.,PK..H.TSKCMQ.,83.08673216164085,17
AMP,781.0,.K.KSTTS..ML.,PK..HT..KS.QD,70.65663107968595,15
AMP,781.0,.K.KSTTS..ML.,PK..N.T..C...,49.40175978321677,18
AMP,781.0,.K.KSTTS..ML.,PK..NT.S.CML.,147.03358096028748,18
AMP,781.0,.K.KSTTS..ML.,PK..ST...CM..,65.38275472754603,17
AMP,781.0,.K.KSTTS..ML.,PK..ST..KSMLD,63.81227655496585,16
AMP,781.0,.K.KSTTS..ML.,PK..STTS....D,78.45120536612674,18
AMP,781.0,.K.KSTTS..ML.,PK.K...S.S.QD,66.14008738342665,18
AMP,781.0,.K.KSTTS..ML.,PK.K.T..KC.QD,128.68575527379934,30
AMP,781.0,.K.KSTTS..ML.,PK.K.T..KCMQ.,124.46308396253096,18
AMP,781.0,.K.KSTTS..ML.,PK.K.T.S.SM..,92.83888257860438,18
AMP,781.0,.K.KSTTS..ML.,PK.K.TT..S..D,88.19645465797531,17
AMP,781.0,.K.KSTTS..ML.,PK.KH.T..S...,47.254812485445036,18
AMP,781.0,.K.KSTTS..ML.,PK.KH.TSKSMLD,71.41267689117966,16
AMP,781.0,.K.KSTTS..ML.,PK.KHT...CML.,120.46337883085471,16
AMP,781.0,.K.KSTTS..ML.,PK.KHTT.KCMQD,114.00114690563707,17
AMP,781.0,.K.KSTTS..ML.,PK.KNTT..CM..,165.4902900818266,17
AMP,781.0,.K.KSTTS..ML.,PK.KNTTS.S...,167.34919016191753,33
AMP,781.0,.K.KSTTS..ML.,PK.KS.T..SML.,54.56655570239987,18
AMP,781.0,.K.KSTTS..ML.,PK.KST.SKSM..,137.34263033157924,18
AMP,781.0,.K.KSTTS..ML.,PK.KSTT.KC...,94.58642486129922,16
AMP,781.0,.K.KSTTS..ML.,PK.KSTT.KC.L.,63.449897449523014,16
AMP,781.0,.K.KSTTS..ML.,PK.KSTT.KS..D,111.74262448745445,17
AMP,781.0,.K.KSTTS..ML.,PKL...T..CMLD,94.5391287657946,17
AMP,781.0,.K.KSTTS..ML.,PKL...TSK.MQD,67.51519080398553,18
AMP,781.0,.K.KSTTS..ML.,PKL..T.S.CM.D,90.37256429458438,17
AMP,781.0,.K.KSTTS..ML.,PKL..TTS..MQ.,84.55408328476908,18
AMP,781.0,.K.KSTTS..ML.,PKL..TTS.CMLD,143.20756707561483,16
AMP,781.0,.K.KSTTS..ML.,PKL..TTS.S.LD,99.22084457022814,14
AMP,781.0,.K.KSTTS..ML.,PKL..TTSKC.Q.,118.37863449482946,17
AMP,781.0,.K.KSTTS..ML.,PKL.H.T..C.Q.,61.037327055913856,18
AMP,781.0,.K.KSTTS..ML.,PKL.HT..KSM.D,78.76821783278547,16
AMP,781.0,.K.KSTTS..ML.,PKL.HTT.KCM..,79.23874963808449,18
AMP,781.0,.K.KSTTS..ML.,PKL.N.T..SMLD,73.51682382905145,18
AMP,781.0,.K.KSTTS..ML.,PKL.NTT.KC.Q.,50.281742248732755,16
AMP,781.0,.K.KSTTS..ML.,PKL.NTTSKS.LD,168.15175377194976,30
AMP,781.0,.K.KSTTS..ML.,PKL.STT....QD,137.01144348339514,16
AMP,781.0,.K.KSTTS..ML.,PKL.STTS..MQD,108.093612644564,18
AMP,781.0,.K.KSTTS..ML.,PKL.STTS.C.LD,90.78042715171367,17
AMP,781.0,.K.KSTTS..ML.,PKLK...S.CMLD,123.4260089237471,18
AMP,781.0,.K.KSTTS..ML.,PKLK.T...CML.,71.03859475098761,16
AMP,781.0,.K.KSTTS..ML.,PKLK.TT..S...,172.12658264514707,18
AMP,781.0,.K.KSTTS..ML.,PKLK.TT.KSMQ.,164.87345184543602,17
AMP,781.0,.K.KSTTS..ML.,PKLK.TTSKC..D,102.84568570855292,18
AMP,781.0,.K.KSTTS..ML.,PKLKH..S.C.L.,43.274446593399226,17
AMP,781.0,.K.KSTTS..ML.,PKLKH..SKCML.,81.92917975442394,18
AMP,781.0,.K.KSTTS..ML.,PKLKHT.S.C.Q.,61.77307333236307,18
AMP,781.0,.K.KSTTS..ML.,PKLKHT.S.S.LD,127.1416649339977,33
AMP,781.0,.K.KSTTS..ML.,PKLKHT.S.SM.D,75.99674022882027,17
AMP,781.0,.K.KSTTS..ML.,PKLKHTT....LD,134.10644523058465,17
AMP,781.0,.K.KSTTS..ML.,PKLKHTT...ML.,122.32586909044076,18
AMP,781.0,.K.KSTTS..ML.,PKLKHTT..CM.D,126.95607364726764,18
AMP,781.0,.K.KSTTS..ML.,PKLKHTT..S..D,67.52543006719482,18
AMP,781.0,.K.KSTTS..ML.,PKLKHTT.KSMQ.,58.549731468939044,15
AMP,781.0,.K.KSTTS..ML.,PKLKHTTS...L.,85.61944438334997,18
AMP,781.0,.K.KSTTS..ML.,PKLKHTTSK.MQD,172.16956174156638,32
AMP,781.0,.K.KSTTS..ML.,PKLKN.T..C.LD,87.05742506111586,18
AMP,781.0,.K.KSTTS..ML.,PKLKN.TS.S..D,60.26589611762729,18
AMP,781.0,.K.KSTTS..ML.,PKLKNT...CML.,128.65349397575375,16
AMP,781.0,.K.KSTTS..ML.,PKLKNTT.K..LD,92.84035241017014,17
AMP,781.0,.K.KSTTS..ML.,PKLKNTT.KC.QD,39.11398752808328,17
AMP,781.0,.K.KSTTS..ML.,PKLKNTTSKSM.D,103.10796663687614,17
AMP,781.0,.K.KSTTS..ML.,PKLKS..SKCMQ.,124.15761892919203,31
AMP,781.0,.K.KSTTS..ML.,PKLKS.T..C.QD,39.3839584261748,16
AMP,781.0,.K.KSTTS..ML.,PKLKS.T.KCMQD,49.81951037600109,16
AMP,781.0,.K.KSTTS..ML.,PKLKS.T.KSMLD,143.80614302743402,33
AMP,781.0,.K.KSTTS..ML.,PKLKSTT.KCML.,71.23429967972214,17
AMP,781.0,.K.KSTTS..ML.,PKLKSTT.KCMLD,338.21128940584794,49
AMP,781.0,.K.KSTTS..ML.,PKLKSTTS.S.LD,76.02522721503874,17
AMP,781.0,.K.KSTTS..ML.,PKLKSTTSKSM..,113.62518626884898,18
AMP,781.0,.K.KSTTS..ML.,PKV....S.SMQ.,82.20603642832519,18
AMP,781.0,.K.KSTTS..ML.,PKV....SKCMQ.,56.03392672321698,17
AMP,781.0,.K.KSTTS..ML.,PKV...TS.C.LD,57.698879656800756,17
AMP,781.0,.K.KSTTS..ML.,PKV...TSKCMLD,125.02121983615008,32
AMP,781.0,.K.KSTTS..ML.,PKV...TSKCMQD,43.15786699656354,16
AMP,781.0,.K.KSTTS..ML.,PKV..T...S.Q.,320.79375689244625,29
AMP,781.0,.K.KSTTS..ML.,PKV..T..KC.Q.,100.63617434696562,16
AMP,781.0,.K.KSTTS..ML.,PKV..TT...MQ.,139.24766822433364,16
AMP,781.0,.K.KSTTS..ML.,PKV..TT..S.L.,74.63563941822238,16
AMP,781.0,.K.KSTTS..ML.,PKV..TT.KC..D,201.60384325760447,34
AMP,781.0,.K.KSTTS..ML.,PKV..TT.KCM..,100.21756082102782,18
AMP,781.0,.K.KSTTS..ML.,PKV..TTSK...D,70.99073320727874,15
AMP,781.0,.K.KSTTS..ML.,PKV..TTSK..QD,104.7693162075481,15
AMP,781.0,.K.KSTTS..ML.,PKV..TTSKCMLD,85.42531323228535,16
AMP,781.0,.K.KSTTS..ML.,PKV.H.T..SMQ.,76.87054575692741,17
AMP,781.0,.K.KSTTS..ML.,PKV.H.T.K....,51.66566332018763,18
AMP,781.0,.K.KSTTS..ML.,PKV.HT.S.CMQD,50.52637489578085,16
AMP,781.0,.K.KSTTS..ML.,PKV.HT.SKS.Q.,73.40878143280071,18
AMP,781.0,.K.KSTTS..ML.,PKV.HTT..C.Q.,60.510856948998594,16
AMP,781.0,.K.KSTTS..ML.,PKV.HTT.KSM.D,92.81458211554404,16
AMP,781.0,.K.KSTTS..ML.,PKV.HTTS.C.LD,121.94624511504625,18
AMP,781.0,.K.KSTTS..ML.,PKV.N..S.CM.D,58.81613610666651,18
AMP,781.0,.K.KSTTS..ML.,PKV.N..SKCMQD,67.84738772513879,17
AMP,781.0,.K.KSTTS..ML.,PKV.NT.SK.MQD,81.79416036592043,16
AMP,781.0,.K.KSTTS..ML.,PKV.NT.SKC.L.,173.00397037107334,17
AMP,781.0,.K.KSTTS..ML.,PKV.NT.SKSMQ.,85.66718699341837,18
AMP,781.0,.K.KSTTS..ML.,PKV.NTT.KCM.D,62.35090189384641,17
AMP,781.0,.K.KSTTS..ML.,PKV.NTT.KS..D,59.91932479501861,17
AMP,781.0,.K.KSTTS..ML.,PKV.NTTS.SML.,75.47628023549841,18
AMP,781.0,.K.KSTTS..ML.,PKV.NTTSK..QD,52.32989310805464,13
AMP,781.0,.K.KSTTS..ML.,PKV.NTTSKSM..,111.40614737346242,17
AMP,781.0,.K.KSTTS..ML.,PKV.S..SKSMQ.,64.96073009765463,17
AMP,781.0,.K.KSTTS..ML.,PKV.S.T.KS.L.,59.5963200066585,18
AMP,781.0,.K.KSTTS..ML.,PKV.S.T.KSM.D,80.99075874320029,18
AMP,781.0,.K.KSTTS..ML.,PKV.S.TS.C...,53.236640424737956,17
AMP,781.0,.K.KSTTS..ML.,PKV.STT..C.QD,77.43349762790021,18
AMP,781.0,.K.KSTTS..ML.,PKV.STTS.CM.D,100.58873499108668,16
AMP,781.0,.K.KSTTS..ML.,PKVK..T..CMLD,98.3930193071439,17
AMP,781.0,.K.KSTTS..ML.,PKVK..T..S.Q.,65.50422664327995,17
AMP,781.0,.K.KSTTS..ML.,PKVK..TS..MQD,71.73036398621991,18
AMP,781.0,.K.KSTTS..ML.,PKVK..TSK..L.,261.2776447093274,49
AMP,781.0,.K.KSTTS..ML.,PKVK.T...SM.D,113.23836573164469,17
AMP,781.0,.K.KSTTS..ML.,PKVK.T..KSMQ.,114.57006403063738,17
AMP,781.0,.K.KSTTS..ML.,PKVK.TTS..M..,70.6120319413092,18
AMP,781.0,.K.KSTTS..ML.,PKVK.TTS.CML.,276.3666843602868,18
AMP,781.0,.K.KSTTS..ML.,PKVK.TTS.S...,98.28667079168217,17
AMP,781.0,.K.KSTTS..ML.,PKVK.TTS.S.LD,47.025185379050356,17
AMP,781.0,.K.KSTTS..ML.,PKVK.TTSK.M.D,69.29089986331877,18
AMP,781.0,.K.KSTTS..ML.,PKVKHT..K...D,32.755015001791925,18
AMP,781.0,.K.KSTTS..ML.,PKVKHT.S..MQD,242.02174535830915,47
AMP,781.0,.K.KSTTS..ML.,PKVKHT.S.C.L.,155.25978183853127,31
AMP,781.0,.K.KSTTS..ML.,PKVKHTT..SM.D,126.27908244368626,16
AMP,781.0,.K.KSTTS..ML.,PKVKHTT.KCM.D,123.3091734705887,17
AMP,781.0,.K.KSTTS..ML.,PKVKN.TSKC...,61.43309009392958,17
AMP,781.0,.K.KSTTS..ML.,PKVKNT...C.LD,56.06706117690258,17
AMP,781.0,.K.KSTTS..ML.,PKVKNT...SMLD,49.665856901995326,16
AMP,781.0,.K.KSTTS..ML.,PKVKNT.S.C.QD,72.37789928577165,17
AMP,781.0,.K.KSTTS..ML.,PKVKNT.S.CML.,143.27441151779044,18
AMP,781.0,.K.KSTTS..ML.,PKVKNTT...MQ.,98.27319332813425,15
AMP,781.0,.K.KSTTS..ML.,PKVKNTT..SM.D,64.21378407870912,16
AMP,781.0,.K.KSTTS..ML.,PKVKNTTS..MLD,68.82791833386096,16
AMP,781.0,.K.KSTTS..ML.,PKVKNTTS.C...,121.29894617757986,18
AMP,781.0,.K.KSTTS..ML.,PKVKNTTS.SM..,81.07256907243402,16
AMP,781.0,.K.KSTTS..ML.,PKVKNTTSKCMQD,124.66657462768464,17
AMP,781.0,.K.KSTTS..ML.,PKVKS.T.K.MQD,80.10395513050463,18
AMP,781.0,.K.KSTTS..ML.,PKVKS.T.KS.LD,78.53845633593859,18
AMP,781.0,.K.KSTTS..ML.,PKVKS.TSKCM.D,63.79633031541664,17
AMP,781.0,.K.KSTTS..ML.,PKVKST...S...,390.2400757000058,60
AMP,781.0,.K.KSTTS..ML.,PKVKST...SM..,51.0742601055104,15
AMP,781.0,.K.KSTTS..ML.,PKVKST.SKSM.D,104.9848185945654,17
AMP,781.0,.K.KSTTS..ML.,PKVKSTTS.CMQ.,94.92970847030782,18
AMP,781.0,.K.KSTTS.SM.D,.K.KSTTS..ML.,49.26878834462806,18
AMP,781.0,.KL..T...CML.,.K.KSTTS..ML.,72.11006398963502,18
AMP,781.0,.KL.H..S.CM.D,.K.KSTTS..ML.,104.3547844107041,18
AMP,781.0,.KL.H.TSKC.LD,.K.KSTTS..ML.,64.7468802349426,18
AMP,781.0,.KL.HT.S.C..D,.K.KSTTS..ML.,65.82146003154432,18
AMP,781.0,.KL.HTT.KC...,.K.KSTTS..ML.,47.60964157832498,18
AMP,781.0,.KL.HTTS.S.QD,.K.KSTTS..ML.,62.02616201712738,18
AMP,781.0,.KL.N..SKC...,.K.KSTTS..ML.,99.11721697698319,18
AMP,781.0,.KL.NT..KCMQD,.K.KSTTS..ML.,65.17517911120359,18
AMP,781.0,.KL.NTT.KCMLD,.K.KSTTS..ML.,36.39513222512332,18
AMP,781.0,.KL.S...KCMLD,.K.KSTTS..ML.,56.3410534392766,18
AMP,781.0,.KL.S.TS.S..D,.K.KSTTS..ML.,48.51634865496564,18
AMP,781.0,.KL.STT..SML.,.K.KSTTS..ML.,79.07907075091647,18
AMP,781.0,.KLK..TS.C.L.,.K.KSTTS..ML.,93.37860752239222,18
AMP,781.0,.KLK..TSKCMLD,.K.KSTTS..ML.,61.50702596177648,18
AMP,781.0,.KLK.T...S.QD,.K.KSTTS..ML.,65.85430209997843,17
AMP,781.0,.KLK.T...S.QD,.KLK.....S.QD,4.767656623400973,1
AMP,781.0,.KLK.T.S.C.LD,.K.KSTTS..ML.,50.580066598743834,18
AMP,781.0,.KLKH.T.KCMQ.,.K.KSTTS..ML.,74.57807972107454,18
AMP,781.0,.KLKHT...C...,.K.KSTTS..ML.,81.89889065274531,18
AMP,781.0,.KLKHT.SKS.LD,.K.KSTTS..ML.,44.378415700416596,18
AMP,781.0,.KLKHTTSK..L.,.K.KSTTS..ML.,52.941062688056064,17
AMP,781.0,.KLKHTTSK..L.,.KLKHTTSK....,9.97574523895004,1
AMP,781.0,.KLKN..S.CMLD,.K.KSTTS..ML.,65.378965030592,18
AMP,781.0,.KLKN.T..SMQD,.K.KSTTS..ML.,56.12412075191909,18
AMP,781.0,.KLKN.TS...LD,.K.KSTTS..ML.,64.04711635095181,18
AMP,781.0,.KLKN.TSKC.LD,..LKS.TS.C.LD,7.54527875405491,1
AMP,781.0,.KLKN.TSKC.LD,.K.KSTTS..ML.,209.4503015901148,49
AMP,781.0,.KLKS....CMLD,.K.KSTTS..ML.,90.45902363768626,18
AMP,781.0,.KLKS...KC.QD,.K.KSTTS..ML.,87.48724330401542,18
AMP,781.0,.KLKS...KSML.,.KLKS...KSM..,1.5477745398693603,1
AMP,781.0,.KLKS.T.KS.L.,.KL.S.T.KS.L.,1.6733647065969541,1
AMP,781.0,.KLKSTT.KCMQ.,.K.KSTTS..ML.,89.45567052869154,18
AMP,781.0,.KLKSTTSKCMQD,.K.KSTTS..ML.,61.73685442066856,18
AMP,781.0,.KV......C..D,.K.KSTTS..ML.,230.84289828035438,34
AMP,781.0,.KV.....KSML.,.K.KSTTS..ML.,81.74193491868418,18
AMP,781.0,.KV.....KSMQD,.K.KSTTS..ML.,85.27411054128339,18
AMP,781.0,.KV....S.S.QD,.K.KSTTS..ML.,64.06972864227173,18
AMP,781.0,.KV...T.KS.QD,.K.KSTTS..ML.,200.41333069064865,50
AMP,781.0,.KV..T...SMQD,.K.KSTTS..ML.,58.00379992680927,18
AMP,781.0,.KV..T.S.SML.,.K.KSTTS..ML.,60.521654344832385,18
AMP,781.0,.KV..TT.KC...,.K.KSTTS..ML.,39.99304051498531,17
AMP,781.0,.KV..TT.KS.Q.,.K.KSTTS..ML.,198.01310685464105,49
AMP,781.0,.KV..TT.KS.Q.,.KV..TT.KC...,1.6170801220772162,1
AMP,781.0,.KV..TTS..ML.,.K.KSTTS..ML.,96.09772188765388,18
AMP,781.0,.KV..TTS.S.QD,.K.KSTTS..ML.,71.803717922318,18
AMP,781.0,.KV.H..S.....,.K.KSTTS..ML.,86.0488393337272,17
AMP,781.0,.KV.H..S.S.L.,..V.S..S.C.L.,1.8495212405570391,1
AMP,781.0,.KV.H..S.S.L.,.K.KSTTS..ML.,221.0903300917894,64
AMP,781.0,.KV.H..SKCMQD,.K.KSTTS..ML.,71.31187295208316,18
AMP,781.0,.KV.H.T..C.QD,.K.KSTTS..ML.,68.80175581305595,18
AMP,781.0,.KV.H.T..SMQD,.K.KSTTS..ML.,74.31396965603288,18
AMP,781.0,.KV.H.TS.....,.K.KSTTS..ML.,102.15154716959287,14
AMP,781.0,.KV.H.TS.....,.KV.H..S.....,2.9008741390333084,1
AMP,781.0,.KV.H.TS.....,.KV.H..S.S.L.,2.090033435956057,1
AMP,781.0,.KV.H.TS.....,.KV.HTTS.....,2.816547687793761,1
AMP,781.0,.KV.H.TS.....,.KV.N.TS.....,3.4480217673269182,1
AMP,781.0,.KV.H.TSK.M..,.K.KSTTS..ML.,83.6758822723119,18
AMP,781.0,.KV.HT.SKS.L.,.K.KSTTS..ML.,56.22778662128356,17
AMP,781.0,.KV.HTTS.....,.K.KSTTS..ML.,48.325394799072285,17
AMP,781.0,.KV.HTTS.CM..,.K.KSTTS..ML.,56.491990116577256,18
AMP,781.0,.KV.HTTSKS.L.,.K.KSTTS..ML.,76.73196642905835,17
AMP,781.0,.KV.HTTSKS.L.,.KV.HT.SKS.L.,1.5892706619089538,1
AMP,781.0,.KV.N.TS.....,.K.KSTTS..ML.,31.028195003025388,16
AMP,781.0,.KV.N.TS.....,.KV.N.TSK....,7.978140514402464,1
AMP,781.0,.KV.NT.S.CM..,.K.KSTTS..ML.,49.08237970235616,17
AMP,781.0,.KV.NT.S.CML.,.K.KSTTS..ML.,103.23764725870913,17
AMP,781.0,.KV.NT.S.CML.,.KV.NT.S.CM..,2.0873152484709574,1
AMP,781.0,.KV.NTT.K.MQ.,.K.KSTTS..ML.,81.57651574338648,18
AMP,781.0,.KV.NTTS...Q.,.K.KSTTS..ML.,54.51597274499106,17
AMP,781.0,.KV.NTTSKC.QD,.K.KSTTS..ML.,179.21694818180103,49
AMP,781.0,.KV.NTTSKC.QD,PKV.NTTSK..QD,11.012017920443324,1
AMP,781.0,.KV.S.T.KS.LD,.K.KSTTS..ML.,74.97681379378453,18
AMP,781.0,.KV.ST..KC..D,.K.KSTTS..ML.,63.31072645645779,18
AMP,781.0,.KV.STT.KC.LD,.K.KSTTS..ML.,46.8930458416265,17
AMP,781.0,.KV.STT.KC.LD,.KV.NTT.KC.LD,7.278149781167112,1
AMP,781.0,.KV.STTS...Q.,.K.KSTTS..ML.,71.09870932143754,17
AMP,781.0,.KV.STTS...Q.,.KV.NTTS...Q.,1.566873107974757,1
AMP,781.0,.KVK..T..S.LD,.K.KSTTS..ML.,45.846681213216634,18
AMP,781.0,.KVK..T.KCM.D,.K.KSTTS..ML.,132.3426358158581,34
AMP,781.0,.KVK..TS..MQ.,.K.KSTTS..ML.,165.77249377504046,33
AMP,781.0,.KVK..TS..MQ.,.KVKNTTSK.MQ.,11.946509321379807,1
AMP,781.0,.KVK.TT..SMQD,.K.KSTTS..ML.,62.966686235797276,18
AMP,781.0,.KVKH....CML.,.K.KSTTS..ML.,93.46084739433104,18
AMP,781.0,.KVKH...KCM.D,.K.KSTTS..ML.,132.47343038800207,18
AMP,781.0,.KVKH..SK.M..,.K.KSTTS..ML.,256.6480621825189,18
AMP,781.0,.KVKH..SKC.QD,.K.KSTTS..ML.,68.33020769475917,18
AMP,781.0,.KVKH..SKS...,.K.KSTTS..ML.,53.87501001321385,18
AMP,781.0,.KVKH.T.KC...,..VKH.T.KC...,1.641630404793361,1
AMP,781.0,.KVKH.T.KC...,.K.KSTTS..ML.,147.46909260232542,33
AMP,781.0,.KVKH.TS....D,.K.KSTTS..ML.,88.0955313659968,18
AMP,781.0,.KVKH.TSK.M.D,.K.KSTTS..ML.,67.60361575574308,18
AMP,781.0,.KVKHT...CMQ.,.K.KSTTS..ML.,53.314038017204645,18
AMP,781.0,.KVKHTT.KC..D,.K.KSTTS..ML.,75.72734415326941,18
AMP,781.0,.KVKHTTS...Q.,.K.KSTTS..ML.,85.7760830576212,18
AMP,781.0,.KVKHTTSKS...,.K.KSTTS..ML.,45.64848221726716,18
AMP,781.0,.KVKN..SKCMQD,.K.KSTTS..ML.,125.18102168766588,33
AMP,781.0,.KVKN..SKCMQD,.KVKN...KCMQD,7.619444455426306,1
AMP,781.0,.KVKN.T.KCML.,.K.KSTTS..ML.,153.49157466806915,18
AMP,781.0,.KVKN.T.KS.Q.,.K.KSTTS..ML.,45.83573238197484,18
AMP,781.0,.KVKNT.S..MQD,.K.KSTTS..ML.,73.99371618237606,17
AMP,781.0,.KVKNT.S..MQD,.KVKNT.S.CMQD,8.335299143299727,1
AMP,781.0,.KVKNTTS.SM..,.K.KSTTS..ML.,48.47478875025145,17
AMP,781.0,.KVKNTTS.SM..,PKVKNTTS.SM..,7.315658259191373,1
AMP,781.0,.KVKS..S.C...,.K.KSTTS..ML.,75.76959083743165,17
AMP,781.0,.KVKS..S.C...,.KVKST.S.C...,12.722276808201672,1
AMP,781.0,.KVKS..SK...D,.K.KSTTS..ML.,59.15819139447779,18
AMP,781.0,.KVKS.T...M.D,.K.KSTTS..ML.,55.796116356706115,18
AMP,781.0,.KVKS.T.KSML.,.K.KSTTS..ML.,40.33484769352678,18
AMP,781.0,.KVKS.TS..MQD,.K.KSTTS..ML.,51.47101704838867,18
AMP,781.0,.KVKS.TSKSMQ.,.K.KSTTS..ML.,50.82942020449076,18
AMP,781.0,.KVKST.S...Q.,.K.KSTTS..ML.,46.1193826534713,17
AMP,781.0,.KVKST.S...Q.,.KVKST.S...QD,5.2503089544550985,1
AMP,781.0,.KVKST.S.SMQD,.K.KSTTS..ML.,75.15495303981619,18
AMP,781.0,P......S.CMQD,.K.KSTTS..ML.,73.81326805582087,18
AMP,781.0,P.....T.KSMQ.,.K.KSTTS..ML.,83.04271081277057,18
AMP,781.0,P.....TS.S.QD,.K.KSTTS..ML.,64.38372049935532,18
AMP,781.0,P.....TS.SMLD,.K.KSTTS..ML.,105.20889325177292,18
AMP,781.0,P....T...S.LD,.K.KSTTS..ML.,131.74404409034898,18
AMP,781.0,P....T...SMQ.,.K.KSTTS..ML.,71.413844874806,17
AMP,781.0,P....T.SKS.QD,.K.KSTTS..ML.,79.90735200355901,18
AMP,781.0,P....TT..CM..,.K.KSTTS..ML.,95.31148522797193,18
AMP,781.0,P....TT..SMLD,.K.KSTTS..ML.,84.84233181347281,18
AMP,781.0,P....TT.KCMQD,.K.KSTTS..ML.,111.73980579831505,16
AMP,781.0,P....TT.KCMQD,P....TT.KSMQD,1.9438036408164057,1
AMP,781.0,P....TT.KCMQD,P.L..TT.KCMQD,1.5533628773372175,1
AMP,781.0,P....TT.KS.LD,.K.KSTTS..ML.,128.1531858885281,17
AMP,781.0,P....TT.KS.LD,P...STT.KS.LD,1.721648917386543,1
AMP,781.0,P....TT.KSMQD,.K.KSTTS..ML.,63.48074544281902,16
AMP,781.0,P....TT.KSMQD,P....TT.KSM.D,12.249827048310795,1
AMP,781.0,P....TTS..MQ.,.K.KSTTS..ML.,141.5148360117773,18
AMP,781.0,P....TTS.SML.,.K.KSTTS..ML.,60.78881552339036,17
AMP,781.0,P....TTSKS..D,.K.KSTTS..ML.,93.79308646496658,18
AMP,781.0,P...H...KS.LD,.K.KSTTS..ML.,96.79053428072046,18
AMP,781.0,P...H..SKSMLD,.K.KSTTS..ML.,50.8598145773255,18
AMP,781.0,P...H.T.KSMLD,.K.KSTTS..ML.,92.58517496627711,17
AMP,781.0,P...H.T.KSMLD,P...H.T..SMLD,10.480589166190843,1
AMP,781.0,P...HT..KCMLD,.K.KSTTS..ML.,135.9735879394978,18
AMP,781.0,P...HT.SKS..D,.K.KSTTS..ML.,70.90774621596314,18
AMP,781.0,P...HTTS.C..D,.K.KSTTS..ML.,209.55687923833312,48
AMP,781.0,P...HTTS.C..D,P...HTTS.C.LD,1.591036433257333,1
AMP,781.0,P...HTTS.C..D,P...ST.SKC..D,1.7261506415754118,1
AMP,781.0,P...HTTS.C.LD,.K.KSTTS..ML.,44.91968162749692,17
AMP,781.0,P...N..S.SMQ.,.K.KSTTS..ML.,60.57396131918065,18
AMP,781.0,P...N..SKS.QD,.K.KSTTS..ML.,50.93559648636548,18
AMP,781.0,P...NT..KCMQ.,....NT..KCMQ.,1.671938860589004,1
AMP,781.0,P...NT..KCMQ.,.K.KSTTS..ML.,82.61065995946466,16
AMP,781.0,P...NT..KCMQ.,P..KNT..KCMQ.,2.242172795703884,1
AMP,781.0,P...NT.S.SML.,.K.KSTTS..ML.,122.4310532127119,18
AMP,781.0,P...NT.SK.MQ.,.K.KSTTS..ML.,66.2684928881302,18
AMP,781.0,P...NTTS.CMQ.,.K.KSTTS..ML.,139.1279795455698,34
AMP,781.0,P...NTTSK..LD,.K.KSTTS..ML.,59.34285239232425,18
AMP,781.0,P...NTTSKCM.D,.K.KSTTS..ML.,132.90407239780762,18
AMP,781.0,P...S.TS.C.Q.,.K.KSTTS..ML.,98.85045648824598,34
AMP,781.0,P...ST..KCMQD,.K.KSTTS..ML.,71.96214110691186,18
AMP,781.0,P...ST.SKC..D,.K.KSTTS..ML.,44.03517061263266,16
AMP,781.0,P...ST.SKCML.,.K.KSTTS..ML.,53.808028799069646,18
AMP,781.0,P...STT..CMLD,.K.KSTTS..ML.,147.24931610745944,17
AMP,781.0,P...STT..CMLD,P...STT..C.LD,28.793883601197802,1
AMP,781.0,P...STT.KS...,.K.KSTTS..ML.,90.61186058683319,18
AMP,781.0,P...STT.KS.LD,.K.KSTTS..ML.,81.85156970176494,17
AMP,781.0,P...STT.KSMQ.,.K.KSTTS..ML.,55.49018237721627,18
AMP,781.0,P...STTS.SM..,.K.KSTTS..ML.,65.50262561108042,18
AMP,781.0,P...STTSKC.L.,.K.KSTTS..ML.,110.18473194361043,17
AMP,781.0,P...STTSKC.L.,P.L.STTSKC.L.,1.6198629803255076,1
AMP,781.0,P...STTSKS.Q.,.K.KSTTS..ML.,44.16790931750624,18
AMP,781.0,P..K...SKS.QD,.K.KSTTS..ML.,83.45116529018111,18
AMP,781.0,P..K..TS.C...,.K.KSTTS..ML.,190.39810250654944,18
AMP,781.0,P..K.T..KC.QD,.K.KSTTS..ML.,66.86312374638106,17
AMP,781.0,P..K.T..KC.QD,PK.K.T..KC.QD,12.76221902641256,1
AMP,781.0,P..K.T.S.C.L.,.K.KSTTS..ML.,50.04282908517777,17
AMP,781.0,P..K.T.S.SMQD,.K.KSTTS..ML.,127.07298534118583,17
AMP,781.0,P..K.T.S.SMQD,P..KST.S.SMQD,21.001119307328484,1
AMP,781.0,P..K.TT..S.QD,.K.KSTTS..ML.,211.09265840003252,34
AMP,781.0,P..K.TTS..M.D,.K.KSTTS..ML.,63.7325041342164,18
AMP,781.0,P..K.TTSKC..D,.K.KSTTS..ML.,70.15050401944256,18
AMP,781.0,P..KH...KSML.,.K.KSTTS..ML.,81.24562783655935,18
AMP,781.0,P..KH..SKCM.D,.K.KSTTS..ML.,77.36853198515115,18
AMP,781.0,P..KH..SKS.LD,.K.KSTTS..ML.,112.2509505317887,18
AMP,781.0,P..KH.TSKC..D,.K.KSTTS..ML.,54.661670736028874,18
AMP,781.0,P..KHTT..CMQ.,.K.KSTTS..ML.,349.4377400869455,50
AMP,781.0,P..KHTT..S.L.,.K.KSTTS..ML.,75.71869661250581,18
AMP,781.0,P..KHTT..SMLD,.K.KSTTS..ML.,98.45819966314008,34
AMP,781.0,P..KN..S.SMQD,.K.KSTTS..ML.,86.27618922754948,18
AMP,781.0,P..KN.TS.CMQ.,.K.KSTTS..ML.,65.50946691311833,18
AMP,781.0,P..KN.TS.SM..,.K.KSTTS..ML.,76.23775129363337,18
AMP,781.0,P..KNT..KCMQ.,.K.KSTTS..ML.,36.29311392998281,17
AMP,781.0,P..KNT.S.S.L.,.K.KSTTS..ML.,42.98962950967981,17
AMP,781.0,P..KNT.S.SM..,.K.KSTTS..ML.,86.2227548995175,18
AMP,781.0,P..KNTTS.C..D,.K.KSTTS..ML.,58.03205033869847,15
AMP,781.0,P..KNTTS.C..D,P..KN.TS.C..D,12.75003961167004,1
AMP,781.0,P..KNTTS.C..D,P..KNTTS.C.QD,1.9393602934968446,1
AMP,781.0,P..KNTTS.C.LD,.K.KSTTS..ML.,88.36034951919373,15
AMP,781.0,P..KNTTS.C.LD,P..KNTTS.C..D,1.8917816489978172,1
AMP,781.0,P..KNTTS.C.LD,P..KNTTS.C.QD,3.6688462140323512,1
AMP,781.0,P..KNTTS.C.LD,P.VKNTTS.C.LD,13.876364741827372,1
AMP,781.0,P..KNTTS.C.QD,.K.KSTTS..ML.,35.59139408481383,15
AMP,781.0,P..KNTTS.CMQD,.K.KSTTS..ML.,93.17601349642972,17
AMP,781.0,P..KNTTS.CMQD,P..KNTTS.C.QD,2.348908075692203,1
AMP,781.0,P..KST.S...Q.,.K.KSTTS..ML.,57.16572270711374,18
AMP,781.0,P..KST.S.S.L.,.K.KSTTS..ML.,104.51809998333395,17
AMP,781.0,P..KST.S.S.L.,P..KNT.S.S.L.,2.011962905652206,1
AMP,781.0,P..KST.S.SMLD,.K.KSTTS..ML.,111.34751342232887,17
AMP,781.0,P..KST.S.SMLD,P..KST.S.SMQD,21.001119307328484,1
AMP,781.0,P..KSTTS.C.Q.,.K.KSTTS..ML.,91.30446339769502,17
AMP,781.0,P..KSTTS.C.Q.,P..KSTT.KC.Q.,12.145954457491165,1
AMP,781.0,P..KSTTS.S.QD,.K.KSTTS..ML.,109.73553256550598,18
AMP,781.0,P.L.......MQD,.K.KSTTS..ML.,72.0361864920363,17
AMP,781.0,P.L.......MQD,P.LK.....CMQD,4.240062129816918,1
AMP,781.0,P.L......C.L.,.K.KSTTS..ML.,123.00688934969878,18
AMP,781.0,P.L....S.SMQ.,.K.KSTTS..ML.,262.4047502008357,62
AMP,781.0,P.L....S.SMQ.,P.L.H..S.SML.,2.1912646240361817,1
AMP,781.0,P.L...T.KS.Q.,.K.KSTTS..ML.,208.61542493241845,34
AMP,781.0,P.L..T.S.CMLD,.K.KSTTS..ML.,71.06730014213177,18
AMP,781.0,P.L..TT.KCMQD,.K.KSTTS..ML.,95.68298555436898,17
AMP,781.0,P.L..TTS.SML.,.K.KSTTS..ML.,120.07427309108603,17
AMP,781.0,P.L..TTS.SML.,P....TTS.SML.,1.9018745267353911,1
AMP,781.0,P.L.H....SML.,.K.KSTTS..ML.,81.79340407709196,17
AMP,781.0,P.L.H....SML.,P.L.H..S.SML.,1.5222965775216166,1
AMP,781.0,P.L.H...KCM.D,.K.KSTTS..ML.,87.301394322677,17
AMP,781.0,P.L.H...KCM.D,P.L.S...KCM.D,11.086605979948768,1
AMP,781.0,P.L.H...KS.QD,.K.KSTTS..ML.,81.45633462792888,18
AMP,781.0,P.L.H...KSMQ.,.K.KSTTS..ML.,68.52168118006809,18
AMP,781.0,P.L.H..S.SML.,.K.KSTTS..ML.,42.7314236758979,16
AMP,781.0,P.L.H.TS.....,.K.KSTTS..ML.,82.94588463644028,18
AMP,781.0,P.L.HT.S.SM.D,.K.KSTTS..ML.,69.72272655948422,18
AMP,781.0,P.L.HT.SKCM..,.K.KSTTS..ML.,73.50515097583977,18
AMP,781.0,P.L.HTT.KC.LD,.K.KSTTS..ML.,204.91246844662905,34
AMP,781.0,P.L.HTTS.CML.,.K.KSTTS..ML.,63.48264348221579,17
AMP,781.0,P.L.HTTS.CMLD,.K.KSTTS..ML.,112.85181817479247,17
AMP,781.0,P.L.HTTS.CMLD,P.L.HTTS.CML.,1.9589955443688094,1
AMP,781.0,P.L.HTTSK...D,.K.KSTTS..ML.,63.160100758526035,16
AMP,781.0,P.L.HTTSK...D,P.L.HTT.K...D,13.453287689921156,1
AMP,781.0,P.L.HTTSKS..D,.K.KSTTS..ML.,84.4740661742746,17
AMP,781.0,P.L.HTTSKS..D,P.L.HTTSK...D,1.5362433340462895,1
AMP,781.0,P.L.N....C.LD,.K.KSTTS..ML.,57.773704745612974,18
AMP,781.0,P.L.N....CM..,.K.KSTTS..ML.,89.60401384680804,18
AMP,781.0,P.L.N....S..D,.K.KSTTS..ML.,124.92222156561009,18
AMP,781.0,P.L.N.TS.CML.,.K.KSTTS..ML.,58.69402934736231,17
AMP,781.0,P.L.N.TS.CMLD,.K.KSTTS..ML.,83.28795815428496,17
AMP,781.0,P.L.N.TS.CMLD,P.L.N.TS.CML.,1.6707865930151071,1
AMP,781.0,P.L.N.TSKC.Q.,.K.KSTTS..ML.,79.40551323054618,16
AMP,781.0,P.L.N.TSKC.Q.,P.L.H.TSKC.Q.,15.240312499149027,1
AMP,781.0,P.L.N.TSKC.Q.,P.L.N.TSKC.QD,1.849806173260872,1
AMP,781.0,P.L.N.TSKC.QD,.K.KSTTS..ML.,68.24574329513025,31
AMP,781.0,P.L.N.TSKC.QD,P.L.NTTS.C.QD,7.403089521997558,1
AMP,781.0,P.L.N.TSKC.QD,P.V.N.T..C.QD,5.293363218635811,1
AMP,781.0,P.L.NT...S.LD,.K.KSTTS..ML.,63.02688425053762,18
AMP,781.0,P.L.NT.S.S.L.,.K.KSTTS..ML.,141.41086644690188,18
AMP,781.0,P.L.NTT.K.MQD,.K.KSTTS..ML.,167.57093966424176,17
AMP,781.0,P.L.NTT.K.MQD,P.L.NTT.KSMQD,2.0243059266386556,1
AMP,781.0,P.L.NTT.KC...,.K.KSTTS..ML.,67.2987048727331,17
AMP,781.0,P.L.NTT.KCM.D,..L.NTT.KC..D,2.974798183950832,1
AMP,781.0,P.L.NTT.KCM.D,.K.KSTTS..ML.,254.1196600806138,31
AMP,781.0,P.L.NTT.KCM.D,P.L.N.T.KCM.D,18.201634035849306,1
AMP,781.0,P.L.NTT.KCM.D,P.L.NTT.KC...,1.8366228012354828,1
AMP,781.0,P.L.NTT.KSMQD,.K.KSTTS..ML.,138.6200404799576,32
AMP,781.0,P.L.NTTS.SM..,.K.KSTTS..ML.,105.43785130146553,18
AMP,781.0,P.L.NTTSKSMQD,.K.KSTTS..ML.,142.1225990632622,17
AMP,781.0,P.L.NTTSKSMQD,P.L.NTT.KSMQD,2.0243059266386556,1
AMP,781.0,P.L.S....S.QD,.K.KSTTS..ML.,84.89592701860752,18
AMP,781.0,P.L.S..SKC..D,.K.KSTTS..ML.,58.70328242985643,18
AMP,781.0,P.L.S.T..CMLD,.K.KSTTS..ML.,129.93173840826057,16
AMP,781.0,P.L.S.T..CMLD,P.L.S....CMLD,27.656625267812906,1
AMP,781.0,P.L.S.T..CMLD,PKL.S.T..CMLD,3.737353198807221,1
AMP,781.0,P.L.S.TS.SMQ.,.K.KSTTS..ML.,82.72075669400138,17
AMP,781.0,P.L.S.TS.SMQ.,P.L....S.SMQ.,1.5852439861476624,1
AMP,781.0,P.L.S.TSKCM..,.K.KSTTS..ML.,199.66824753783013,49
AMP,781.0,P.L.ST...CMQD,.K.KSTTS..ML.,142.58874362710915,18
AMP,781.0,P.L.ST...SMQ.,.K.KSTTS..ML.,141.48162343160095,17
AMP,781.0,P.L.ST...SMQ.,P.L....S.SMQ.,1.7048647486936366,1
AMP,781.0,P.L.ST.S.C.LD,.K.KSTTS..ML.,69.77212212746701,17
AMP,781.0,P.L.ST.S.C.LD,P.L.ST.SKC.LD,1.7970645502228604,1
AMP,781.0,P.L.ST.S.CM.D,.K.KSTTS..ML.,71.6357548158767,17
AMP,781.0,P.L.ST.S.CML.,.K.KSTTS..ML.,162.65276415204002,18
AMP,781.0,P.L.ST.S.S.Q.,.K.KSTTS..ML.,134.72717332897855,17
AMP,781.0,P.L.ST.S.S.Q.,P.L....S.SMQ.,1.7048647486936366,1
AMP,781.0,P.L.ST.SKC.LD,.K.KSTTS..ML.,43.90984281546068,16
AMP,781.0,P.L.ST.SKSMLD,.K.KSTTS..ML.,193.58968457379012,33
AMP,781.0,P.L.ST.SKSMLD,P.L.ST.SKC.LD,2.1635848104443443,1
AMP,781.0,P.L.STT..S...,.K.KSTTS..ML.,63.416501969830335,18
AMP,781.0,P.L.STTS..MQ.,.K.KSTTS..ML.,141.0539603138496,18
AMP,781.0,P.L.STTS.SM.D,.K.KSTTS..ML.,118.87003107222397,18
AMP,781.0,P.L.STTSKC.L.,.K.KSTTS..ML.,79.02603056384888,17
AMP,781.0,P.LK.....S..D,.K.KSTTS..ML.,106.79286612998399,18
AMP,781.0,P.LK.....SMQ.,.K.KSTTS..ML.,202.64068698351863,50
AMP,781.0,P.LK...S.CMQ.,.K.KSTTS..ML.,101.13236503333455,18
AMP,781.0,P.LK..T..SMLD,.K.KSTTS..ML.,166.64780816234537,33
AMP,781.0,P.LK..T..SMLD,P.LK..T..CMLD,11.624892132403126,1
AMP,781.0,P.LK..T.KCMLD,.K.KSTTS..ML.,72.05623361858461,17
AMP,781.0,P.LK..T.KCMLD,P.LK..T..CMLD,10.075248563890835,1
AMP,781.0,P.LK.T..KCM..,.K.KSTTS..ML.,78.31616247361852,18
AMP,781.0,P.LK.T.SKS.L.,.K.KSTTS..ML.,45.49197255217831,17
AMP,781.0,P.LK.T.SKS.L.,P.LKNT.SKS.L.,11.30689201998503,1
AMP,781.0,P.LK.T.SKSM..,.K.KSTTS..ML.,32.317252395389374,18
AMP,781.0,P.LK.TT....LD,.K.KSTTS..ML.,75.16117761486443,17
AMP,781.0,P.LK.TT.KS...,.K.KSTTS..ML.,125.79466758999823,17
AMP,781.0,P.LK.TT.KS...,P.LKSTT.KS...,17.6061723457092,1
AMP,781.0,P.LK.TTS..MLD,.K.KSTTS..ML.,55.81665698603677,16
AMP,781.0,P.LK.TTS..MLD,P.LK.TTS.CMLD,8.33355504936045,1
AMP,781.0,P.LK.TTS.S.QD,.K.KSTTS..ML.,661.7985343838159,96
AMP,781.0,P.LK.TTS.S.QD,P.LK.TTS..MLD,2.150671101265286,1
AMP,781.0,P.LK.TTS.S.QD,P.V..TTS.SMQD,2.6692246602795424,1
AMP,781.0,P.LKH..S.S.LD,.K.KSTTS..ML.,80.45596908241927,18
AMP,781.0,P.LKH..SKC..D,.K.KSTTS..ML.,81.6880640586797,18
AMP,781.0,P.LKH.T..S.L.,.K.KSTTS..ML.,87.04265402291465,17
AMP,781.0,P.LKH.T.KC...,.K.KSTTS..ML.,86.50487260791193,18
AMP,781.0,P.LKH.T.KSMLD,.K.KSTTS..ML.,71.17988802588079,18
AMP,781.0,P.LKH.TS..MQD,.K.KSTTS..ML.,42.573660600652325,18
AMP,781.0,P.LKHT...C.Q.,.K.KSTTS..ML.,86.78717656107005,18
AMP,781.0,P.LKHT...CMQD,.K.KSTTS..ML.,50.577999779193085,17
AMP,781.0,P.LKHT...CMQD,P.LKHT....MQD,12.79889813853808,1
AMP,781.0,P.LKHT...S.LD,.K.KSTTS..ML.,114.63787617682053,18
AMP,781.0,P.LKHTT..C...,.K.KSTTS..ML.,80.92530894148877,18
AMP,781.0,P.LKHTT.KCMQ.,.K.KSTTS..ML.,113.21933051572056,17
AMP,781.0,P.LKHTT.KCMQ.,P.LKHTT.KSMQ.,25.409449119388224,1
AMP,781.0,P.LKHTT.KS.LD,.K.KSTTS..ML.,55.36807759878306,18
AMP,781.0,P.LKHTTSKSM.D,.K.KSTTS..ML.,73.96567223916016,18
AMP,781.0,P.LKN..S.SM.D,.K.KSTTS..ML.,77.8421017609813,16
AMP,781.0,P.LKN..S.SM.D,P.LKN..S.CM.D,10.655820416227966,1
AMP,781.0,P.LKN..SKCML.,.K.KSTTS..ML.,139.5083631112707,17
AMP,781.0,P.LKN..SKCML.,P.VKN.TSKCMLD,2.4841458044902813,1
AMP,781.0,P.LKNT....MQD,.K.KSTTS..ML.,56.83874097347948,17
AMP,781.0,P.LKNT....MQD,P.LKHT....MQD,11.181317956527904,1
AMP,781.0,P.LKNT.SK..L.,.K.KSTTS..ML.,63.48020533874623,17
AMP,781.0,P.LKNT.SK..L.,P.LKNT.SKS.L.,9.707467229425976,1
AMP,781.0,P.LKNT.SK.MLD,.K.KSTTS..ML.,113.31622194954905,18
AMP,781.0,P.LKNT.SKSML.,.K.KSTTS..ML.,107.02898920799073,17
AMP,781.0,P.LKNT.SKSML.,P.LKNT.SKS.L.,28.267740569508167,1
AMP,781.0,P.LKNTT....L.,.K.KSTTS..ML.,59.09026097975732,18
AMP,781.0,P.LKNTT..SM.D,.K.KSTTS..ML.,27.207870545551682,18
AMP,781.0,P.LKS....CM.D,.K.KSTTS..ML.,126.16984472883374,34
AMP,781.0,P.LKS....S.Q.,.K.KSTTS..ML.,78.71049652830436,17
AMP,781.0,P.LKS...KC...,.K.KSTTS..ML.,98.86217126803598,18
AMP,781.0,P.LKS..S.CMQD,..LKS..S.CMQD,2.2232747162894406,1
AMP,781.0,P.LKS..S.CMQD,.K.KSTTS..ML.,111.03433475584342,17
AMP,781.0,P.LKS.T..S.Q.,.K.KSTTS..ML.,135.4295529698515,17
AMP,781.0,P.LKS.T..S.Q.,P.LKS....S.Q.,1.7108740147015438,1
AMP,781.0,P.LKS.TS..MQ.,.K.KSTTS..ML.,63.28051118700136,18
AMP,781.0,P.LKS.TS.CM..,.K.KSTTS..ML.,57.67330864538863,18
AMP,781.0,P.LKST....MQ.,.K.KSTTS..ML.,71.01120576133744,17
AMP,781.0,P.LKST.S.SMQD,.K.KSTTS..ML.,81.7639027545772,17
AMP,781.0,P.LKST.S.SMQD,P..KST.S.SMQD,14.53694490177334,1
AMP,781.0,P.LKST.SK.M.D,.K.KSTTS..ML.,91.03299898970997,18
AMP,781.0,P.LKST.SKCMQ.,.K.KSTTS..ML.,134.23447553540666,18
AMP,781.0,P.LKSTT.KC..D,.K.KSTTS..ML.,71.3352572307139,18
AMP,781.0,P.LKSTTS.....,.K.KSTTS..ML.,81.21090122406324,18
AMP,781.0,P.LKSTTS.S..D,.K.KSTTS..ML.,86.9755437549922,18
AMP,781.0,P.V....S.C.L.,.K.KSTTS..ML.,66.48156683447185,18
AMP,781.0,P.V....SKCMQD,.K.KSTTS..ML.,65.49713495163381,18
AMP,781.0,P.V...T.KS.LD,.K.KSTTS..ML.,99.56047940837735,18
AMP,781.0,P.V...T.KSMQD,.K.KSTTS..ML.,86.41013829390397,18
AMP,781.0,P.V...TSK...D,.K.KSTTS..ML.,248.29287878386748,76
AMP,781.0,P.V...TSK...D,.KV.N.TSK....,11.874225082250607,1
AMP,781.0,P.V...TSK...D,PKV..TTSK...D,5.854827328723355,1
AMP,781.0,P.V...TSK...D,PKVKN.TSKC...,10.162734126266619,1
AMP,781.0,P.V..T...C.L.,.K.KSTTS..ML.,138.84976741931268,18
AMP,781.0,P.V..T...SMQ.,.K.KSTTS..ML.,90.75679684595993,16
AMP,781.0,P.V..T...SMQ.,P....T...SMQ.,1.818294623619077,1
AMP,781.0,P.V..T...SMQ.,PKV..T...SMQ.,2.459737283193121,1
AMP,781.0,P.V..T..KC.QD,.K.KSTTS..ML.,59.55839356631063,17
AMP,781.0,P.V..T.S.S.Q.,.K.KSTTS..ML.,105.09998352007828,16
AMP,781.0,P.V..T.S.S.Q.,P.V..T.S.S.L.,18.851711049343066,1
AMP,781.0,P.V..T.S.S.Q.,PKV..T...S.Q.,37.67124098853541,1
AMP,781.0,P.V..T.S.SMLD,.K.KSTTS..ML.,144.75895213608877,18
AMP,781.0,P.V..TT..CMQ.,.K.KSTTS..ML.,257.06834377933734,33
AMP,781.0,P.V..TT..SMQD,.K.KSTTS..ML.,78.97888640186397,16
AMP,781.0,P.V..TT..SMQD,P.V..TT..SM.D,15.676557869603274,1
AMP,781.0,P.V..TT..SMQD,P.V..TTS.SMQD,1.9395783464157559,1
AMP,781.0,P.V..TT.KSM.D,..V..TT.KSM.D,2.293275807899785,1
AMP,781.0,P.V..TT.KSM.D,.K.KSTTS..ML.,75.41992933049794,14
AMP,781.0,P.V..TT.KSM.D,P....TT.KSM.D,23.811258415877806,1
AMP,781.0,P.V..TT.KSM.D,P.V..TT..SM.D,21.573892558230753,1
AMP,781.0,P.V..TT.KSM.D,P.VK.TT.KSM.D,21.443568750891842,1
AMP,781.0,P.V..TTS.SMQD,.K.KSTTS..ML.,37.482520452337816,16
AMP,781.0,P.V.H....SMLD,.K.KSTTS..ML.,70.82775915814383,18
AMP,781.0,P.V.H...KCMQD,.K.KSTTS..ML.,54.74226058423688,18
AMP,781.0,P.V.H..S.....,.K.KSTTS..ML.,381.3114845015973,62
AMP,781.0,P.V.H..S.....,P.V.H..S.S...,1.679343994083055,1
AMP,781.0,P.V.H..S.....,P.V.N..S.....,1.7715668464562133,1
AMP,781.0,P.V.H..S.CMLD,.K.KSTTS..ML.,111.05858864853619,33
AMP,781.0,P.V.H..S.CMLD,P.V.HT.S.C.LD,11.709864515328402,1
AMP,781.0,P.V.H..S.S...,.K.KSTTS..ML.,39.056556810620435,17
AMP,781.0,P.V.H..SKC.Q.,.K.KSTTS..ML.,53.54789673028115,17
AMP,781.0,P.V.H..SKC.Q.,P.L.H.TSKC.Q.,6.53106965566717,1
AMP,781.0,P.V.H..SKS.QD,.K.KSTTS..ML.,51.1226801536982,17
AMP,781.0,P.V.H.TS....D,.K.KSTTS..ML.,134.79628449662067,18
AMP,781.0,P.V.H.TSKS.QD,.K.KSTTS..ML.,89.30254704945607,17
AMP,781.0,P.V.H.TSKS.QD,P.V.H..SKS.QD,1.8925014867248806,1
AMP,781.0,P.V.HT..KC..D,.K.KSTTS..ML.,83.68929159842132,17
AMP,781.0,P.V.HT..KS.QD,.K.KSTTS..ML.,58.66343680343708,18
AMP,781.0,P.V.HT.S.C...,.K.KSTTS..ML.,67.10462194205505,17
AMP,781.0,P.V.HT.S.C...,P.V.HT.S.C.Q.,15.39147932747061,1
AMP,781.0,P.V.HT.SKS...,.K.KSTTS..ML.,67.65203798749265,18
AMP,781.0,P.V.HTT..S..D,.K.KSTTS..ML.,99.31549364385306,18
AMP,781.0,P.V.HTT..SML.,.K.KSTTS..ML.,148.10849111930375,33
AMP,781.0,P.V.HTT..SML.,P.L.HTT..SML.,14.976161523010163,1
AMP,781.0,P.V.HTTS.S.LD,.K.KSTTS..ML.,53.362170450982056,17
AMP,781.0,P.V.HTTS.S.LD,P.V.HTTSKS.LD,6.764830164348102,1
AMP,781.0,P.V.N....CML.,.K.KSTTS..ML.,104.1539505718537,18
AMP,781.0,P.V.N..S.....,.K.KSTTS..ML.,80.03451973880803,16
AMP,781.0,P.V.N..S.....,P.V.NT.S.....,7.194826725580175,1
AMP,781.0,P.V.N.TSK..L.,.K.KSTTS..ML.,50.161611114922046,18
AMP,781.0,P.V.N.TSKSMQD,.K.KSTTS..ML.,136.18338822505842,34
AMP,781.0,P.V.NT...SMLD,.K.KSTTS..ML.,91.86280303840458,18
AMP,781.0,P.V.NT..KS.Q.,.K.KSTTS..ML.,123.31885020336246,18
AMP,781.0,P.V.NT.S.C..D,.K.KSTTS..ML.,81.1497701572202,18
AMP,781.0,P.V.NT.S.S.QD,.K.KSTTS..ML.,80.75262047006807,18
AMP,781.0,P.V.NT.S.SM.D,.K.KSTTS..ML.,80.6449269065426,17
AMP,781.0,P.V.NT.S.SM.D,P.V.NTTS.SM.D,13.706068786550771,1
AMP,781.0,P.V.NTT.KC.Q.,.K.KSTTS..ML.,150.05083684395794,18
AMP,781.0,P.V.NTTSKCML.,.K.KSTTS..ML.,82.59927815631033,17
AMP,781.0,P.V.NTTSKCMQ.,.K.KSTTS..ML.,115.46021441778741,17
AMP,781.0,P.V.NTTSKCMQ.,P.V.NTTSKCML.,1.6077094539347905,1
AMP,781.0,P.V.S...KSMQ.,.K.KSTTS..ML.,57.48053406830434,17
AMP,781.0,P.V.S...KSMQ.,P.V.S.T.KSMQ.,9.557751065560723,1
AMP,781.0,P.V.S..S....D,.K.KSTTS..ML.,76.59735888907424,18
AMP,781.0,P.V.ST...S.LD,.K.KSTTS..ML.,50.98886982762533,17
AMP,781.0,P.V.ST..K.MQD,.K.KSTTS..ML.,109.3418262320513,17
AMP,781.0,P.V.ST..K.MQD,PKV..T..K..QD,2.0838005317363866,1
AMP,781.0,P.V.ST..KS.LD,.K.KSTTS..ML.,118.2310995096471,16
AMP,781.0,P.V.ST..KS.LD,P.V.ST...S.LD,2.2577334562587983,1
AMP,781.0,P.V.ST..KS.LD,P.VKST..KSMLD,1.810709489574768,1
AMP,781.0,P.V.ST.S..M.D,.K.KSTTS..ML.,88.78024798196583,18
AMP,781.0,P.V.ST.SK.MQ.,.K.KSTTS..ML.,77.97682202742597,18
AMP,781.0,P.V.ST.SKCM..,.K.KSTTS..ML.,87.50298700558257,16
AMP,781.0,P.V.ST.SKCM..,P.L.S.TSKCM..,1.8086319291766235,1
AMP,781.0,P.V.ST.SKCM..,P.V.NT.SKCM..,17.46509663286518,1
AMP,781.0,P.V.ST.SKCMQD,.K.KSTTS..ML.,84.74802841558878,18
AMP,781.0,P.V.STT.K.M..,.K.KSTTS..ML.,65.97249657352842,17
AMP,781.0,P.V.STT.KCM..,.K.KSTTS..ML.,244.72970733256614,33
AMP,781.0,P.V.STT.KCM..,P.V.STT.K.M..,1.9690309524326541,1
AMP,781.0,P.V.STTSK...D,.K.KSTTS..ML.,74.40382445984288,18
AMP,781.0,P.V.STTSKSM..,.K.KSTTS..ML.,86.91829208427917,18
AMP,781.0,P.VK.....CM.D,.K.KSTTS..ML.,166.04583811423637,18
AMP,781.0,P.VK..T..SML.,.K.KSTTS..ML.,78.8429805131183,18
AMP,781.0,P.VK..TSK.M..,.K.KSTTS..ML.,1399.1540677685132,164
AMP,781.0,P.VK..TSK.M..,P.V...TSK...D,6.778004183840551,3
AMP,781.0,P.VK..TSK.M..,P.V.H..S.....,2.185365407591041,1
AMP,781.0,P.VK..TSK.M..,P.VKH.TSK....,23.187673852149167,1
AMP,781.0,P.VK..TSK.M..,PK.KH.TSKS...,3.2257439579256206,1
AMP,781.0,P.VK..TSK.M..,PKLK..TSK.M..,2.773977584823482,1
AMP,781.0,P.VK..TSK.M..,PKVK..TSK..L.,21.795186927048466,1
AMP,781.0,P.VK..TSK.M..,PKVK..TSK.MQ.,1.6736913305208623,1
AMP,781.0,P.VK..TSK.M..,PKVKHTTSK....,3.6937585209722426,1
AMP,781.0,P.VK.T..KC..D,.K.KSTTS..ML.,266.40066437023097,32
AMP,781.0,P.VK.T..KC..D,P.V..T..KC.QD,2.1703956253843186,1
AMP,781.0,P.VK.T..KC..D,P.V.HT..KC..D,1.7923869004257391,1
AMP,781.0,P.VK.T.S.C.L.,.K.KSTTS..ML.,115.48396197202582,17
AMP,781.0,P.VK.T.S.C.L.,P..K.T.S.C.L.,2.720499030924343,1
AMP,781.0,P.VK.TT.KC.Q.,.K.KSTTS..ML.,89.31611619880223,17
AMP,781.0,P.VK.TT.KC.Q.,P.VK.TT.KCMQ.,16.552165196710977,1
AMP,781.0,P.VK.TT.KCML.,.K.KSTTS..ML.,93.65297790838693,17
AMP,781.0,P.VK.TT.KCML.,P.VK.TT.KCMQ.,24.64838842343697,1
AMP,781.0,P.VKH..SK....,.K.KSTTS..ML.,174.5636178336287,14
AMP,781.0,P.VKH..SK....,P.V.H..S.....,2.122050219028142,1
AMP,781.0,P.VKH..SK....,P.VKH..SK...D,1.61940775115851,1
AMP,781.0,P.VKH..SK....,P.VKH.TSK....,23.187673852149167,1
AMP,781.0,P.VKH..SK....,P.VKN..SK....,3.863861584794229,1
AMP,781.0,P.VKH..SK...D,..VKH..SK...D,2.270421878015641,1
AMP,781.0,P.VKH..SK...D,.K.KSTTS..ML.,122.2829297136085,16
AMP,781.0,P.VKH.TSKS.Q.,.K.KSTTS..ML.,125.15472708275318,33
AMP,781.0,P.VKH.TSKS.Q.,P.VKS.TSKSMQ.,10.652275998755028,1
AMP,781.0,P.VKHT..KC.LD,.K.KSTTS..ML.,124.5210025255224,18
AMP,781.0,P.VKHT.S...QD,.K.KSTTS..ML.,154.2841942594386,18
AMP,781.0,P.VKHT.S.S..D,.K.KSTTS..ML.,122.7214103090145,18
AMP,781.0,P.VKHTT...ML.,.K.KSTTS..ML.,107.72198800872434,18
AMP,781.0,P.VKHTT.KSM..,.K.KSTTS..ML.,55.803800022413284,16
AMP,781.0,P.VKHTT.KSM..,P.LKHTT.KSMQ.,8.356927969843136,1
AMP,781.0,P.VKHTT.KSM..,P.VKH.T.KSM..,12.505594147924441,1
AMP,781.0,P.VKHTTS...L.,.K.KSTTS..ML.,80.69425226599027,16
AMP,781.0,P.VKHTTS...L.,P.VKH.TS...L.,17.903994680200192,1
AMP,781.0,P.VKHTTS...L.,P.VKNTTS.C.L.,1.954889773354719,1
AMP,781.0,P.VKHTTSK.MLD,.K.KSTTS..ML.,99.26128135274065,18
AMP,781.0,P.VKN..S.C.LD,.K.KSTTS..ML.,86.48254679056751,18
AMP,781.0,P.VKN..S.S..D,.K.KSTTS..ML.,68.97060818500177,17
AMP,781.0,P.VKN..S.SM..,.K.KSTTS..ML.,70.37869786079074,17
AMP,781.0,P.VKN..S.SM.D,.K.KSTTS..ML.,118.9075684772526,15
AMP,781.0,P.VKN..S.SM.D,P.LKN..S.SM.D,1.7956025094126395,1
AMP,781.0,P.VKN..S.SM.D,P.VKN..S.S..D,1.818294623619077,1
AMP,781.0,P.VKN..S.SM.D,P.VKN..S.SM..,2.199972652574355,1
AMP,781.0,P.VKN..SK....,.K.KSTTS..ML.,47.87592191964976,16
AMP,781.0,P.VKN..SK....,P.VKN..SK.M..,8.611063204253982,1
AMP,781.0,P.VKN.T.KC.LD,.K.KSTTS..ML.,143.38061321479495,34
AMP,781.0,P.VKN.T.KSMQD,.K.KSTTS..ML.,92.67072953123048,18
AMP,781.0,P.VKN.TS....D,.K.KSTTS..ML.,129.91472286718272,34
AMP,781.0,P.VKN.TS.SMQ.,.K.KSTTS..ML.,363.6497317171283,66
AMP,781.0,P.VKN.TSKC..D,.K.KSTTS..ML.,107.70584897331636,18
AMP,781.0,P.VKN.TSKCMLD,.K.KSTTS..ML.,274.32276290015125,78
AMP,781.0,P.VKN.TSKCMLD,P.LKN..S.CM.D,8.323466876645965,1
AMP,781.0,P.VKNT..KC.L.,.K.KSTTS..ML.,70.20015804546478,18
AMP,781.0,P.VKNT..KC.QD,.K.KSTTS..ML.,89.49262134587352,18
AMP,781.0,P.VKNT..KCM..,.K.KSTTS..ML.,68.89962643602108,18
AMP,781.0,P.VKNT.S...Q.,.K.KSTTS..ML.,76.50965014170532,17
AMP,781.0,P.VKNTTS.C.L.,.K.KSTTS..ML.,192.3299961851932,61
AMP,781.0,P.VKNTTS.C.L.,P.VKNTTS.C.LD,12.330435663725392,2
AMP,781.0,P.VKNTTS.CM.D,.K.KSTTS..ML.,41.7728749016094,18
AMP,781.0,P.VKNTTS.S.LD,.K.KSTTS..ML.,102.05369738211041,16
AMP,781.0,P.VKNTTS.S.LD,P.VKNTTS.C.L.,2.117998146672883,1
AMP,781.0,P.VKNTTS.S.LD,P.VKNTTS.C.LD,13.876364741827372,1
AMP,781.0,P.VKS...KS.Q.,.K.KSTTS..ML.,87.63018770005631,18
AMP,781.0,P.VKS..S.CML.,.K.KSTTS..ML.,187.92109793437228,33
AMP,781.0,P.VKS..S.CML.,P.V.S..S.CML.,30.631194015731154,1
AMP,781.0,P.VKS..S.SMQD,.K.KSTTS..ML.,63.444231408107214,18
AMP,781.0,P.VKS.T.KC.Q.,.K.KSTTS..ML.,96.39734187488826,18
AMP,781.0,P.VKS.T.KCM.D,..VKS...KCMLD,13.657852275459021,1
AMP,781.0,P.VKS.T.KCM.D,.K.KSTTS..ML.,257.8204256546585,65
AMP,781.0,P.VKS.TSK...D,.K.KSTTS..ML.,204.54832211257946,50
AMP,781.0,P.VKST.....Q.,.K.KSTTS..ML.,72.76700006912323,17
AMP,781.0,P.VKST....MQ.,.K.KSTTS..ML.,141.04852157157583,16
AMP,781.0,P.VKST....MQ.,P.LKST....MQ.,2.098250626302555,1
AMP,781.0,P.VKST....MQ.,P.VKST.....Q.,2.243901422509735,1
AMP,781.0,P.VKST..KSMLD,.K.KSTTS..ML.,159.325846035327,33
AMP,781.0,P.VKST.SKSM.D,.K.KSTTS..ML.,110.67414233444858,17
AMP,781.0,P.VKST.SKSM.D,PKVKST.SKSM.D,22.29471878453726,1
AMP,781.0,P.VKSTT..CMLD,.K.KSTTS..ML.,71.11419452152704,17
AMP,781.0,P.VKSTT..CMLD,P.VK.TT..CMLD,16.07945830777355,1
AMP,781.0,P.VKSTT.K..Q.,.K.KSTTS..ML.,41.53523920782094,17
AMP,781.0,P.VKSTT.KS.Q.,.K.KSTTS..ML.,186.2515877450582,33
AMP,781.0,P.VKSTT.KS.Q.,P.VKSTT.K..Q.,2.046846928638489,1
AMP,781.0,P.VKSTTSK..L.,.K.KSTTS..ML.,49.842462921869384,18
AMP,781.0,P.VKSTTSKCM..,.K.KSTTS..ML.,121.31821497032966,17
AMP,781.0,P.VKSTTSKCM..,PKVKSTTSKCM..,2.459737283193121,1
AMP,781.0,PK......KCMQD,.K.KSTTS..ML.,99.27125042691651,18
AMP,781.0,PK....T.KC..D,.K.KSTTS..ML.,97.81234036309975,18
AMP,781.0,PK....TS.C.QD,.K.KSTTS..ML.,131.4705715030446,18
AMP,781.0,PK...T...CMLD,.K.KSTTS..ML.,454.0952979220781,63
AMP,781.0,PK...T...CMLD,.KV.ST...SM.D,19.94248078946765,1
AMP,781.0,PK...T...CMLD,PK..ST...CM.D,1.5830263321655562,1
AMP,781.0,PK...T...CMLD,PK..ST..KSMLD,20.55903074963388,1
AMP,781.0,PK...T..KS.QD,.K.KSTTS..ML.,142.10764066912483,15
AMP,781.0,PK...T..KS.QD,PK...T..KS.Q.,24.250092511958208,1
AMP,781.0,PK...T..KS.QD,PK..HT..KS.QD,24.193132639819986,1
AMP,781.0,PK...T..KS.QD,PKV..T..K..QD,2.6673473854654386,1
AMP,781.0,PK...T.SKS..D,.K.KSTTS..ML.,86.8867266179101,16
AMP,781.0,PK...TT..C.L.,.K.KSTTS..ML.,916.1783594199345,125
AMP,781.0,PK...TT..C.L.,PKL...T..S.L.,1.9444560567698763,1
AMP,781.0,PK...TT..C.L.,PKL.STT....Q.,4.402955821344596,2
AMP,781.0,PK...TT..C.L.,PKL.STTS.C.L.,2.375968914080914,1
AMP,781.0,PK...TT..C.L.,PKV..TT..S.L.,16.579063943955124,1
AMP,781.0,PK...TTS...LD,.K.KSTTS..ML.,153.45033376085058,17
AMP,781.0,PK...TTS...LD,PK..NTTS...LD,2.1045061889897494,1
AMP,781.0,PK...TTS.CMLD,.K.KSTTS..ML.,89.06556114630908,17
AMP,781.0,PK...TTS.CMLD,PKL..TTS.CMLD,26.60982779594765,1
AMP,781.0,PK...TTS.S.L.,.K.KSTTS..ML.,121.8939218160267,18
AMP,781.0,PK...TTS.SMQ.,.K.KSTTS..ML.,131.3674420966454,18
AMP,781.0,PK..H..S.C.L.,.K.KSTTS..ML.,133.35461720081562,18
AMP,781.0,PK..H.T.KS..D,.K.KSTTS..ML.,56.280213350056,17
AMP,781.0,PK..H.TSKS.QD,.K.KSTTS..ML.,83.00349715152426,18
AMP,781.0,PK..HT...CML.,.K.KSTTS..ML.,76.65447484576885,16
AMP,781.0,PK..HT...CML.,PK.KHT...CML.,14.858665228634885,1
AMP,781.0,PK..HT.SK.MQD,.K.KSTTS..ML.,67.22941892225363,17
AMP,781.0,PK..HT.SKSMQD,.K.KSTTS..ML.,129.49088726396621,17
AMP,781.0,PK..HT.SKSMQD,PK..HT.SK.MQD,2.262795040453028,1
AMP,781.0,PK..HTT..C.Q.,.K.KSTTS..ML.,86.36116911601229,17
AMP,781.0,PK..HTT..C.Q.,PKV.HTT..C.Q.,10.232115224613402,1
AMP,781.0,PK..HTT.KC.QD,.K.KSTTS..ML.,128.95991656895413,18
AMP,781.0,PK..HTT.KS.L.,.K.KSTTS..ML.,963.7962760976154,141
AMP,781.0,PK..HTT.KS.L.,PK.KSTT.KC.L.,17.15768748297994,1
AMP,781.0,PK..HTT.KS.L.,PKL.NTT.KC.Q.,17.046165651787465,1
AMP,781.0,PK..HTT.KS.L.,PKV.HTT..C.Q.,16.835231127932897,1
AMP,781.0,PK..HTTS.S..D,.K.KSTTS..ML.,72.70691764493012,17
AMP,781.0,PK..HTTSKCMQD,.K.KSTTS..ML.,202.948255353244,34
AMP,781.0,PK..N..SKC..D,.K.KSTTS..ML.,87.64347115872849,18
AMP,781.0,PK..N..SKS.L.,.K.KSTTS..ML.,89.00481317993686,18
AMP,781.0,PK..N.T..S..D,.K.KSTTS..ML.,76.9341909534487,18
AMP,781.0,PK..NT..KCMLD,.K.KSTTS..ML.,258.0388880868951,34
AMP,781.0,PK..NT.SKS.Q.,.K.KSTTS..ML.,144.36768273382592,18
AMP,781.0,PK..NTT..CMQD,.K.KSTTS..ML.,121.66635049280455,18
AMP,781.0,PK..NTTS...LD,.K.KSTTS..ML.,66.03428205531566,17
AMP,781.0,PK..S...KSMLD,.K.KSTTS..ML.,64.76403524929945,17
AMP,781.0,PK..S...KSMLD,PK..ST..KSMLD,9.809770657917507,1
AMP,781.0,PK..S.T.KSMQ.,.K.KSTTS..ML.,62.72190409410331,18
AMP,781.0,PK..S.TS.SMQD,.K.KSTTS..ML.,80.61852088450297,18
AMP,781.0,PK..ST...CM.D,.K.KSTTS..ML.,56.02288405431686,15
AMP,781.0,PK..ST...CM.D,PK..ST...CM..,9.86115111772801,1
AMP,781.0,PK..ST..KCM.D,.K.KSTTS..ML.,126.3991086167178,17
AMP,781.0,PK..ST..KCM.D,PK..ST...CM.D,1.5830263321655562,1
AMP,781.0,PK..ST.S..MQD,.K.KSTTS..ML.,152.81948897123425,18
AMP,781.0,PK..ST.SKC..D,.K.KSTTS..ML.,132.4615784272378,17
AMP,781.0,PK..ST.SKC..D,P...ST.SKC..D,2.930918753666496,1
AMP,781.0,PK..STT.K.MLD,.K.KSTTS..ML.,66.4533517685537,18
AMP,781.0,PK..STT.KSMQD,.K.KSTTS..ML.,153.6636514845326,18
AMP,781.0,PK..STTSK.M.D,.K.KSTTS..ML.,72.2500172386855,18
AMP,781.0,PK.K...S.CML.,.K.KSTTS..ML.,86.30763829830504,17
AMP,781.0,PK.K..T..CMQ.,.K.KSTTS..ML.,61.49600881730513,17
AMP,781.0,PK.K..T..SMQ.,.K.KSTTS..ML.,132.80932772290984,17
AMP,781.0,PK.K..T..SMQ.,PK.K..T..CMQ.,2.0425756322364514,1
AMP,781.0,PK.K..TS.CMQD,.K.KSTTS..ML.,127.29763083729691,18
AMP,781.0,PK.K.T..KC..D,.K.KSTTS..ML.,148.16547848107956,17
AMP,781.0,PK.K.T..KC..D,PK.K.T..KC.QD,28.878285918141607,1
AMP,781.0,PK.K.T..KS.L.,.K.KSTTS..ML.,260.0162310718472,32
AMP,781.0,PK.K.T..KS.L.,PK...T..KS.Q.,24.250092511958208,1
AMP,781.0,PK.K.T..KS.L.,PKVK.T..KS.Q.,4.127531788338424,1
AMP,781.0,PK.K.TT..CM.D,.K.KSTTS..ML.,63.38452386975954,16
AMP,781.0,PK.K.TT.KC...,.K.KSTTS..ML.,115.92642741983849,17
AMP,781.0,PK.K.TT.KC...,PK.KSTT.KC...,26.45804896360959,1
AMP,781.0,PK.K.TT.KCML.,.K.KSTTS..ML.,127.8100184703724,18
AMP,781.0,PK.K.TTS.C.QD,.K.KSTTS..ML.,114.90796660658503,18
AMP,781.0,PK.K.TTS.CM.D,.K.KSTTS..ML.,107.47655361673148,17
AMP,781.0,PK.K.TTS.CM.D,PK.K.TT..CM.D,1.6855225926044115,1
AMP,781.0,PK.KH...KC.LD,.K.KSTTS..ML.,140.82903407905252,34
AMP,781.0,PK.KH.T..C.QD,.K.KSTTS..ML.,129.02764530239122,18
AMP,781.0,PK.KH.T.KCMQD,.K.KSTTS..ML.,70.87617432622406,17
AMP,781.0,PK.KH.T.KCMQD,PK.KHTT.KCMQD,14.424638868154876,1
AMP,781.0,PK.KH.TSKS...,.K.KSTTS..ML.,93.96085694606404,33
AMP,781.0,PK.KH.TSKSMQD,.K.KSTTS..ML.,90.90540383324439,17
AMP,781.0,PK.KH.TSKSMQD,PK.KH.TSKSMLD,12.749593751551329,1
AMP,781.0,PK.KHT...SMLD,.K.KSTTS..ML.,129.01190347274314,17
AMP,781.0,PK.KHT...SMLD,PKLKHT...SMLD,1.7037201670288211,1
AMP,781.0,PK.KHT.SK.ML.,.K.KSTTS..ML.,63.30658356188899,18
AMP,781.0,PK.KHTTS.S.LD,.K.KSTTS..ML.,76.22291118445726,17
AMP,781.0,PK.KHTTS.SML.,.K.KSTTS..ML.,82.6018060110317,17
AMP,781.0,PK.KHTTS.SML.,P..KHTTS.SML.,9.458758638398,1
AMP,781.0,PK.KN...KS.L.,.K.KSTTS..ML.,68.52264186443841,18
AMP,781.0,PK.KN..S.SM..,.K.KSTTS..ML.,41.37945749103169,18
AMP,781.0,PK.KN..SKCMQ.,.K.KSTTS..ML.,81.52822491405976,18
AMP,781.0,PK.KN.T.KS.LD,.K.KSTTS..ML.,45.519956262750775,18
AMP,781.0,PK.KN.TS.SMQD,.K.KSTTS..ML.,108.8578574914362,18
AMP,781.0,PK.KN.TSKCMLD,.K.KSTTS..ML.,68.49525902257137,18
AMP,781.0,PK.KNT..KC.Q.,.K.KSTTS..ML.,84.79576117073198,18
AMP,781.0,PK.KNT.S..MQD,.K.KSTTS..ML.,58.54632740385566,18
AMP,781.0,PK.KNT.S.C...,.K.KSTTS..ML.,115.2581739048514,17
AMP,781.0,PK.KNT.S.C...,PK.KST.S.C...,1.898738157632854,1
AMP,781.0,PK.KNTTS.C.L.,.K.KSTTS..ML.,137.3341578644125,18
AMP,781.0,PK.KNTTSK..Q.,.K.KSTTS..ML.,54.32978905604638,17
AMP,781.0,PK.KNTTSK.MQD,.K.KSTTS..ML.,78.10162636593222,18
AMP,781.0,PK.KNTTSKC.Q.,.K.KSTTS..ML.,73.48933898231041,17
AMP,781.0,PK.KNTTSKC.Q.,PK.KNTTSK..Q.,1.8316083141690414,1
AMP,781.0,PK.KS.TS.....,.K.KSTTS..ML.,65.88348270922957,17
AMP,781.0,PK.KS.TS.....,PK....TS.....,6.567433567793967,1
AMP,781.0,PK.KS.TS.S.LD,.K.KSTTS..ML.,88.73497702090874,18
AMP,781.0,PK.KS.TSKCM.D,.K.KSTTS..ML.,84.22840018581432,17
AMP,781.0,PK.KS.TSKCM.D,PKVKS.TSKCM.D,11.181388648113414,1
AMP,781.0,PK.KS.TSKCMQ.,.K.KSTTS..ML.,61.16322840837658,18
AMP,781.0,PK.KST...S..D,.K.KSTTS..ML.,154.83737128419116,32
AMP,781.0,PK.KST...S..D,PK.K.TT..S..D,15.985659033388467,1
AMP,781.0,PK.KST...S..D,PK.KSTT.KS..D,21.99029491745097,1
AMP,781.0,PK.KST..KC.QD,.K.KSTTS..ML.,107.22701299140208,17
AMP,781.0,PK.KST..KC.QD,PK.K.T..KC.QD,23.683843334845548,1
AMP,781.0,PK.KST.S.C...,.K.KSTTS..ML.,43.75688376181536,17
AMP,781.0,PK.KST.S.CM.D,.K.KSTTS..ML.,131.3276658183409,18
AMP,781.0,PK.KST.SK..QD,.K.KSTTS..ML.,69.6799885923254,18
AMP,781.0,PK.KSTT.K.MQD,.K.KSTTS..ML.,145.84148209194515,18
AMP,781.0,PK.KSTT.KC.L.,PK.KSTT.KC...,1.5420521553301054,1
AMP,781.0,PK.KSTTSK.MQ.,.K.KSTTS..ML.,470.1681858006602,66
AMP,781.0,PK.KSTTSKS.QD,.K.KSTTS..ML.,84.60137141844123,18
AMP,781.0,PKL....S.C.L.,.K.KSTTS..ML.,97.98815707611656,18
AMP,781.0,PKL....SKCMQ.,.K.KSTTS..ML.,105.05295812620005,31
AMP,781.0,PKL....SKCMQ.,PKLKS..SKCMQ.,8.466091318127493,1
AMP,781.0,PKL....SKCMQ.,PKV....SKCMQ.,6.6148097066855795,1
AMP,781.0,PKL...T..S.L.,.K.KSTTS..ML.,65.80699010966123,17
AMP,781.0,PKL...TS.C.LD,.K.KSTTS..ML.,69.26059098226304,17
AMP,781.0,PKL...TS.C.LD,PKV...TS.C.LD,9.335270239623267,1
AMP,781.0,PKL..T..KS.LD,.K.KSTTS..ML.,147.8337079336831,18
AMP,781.0,PKL..TTS...L.,.K.KSTTS..ML.,143.95111903203917,18
AMP,781.0,PKL..TTS.SM.D,.K.KSTTS..ML.,255.12746155463938,32
AMP,781.0,PKL..TTS.SM.D,PKL..TTS.CMLD,26.60982779594765,1
AMP,781.0,PKL..TTS.SM.D,PKL..TTS.S.LD,27.946553401679683,1
AMP,781.0,PKL.H....SMLD,.K.KSTTS..ML.,79.01949906688672,18
AMP,781.0,PKL.H...KSM.D,.K.KSTTS..ML.,163.5035199375668,17
AMP,781.0,PKL.H...KSM.D,PKL.HT..KSM.D,23.7857475373203,1
AMP,781.0,PKL.H.T.KS..D,.K.KSTTS..ML.,92.58892667019629,17
AMP,781.0,PKL.H.T.KS..D,PK..H.T.KS..D,1.9233260523355025,1
AMP,781.0,PKL.H.TS.C..D,.K.KSTTS..ML.,123.24254995082892,18
AMP,781.0,PKL.H.TS.SMQD,.K.KSTTS..ML.,56.024144193771214,17
AMP,781.0,PKL.H.TSKCMQ.,.K.KSTTS..ML.,163.4214492035103,33
AMP,781.0,PKL.H.TSKCMQ.,PK..H.TSKCMQ.,14.577866328071002,1
AMP,781.0,PKL.HT...S..D,.K.KSTTS..ML.,57.18845923533159,18
AMP,781.0,PKL.HT..KCM.D,.K.KSTTS..ML.,101.61071231702724,16
AMP,781.0,PKL.HT..KCM.D,PKL.HT..KSM.D,23.7857475373203,1
AMP,781.0,PKL.HT..KCM.D,PKL.HT.SKCM.D,2.6148038161756704,1
AMP,781.0,PKL.HT..KS.Q.,.K.KSTTS..ML.,115.60280205548658,17
AMP,781.0,PKL.HT..KS.Q.,PKL.HT..KS.QD,1.9242643446694183,1
AMP,781.0,PKL.HT..KS.QD,.K.KSTTS..ML.,60.89073888356882,16
AMP,781.0,PKL.HT..KS.QD,PK..HT..KS.QD,12.572665864146789,1
AMP,781.0,PKL.HT.SK..LD,.K.KSTTS..ML.,81.21026450761102,18
AMP,781.0,PKL.HT.SKCM.D,.K.KSTTS..ML.,56.07196269663226,17
AMP,781.0,PKL.HTT..S...,.K.KSTTS..ML.,137.45270348250378,18
AMP,781.0,PKL.HTTS..ML.,.K.KSTTS..ML.,80.54469672504025,16
AMP,781.0,PKL.HTTS..MLD,.K.KSTTS..ML.,149.43084134805733,17
AMP,781.0,PKL.HTTS..MLD,PKL.HTTS..ML.,1.6453324418626234,1
AMP,781.0,PKL.HTTS.S.LD,.K.KSTTS..ML.,71.0655030129099,16
AMP,781.0,PKL.HTTS.S.LD,PKL..TTS.S.LD,14.95250502338814,1
AMP,781.0,PKL.HTTS.S.Q.,.K.KSTTS..ML.,113.70899669889893,18
AMP,781.0,PKL.HTTS.SMQD,.K.KSTTS..ML.,213.0930820774437,33
AMP,781.0,PKL.HTTS.SMQD,PKL.H.TS.SMQD,2.554401921885066,1
AMP,781.0,PKL.HTTSK.MQ.,.K.KSTTS..ML.,138.8418874467427,18
AMP,781.0,PKL.N...KC..D,.K.KSTTS..ML.,104.81046878271049,18
AMP,781.0,PKL.N.T..CM.D,.K.KSTTS..ML.,116.35876257567824,18
AMP,781.0,PKL.N.TSKCMQD,.K.KSTTS..ML.,64.83141248559281,18
AMP,781.0,PKL.NT...C.L.,.K.KSTTS..ML.,86.57754139058468,18
AMP,781.0,PKL.NT...CM.D,.K.KSTTS..ML.,127.63240249423953,18
AMP,781.0,PKL.NT...S...,.K.KSTTS..ML.,161.5169845579865,18
AMP,781.0,PKL.NT.S...QD,.K.KSTTS..ML.,79.39825720937466,18
AMP,781.0,PKL.NT.SK.MQ.,.K.KSTTS..ML.,146.34009360552287,18
AMP,781.0,PKL.NT.SKCML.,.K.KSTTS..ML.,27.813946026028944,18
AMP,781.0,PKL.NTT....Q.,.K.KSTTS..ML.,135.08531027516108,17
AMP,781.0,PKL.NTT....Q.,PKL.STT....Q.,1.7383364340480107,1
AMP,781.0,PKL.NTT..C..D,.K.KSTTS..ML.,118.02298555644367,18
AMP,781.0,PKL.NTTS.S.L.,.K.KSTTS..ML.,135.50458123374523,18
AMP,781.0,PKL.NTTSKC.Q.,.K.KSTTS..ML.,114.73796897396929,16
AMP,781.0,PKL.NTTSKC.Q.,PKL..TTSKC.Q.,22.751788265194676,1
AMP,781.0,PKL.NTTSKC.Q.,PKL.NTT.KC.Q.,17.046165651787465,1
AMP,781.0,PKL.S..S.C.Q.,.K.KSTTS..ML.,225.61292769954983,48
AMP,781.0,PKL.S..S.C.Q.,PKLKS..SKCMQ.,11.202122494535988,1
AMP,781.0,PKL.S..SKCML.,.K.KSTTS..ML.,78.92380844594716,17
AMP,781.0,PKL.S..SKCML.,PKL....SKCMQ.,1.7569118634179977,1
AMP,781.0,PKL.S.T..CMLD,.K.KSTTS..ML.,34.008599316322076,16
AMP,781.0,PKL.S.T..CMLD,PKL...T..CMLD,6.282318020499068,1
AMP,781.0,PKL.S.T..S.Q.,.K.KSTTS..ML.,105.55466235318235,18
AMP,781.0,PKL.S.T.KCM.D,.K.KSTTS..ML.,30.46036976784243,16
AMP,781.0,PKL.ST.S.CM..,.K.KSTTS..ML.,375.948045977905,47
AMP,781.0,PKL.ST.S.CM..,P.L.ST.S.CM.D,1.9165283457030076,1
AMP,781.0,PKL.ST.S.CM..,PKL..T.S.CM.D,26.7030336251578,1
AMP,781.0,PKL.ST.S.CM..,PKV.STTS.CM.D,25.701495432988224,1
AMP,781.0,PKL.STT....LD,.K.KSTTS..ML.,133.39728051717182,16
AMP,781.0,PKL.STT....LD,PKL.STT....Q.,2.201477910672298,1
AMP,781.0,PKL.STT....LD,PKL.STT....QD,31.453158060054662,1
AMP,781.0,PKL.STT....Q.,.K.KSTTS..ML.,151.08520715924453,29
AMP,781.0,PKL.STT....Q.,PKL.STT....QD,18.093826628721494,1
AMP,781.0,PKL.STT.KS.LD,.K.KSTTS..ML.,92.76329685005368,16
AMP,781.0,PKL.STT.KS.LD,PKL.NTTSKS.LD,22.367149719174726,1
AMP,781.0,PKL.STT.KS.LD,PKV.STT.KS.LD,1.5662906773335217,1
AMP,781.0,PKL.STTS..ML.,.K.KSTTS..ML.,141.7621189450201,17
AMP,781.0,PKL.STTS..ML.,PKL.HTTS..ML.,1.6453324418626234,1
AMP,781.0,PKL.STTS.C.L.,.K.KSTTS..ML.,140.59595849580924,48
AMP,781.0,PKL.STTS.C.L.,PKL.STTS.C.LD,11.483390216522114,1
AMP,781.0,PKL.STTSKCMLD,.K.KSTTS..ML.,119.23684634301458,18
AMP,781.0,PKL.STTSKS.QD,.K.KSTTS..ML.,81.74318911901759,17
AMP,781.0,PKL.STTSKS.QD,PKL.NTTSKS.LD,15.411872959282146,1
AMP,781.0,PKLK...S.C.Q.,.K.KSTTS..ML.,46.14006619611986,18
AMP,781.0,PKLK...S.SMQ.,.K.KSTTS..ML.,36.88596840941845,18
AMP,781.0,PKLK..T..S..D,.K.KSTTS..ML.,84.78057274476258,18
AMP,781.0,PKLK..TSK.M..,.K.KSTTS..ML.,58.13305690734401,17
AMP,781.0,PKLK.T...CML.,PKLKNT...CML.,3.1855606568113153,1
AMP,781.0,PKLK.T...SMLD,.K.KSTTS..ML.,117.05085108320776,17
AMP,781.0,PKLK.T...SMLD,PKLKHT...SMLD,2.1045061889897494,1
AMP,781.0,PKLK.T..K..LD,.K.KSTTS..ML.,171.9815765579384,17
AMP,781.0,PKLK.T..K..LD,PKLKST..K..LD,1.8017058379950106,1
AMP,781.0,PKLK.T..KSM..,.K.KSTTS..ML.,68.26646014558949,18
AMP,781.0,PKLK.T.SKS.QD,.K.KSTTS..ML.,131.15081184545366,18
AMP,781.0,PKLK.TT....LD,.K.KSTTS..ML.,118.50930067742742,15
AMP,781.0,PKLK.TT....LD,P.LK.TT....LD,1.8690215022811731,1
AMP,781.0,PKLK.TT....LD,PKLK.TT..C.LD,2.3060866758698095,1
AMP,781.0,PKLK.TT....LD,PKLKHTT....LD,38.93274571301672,1
AMP,781.0,PKLK.TT..C.LD,.K.KSTTS..ML.,39.602169282658814,17
AMP,781.0,PKLK.TTSKS.LD,.K.KSTTS..ML.,188.93202986009675,30
AMP,781.0,PKLK.TTSKS.LD,PKL..TTS.S.LD,27.946553401679683,1
AMP,781.0,PKLK.TTSKS.LD,PKL.NTTSKS.LD,48.212640880451076,2
AMP,781.0,PKLK.TTSKS.LD,PKV..TTSKS.LD,1.662210595912153,1
AMP,781.0,PKLKH....S.L.,.K.KSTTS..ML.,408.77885805801867,65
AMP,781.0,PKLKH....S.L.,P.LKH.T..S.L.,1.667745339952086,1
AMP,781.0,PKLKH...KSMLD,.K.KSTTS..ML.,111.02117264294748,32
AMP,781.0,PKLKH...KSMLD,PKLKS.T.KSMLD,12.023539385773466,1
AMP,781.0,PKLKH..S.SMLD,.K.KSTTS..ML.,68.49405641361085,18
AMP,781.0,PKLKH..SKC.LD,.K.KSTTS..ML.,48.55097836917383,18
AMP,781.0,PKLKH.T..C...,.K.KSTTS..ML.,64.66653634805964,18
AMP,781.0,PKLKH.T..SM.D,.K.KSTTS..ML.,62.98131762913816,18
AMP,781.0,PKLKH.TS.C.QD,.K.KSTTS..ML.,115.97411808128014,16
AMP,781.0,PKLKH.TS.C.QD,PKLKH.TS.CMQD,1.721648917386543,1
AMP,781.0,PKLKH.TS.C.QD,PKLKS.TS.C.QD,2.7208827811247884,1
AMP,781.0,PKLKH.TS.CMQD,.K.KSTTS..ML.,86.09767359178277,17
AMP,781.0,PKLKHT....MQ.,.K.KSTTS..ML.,140.03083446068422,17
AMP,781.0,PKLKHT....MQ.,PKLKHT..K.MQ.,3.6862055179417736,1
AMP,781.0,PKLKHT...CML.,.K.KSTTS..ML.,78.012928295586,15
AMP,781.0,PKLKHT...CML.,PK.KHT...CML.,26.12086751796617,1
AMP,781.0,PKLKHT...CML.,PKLK.T...CML.,9.927313716509431,1
AMP,781.0,PKLKHT...CML.,PKLKNT...CML.,31.62406000313576,1
AMP,781.0,PKLKHT...SMLD,.K.KSTTS..ML.,162.2536975550087,46
AMP,781.0,PKLKHT...SMLD,.KLKNT...SMLD,7.029172261080316,1
AMP,781.0,PKLKHT...SMLD,PKLKHT.S.SM.D,13.08053954422985,1
AMP,781.0,PKLKHT..K.MQ.,.K.KSTTS..ML.,37.513789305342286,16
AMP,781.0,PKLKHT..KSMQD,.K.KSTTS..ML.,107.17356962977219,18
AMP,781.0,PKLKHT.SKSML.,.K.KSTTS..ML.,118.538756833659,18
AMP,781.0,PKLKHTT.K.MQ.,.K.KSTTS..ML.,98.2018041569695,15
AMP,781.0,PKLKHTT.K.MQ.,PKLKHT..K.MQ.,3.6862055179417736,1
AMP,781.0,PKLKHTT.K.MQ.,PKLKHTT.KSMQ.,15.03635289123941,1
AMP,781.0,PKLKHTT.K.MQ.,PKLKHTTSK.MQD,22.936930658648723,1
AMP,781.0,PKLKHTT.KSMQ.,P.LKHTT.KSMQ.,1.6898678358495074,1
AMP,781.0,PKLKHTT.KSMQ.,PKLK.TT.KSMQ.,1.7940435256398992,1
AMP,781.0,PKLKHTTS.S.LD,.K.KSTTS..ML.,79.18448988407305,14
AMP,781.0,PKLKHTTS.S.LD,PK.KHTTS.S.LD,1.6689206597569917,1
AMP,781.0,PKLKHTTS.S.LD,PKL.HTTS.S.LD,1.8690215022811731,1
AMP,781.0,PKLKHTTS.S.LD,PKLKHT.S.S.LD,23.235824858942646,1
AMP,781.0,PKLKHTTS.S.LD,PKLKSTTS.S.LD,16.13237154784984,1
AMP,781.0,PKLKHTTSK.MLD,.K.KSTTS..ML.,74.80405998100431,17
AMP,781.0,PKLKHTTSK.MLD,PKLKHTTSK.MQD,13.505581557451633,1
AMP,781.0,PKLKN...KC...,.K.KSTTS..ML.,89.62423570379515,18
AMP,781.0,PKLKN...KC.LD,.K.KSTTS..ML.,97.48075131553026,18
AMP,781.0,PKLKN.TSK.MLD,.K.KSTTS..ML.,86.0817301879951,18
AMP,781.0,PKLKNT...C...,.K.KSTTS..ML.,89.96516437317138,18
AMP,781.0,PKLKNT.S.CM.D,.K.KSTTS..ML.,583.6986269499358,81
AMP,781.0,PKLKNT.S.CM.D,PKVKNT.S....D,1.7283770909103535,1
AMP,781.0,PKLKNT.SKC.Q.,.K.KSTTS..ML.,102.7669789468255,17
AMP,781.0,PKLKNT.SKC.Q.,PKLKNT.SKC.QD,1.9165283457030076,1
AMP,781.0,PKLKNT.SKC.QD,.K.KSTTS..ML.,64.69253145824149,17
AMP,781.0,PKLKNTT.....D,.K.KSTTS..ML.,45.374983438754285,18
AMP,781.0,PKLKNTT..CM..,.K.KSTTS..ML.,16.161763488980526,17
AMP,781.0,PKLKNTT..CM..,PK.KNTT..CM..,9.936865348776639,1
AMP,781.0,PKLKNTT.K..QD,.K.KSTTS..ML.,38.32110464892552,16
AMP,781.0,PKLKNTT.K..QD,PKLKNTT.K..LD,8.89158130405538,1
AMP,781.0,PKLKNTT.K..QD,PKLKNTT.KC.QD,5.133983495718088,1
AMP,781.0,PKLKNTT.KC.L.,.K.KSTTS..ML.,136.81865158216297,18
AMP,781.0,PKLKNTT.KSM.D,.K.KSTTS..ML.,130.6160457687738,17
AMP,781.0,PKLKNTT.KSM.D,PKLKNTTSKSM.D,26.97410291793986,1
AMP,781.0,PKLKNTTS.SMQD,.K.KSTTS..ML.,121.24214424493528,18
AMP,781.0,PKLKS....CMQ.,.K.KSTTS..ML.,120.0669244096578,17
AMP,781.0,PKLKS....CMQ.,PKL.S..S.C.Q.,1.6421266455543206,1
AMP,781.0,PKLKS...KCML.,.K.KSTTS..ML.,328.4327361469354,49
AMP,781.0,PKLKS...KCML.,PKLKH...KSMLD,2.2987558144689197,1
AMP,781.0,PKLKS..S.C.L.,.K.KSTTS..ML.,103.65485370567708,33
AMP,781.0,PKLKS..S.C.L.,PKLKH..S.C.L.,7.2236433024770985,1
AMP,781.0,PKLKS..S.SM..,.K.KSTTS..ML.,125.9183807154056,18
AMP,781.0,PKLKS..SKSMQ.,.K.KSTTS..ML.,40.498974176157425,17
AMP,781.0,PKLKS..SKSMQ.,PKLKS..SKCMQ.,6.6401004474638015,1
AMP,781.0,PKLKS.T.KC.QD,.K.KSTTS..ML.,58.994478041867524,16
AMP,781.0,PKLKS.T.KC.QD,PKLKS.T..C.QD,6.974346816062881,1
AMP,781.0,PKLKS.T.KC.QD,PKLKS.T.KCMQD,7.505670792397817,1
AMP,781.0,PKLKS.T.KCM.D,.K.KSTTS..ML.,77.70101678521966,16
AMP,781.0,PKLKS.T.KCM.D,PKL.S.T.KCM.D,2.2053060793673125,1
AMP,781.0,PKLKS.T.KCM.D,PKLKS.T.KCMQD,11.434684848869907,1
AMP,781.0,PKLKS.TS.C.QD,.K.KSTTS..ML.,108.85476809378136,32
AMP,781.0,PKLKS.TS.C.QD,PKLKS.T..C.QD,5.80014600234359,1
AMP,781.0,PKLKS.TSKC.Q.,.K.KSTTS..ML.,82.448628401278,18
AMP,781.0,PKLKST....MLD,.K.KSTTS..ML.,193.0819248208137,18
AMP,781.0,PKLKST...C..D,.K.KSTTS..ML.,60.07182300341143,18
AMP,781.0,PKLKST..K..LD,.K.KSTTS..ML.,95.03667246325986,17
AMP,781.0,PKLKST..KSM.D,.K.KSTTS..ML.,97.25394956324449,18
AMP,781.0,PKLKST.SKS.Q.,.K.KSTTS..ML.,110.8762062287749,18
AMP,781.0,PKLKSTT..C...,.K.KSTTS..ML.,117.33149787465449,18
AMP,781.0,PKLKSTT..SMLD,.K.KSTTS..ML.,91.33648894606446,18
AMP,781.0,PKLKSTT.KCML.,PKLKSTT.KCMLD,2.3851096031018817,1
AMP,781.0,PKV......S.Q.,.K.KSTTS..ML.,85.5894930961817,17
AMP,781.0,PKV......S.Q.,PKV..T...S.Q.,29.551984908357927,1
AMP,781.0,PKV.....KSMQ.,.K.KSTTS..ML.,74.06300926413874,18
AMP,781.0,PKV...T.KSML.,.K.KSTTS..ML.,106.6224982700741,17
AMP,781.0,PKV...T.KSML.,PKV.H.T.KSML.,2.3212939379435555,1
AMP,781.0,PKV...TS...QD,.K.KSTTS..ML.,55.04600511609324,18
AMP,781.0,PKV...TSKCMQD,PKV...TSKCMLD,1.7364008025798763,1
AMP,781.0,PKV..T...SMQ.,.K.KSTTS..ML.,39.60691152983725,16
AMP,781.0,PKV..T...SMQ.,PKV..T...S.Q.,21.243683033916408,1
AMP,781.0,PKV..T..K..QD,.K.KSTTS..ML.,277.55412684824313,78
AMP,781.0,PKV..T..K..QD,PK..HT..KS.QD,9.070109417187298,1
AMP,781.0,PKV..T..KS.Q.,.K.KSTTS..ML.,120.23371202756637,14
AMP,781.0,PKV..T..KS.Q.,PK...T..KS.Q.,24.250092511958208,1
AMP,781.0,PKV..T..KS.Q.,PKV..T...S.Q.,52.25387919086133,1
AMP,781.0,PKV..T..KS.Q.,PKV..T..KC.Q.,22.48877236938027,1
AMP,781.0,PKV..T..KS.Q.,PKVK.T..KS.Q.,4.127531788338424,1
AMP,781.0,PKV..T.S.CM..,.K.KSTTS..ML.,144.59285053481213,18
AMP,781.0,PKV..T.SK.MQD,.K.KSTTS..ML.,517.4931636265683,65
AMP,781.0,PKV..T.SK.MQD,PKV.NT.SK.MQD,32.91409526018119,1
AMP,781.0,PKV..T.SKS..D,.K.KSTTS..ML.,640.7271912884001,93
AMP,781.0,PKV..T.SKS..D,PK...T.SKS..D,3.255598747404282,2
AMP,781.0,PKV..T.SKS..D,PK..HTTS.S..D,1.548253015752186,1
AMP,781.0,PKV..T.SKS..D,PKL..TTS.S.LD,27.946553401679683,1
AMP,781.0,PKV..T.SKS..D,PKVK.T.S.S.LD,1.6736913305208623,1
AMP,781.0,PKV..T.SKSM..,.K.KSTTS..ML.,189.06263545071312,18
AMP,781.0,PKV..TT...MQD,.K.KSTTS..ML.,126.17294010729285,17
AMP,781.0,PKV..TT...MQD,PKV..TT...MQ.,37.41016663714211,1
AMP,781.0,PKV..TT.K..Q.,.K.KSTTS..ML.,76.04952669784011,18
AMP,781.0,PKV..TTSK...D,PKV..TTSK..QD,1.5488471754621322,1
AMP,781.0,PKV..TTSKCMLD,PKV...TSKCMLD,1.5568119356667178,1
AMP,781.0,PKV..TTSKCMQD,.K.KSTTS..ML.,169.4045572701895,45
AMP,781.0,PKV..TTSKCMQD,PKV...TSKCMQD,7.664042912916748,1
AMP,781.0,PKV..TTSKCMQD,PKV..TTSKCMLD,8.548142495641937,1
AMP,781.0,PKV..TTSKCMQD,PKVKNTTSKCMQD,15.56249697576639,1
AMP,781.0,PKV..TTSKS.L.,.K.KSTTS..ML.,88.02632994000541,17
AMP,781.0,PKV..TTSKS.L.,PKV..TTSKS.LD,1.662210595912153,1
AMP,781.0,PKV..TTSKS.LD,.K.KSTTS..ML.,58.83774408793956,15
AMP,781.0,PKV.H..S.C.Q.,.K.KSTTS..ML.,87.2326393322621,17
AMP,781.0,PKV.H..S.C.Q.,P.V.HT.S.C.Q.,11.27618332278203,1
AMP,781.0,PKV.H..S.CMQD,.K.KSTTS..ML.,58.92824629092125,17
AMP,781.0,PKV.H..S.CMQD,PKV.HT.S.CMQD,7.270296206252964,1
AMP,781.0,PKV.H.T.K.MQD,.K.KSTTS..ML.,79.93822832903079,18
AMP,781.0,PKV.H.T.KCMQ.,.K.KSTTS..ML.,144.83811633516498,18
AMP,781.0,PKV.H.T.KSML.,.K.KSTTS..ML.,51.299844371609126,17
AMP,781.0,PKV.H.TSKC.LD,.K.KSTTS..ML.,98.19752948868727,18
AMP,781.0,PKV.H.TSKSM..,.K.KSTTS..ML.,44.498375335278524,17
AMP,781.0,PKV.HT..KC.QD,.K.KSTTS..ML.,230.39098424160298,34
AMP,781.0,PKV.HT.S..MLD,.K.KSTTS..ML.,150.0348773241043,18
AMP,781.0,PKV.HT.SK.MQ.,.K.KSTTS..ML.,134.45772238337233,18
AMP,781.0,PKV.HT.SKC...,.K.KSTTS..ML.,55.483086415910584,18
AMP,781.0,PKV.HT.SKSM.D,.K.KSTTS..ML.,152.39596293536215,18
AMP,781.0,PKV.HTT..CML.,.K.KSTTS..ML.,279.7648664837459,33
AMP,781.0,PKV.HTT..CML.,PK..HT...CML.,1.7579551807673361,1
AMP,781.0,PKV.HTT..SM..,.K.KSTTS..ML.,74.114177401479,18
AMP,781.0,PKV.HTT.K.MQ.,.K.KSTTS..ML.,144.33163065277935,18
AMP,781.0,PKV.HTTS.S.L.,.K.KSTTS..ML.,107.07489399791612,18
AMP,781.0,PKV.HTTS.SMLD,.K.KSTTS..ML.,118.21957009814841,18
AMP,781.0,PKV.HTTSKS.LD,.K.KSTTS..ML.,105.3521407834846,16
AMP,781.0,PKV.HTTSKS.LD,P.V.HTTSKS.LD,15.03601860610343,1
AMP,781.0,PKV.HTTSKS.LD,PKV..TTSKS.LD,1.662210595912153,1
AMP,781.0,PKV.N....S..D,.K.KSTTS..ML.,55.621782515598,18
AMP,781.0,PKV.N...KC.Q.,.K.KSTTS..ML.,67.01877068215799,18
AMP,781.0,PKV.N.TS..M..,.K.KSTTS..ML.,111.3197462568387,34
AMP,781.0,PKV.N.TS..MQD,.K.KSTTS..ML.,272.6733999856351,33
AMP,781.0,PKV.N.TS..MQD,PKV.N.TSK.MQD,2.185365407591041,1
AMP,781.0,PKV.N.TSK.MQD,.K.KSTTS..ML.,74.69872903738435,16
AMP,781.0,PKV.N.TSKSM..,.K.KSTTS..ML.,66.27206583009973,16
AMP,781.0,PKV.N.TSKSM..,PKV.H.TSKSM..,1.783343433018305,1
AMP,781.0,PKV.N.TSKSM..,PKV.NTTSKSM..,24.129538479913553,1
AMP,781.0,PKV.NT...C..D,.K.KSTTS..ML.,172.2405934275623,34
AMP,781.0,PKV.NT...SMQD,.K.KSTTS..ML.,86.94993284776957,34
AMP,781.0,PKV.NT.S.C.L.,.K.KSTTS..ML.,29.590988565685052,16
AMP,781.0,PKV.NT.S.C.L.,PKV.NT.SKC.L.,12.967050259761495,1
AMP,781.0,PKV.NT.S.C.Q.,.K.KSTTS..ML.,101.54184212691062,16
AMP,781.0,PKV.NT.S.C.Q.,P.V.HT.S.C.Q.,18.010206179281802,1
AMP,781.0,PKV.NT.S.C.Q.,PKV.NT.S.C.L.,2.150671101265286,1
AMP,781.0,PKV.NT.S.CMLD,.K.KSTTS..ML.,106.40459195841257,18
AMP,781.0,PKV.NTT.KCMQ.,.K.KSTTS..ML.,122.48295765021248,18
AMP,781.0,PKV.NTT.KSM.D,.K.KSTTS..ML.,82.95256839981172,15
AMP,781.0,PKV.NTT.KSM.D,PKV.HTT.KSM.D,18.35148987202908,1
AMP,781.0,PKV.NTT.KSM.D,PKV.NTT.KCM.D,15.094121216957076,1
AMP,781.0,PKV.NTT.KSM.D,PKV.NTT.KS..D,16.126090973128196,1
AMP,781.0,PKV.NTTS.S.LD,.K.KSTTS..ML.,74.28034956242143,18
AMP,781.0,PKV.NTTSK...D,.K.KSTTS..ML.,76.40086349771848,16
AMP,781.0,PKV.NTTSK...D,PKV..TTSK...D,14.557152120886139,1
AMP,781.0,PKV.NTTSK...D,PKV.NTTSK..QD,13.307963307929704,1
AMP,781.0,PKV.NTTSK..QD,PKV..TTSK..QD,1.6942340028674643,1
AMP,781.0,PKV.NTTSK.MQD,.K.KSTTS..ML.,98.8829888045039,15
AMP,781.0,PKV.NTTSK.MQD,PKV.N.TSK.MQD,2.185365407591041,1
AMP,781.0,PKV.NTTSK.MQD,PKV.NT.SK.MQD,32.91409526018119,1
AMP,781.0,PKV.NTTSK.MQD,PKV.NTTSK..QD,18.18004412659258,1
AMP,781.0,PKV.S...KSM..,.K.KSTTS..ML.,102.20321593354764,18
AMP,781.0,PKV.S..S.CMLD,.K.KSTTS..ML.,57.5092705160339,18
AMP,781.0,PKV.S..SKSMQD,.K.KSTTS..ML.,207.21790965456586,48
AMP,781.0,PKV.S..SKSMQD,PKV.N..SKCMQD,10.693314445817926,1
AMP,781.0,PKV.S..SKSMQD,PKV.S..SKSMQ.,13.71547994234079,1
AMP,781.0,PKV.S.TS.....,.K.KSTTS..ML.,119.70876999995932,16
AMP,781.0,PKV.S.TS.....,P.V.S.TS.....,22.556187983659154,1
AMP,781.0,PKV.S.TS.....,PKV.S.TS.C...,21.528471222547378,1
AMP,781.0,PKV.S.TSKCML.,.K.KSTTS..ML.,131.29345269794777,18
AMP,781.0,PKV.ST....MQD,.K.KSTTS..ML.,70.99988618913753,18
AMP,781.0,PKV.ST...S.QD,.K.KSTTS..ML.,136.75175272731323,17
AMP,781.0,PKV.ST...S.QD,PKV..T..K..QD,2.024305926638656,1
AMP,781.0,PKV.ST..KS.L.,.K.KSTTS..ML.,139.38316005405935,18
AMP,781.0,PKV.STT..CM..,.K.KSTTS..ML.,138.55197163350908,18
AMP,781.0,PKV.STT.KS.LD,.K.KSTTS..ML.,76.87725181793286,17
AMP,781.0,PKV.STTS...LD,.K.KSTTS..ML.,69.22464180416898,17
AMP,781.0,PKV.STTS...QD,.K.KSTTS..ML.,182.17798854956413,31
AMP,781.0,PKV.STTS...QD,PKV..TTSK..QD,30.80124893290408,1
AMP,781.0,PKV.STTS...QD,PKV.NTTSK..QD,18.18004412659258,1
AMP,781.0,PKV.STTS...QD,PKV.STTS...LD,1.6453324418626234,1
AMP,781.0,PKV.STTS.SM..,.K.KSTTS..ML.,59.626225419973814,18
AMP,781.0,PKV.STTS.SMQD,.K.KSTTS..ML.,95.22578714141984,18
AMP,781.0,PKV.STTSKC.Q.,.K.KSTTS..ML.,592.9467751245663,81
AMP,781.0,PKV.STTSKC.Q.,PKV..TTSKCMQD,1.6509275827495828,1
AMP,781.0,PKV.STTSKCM.D,.K.KSTTS..ML.,107.55181781503721,16
AMP,781.0,PKV.STTSKCM.D,PKV..TTSKCMQD,1.6509275827495828,1
AMP,781.0,PKV.STTSKCM.D,PKV.STTS.CM.D,25.701495432988224,1
AMP,781.0,PKVK.....C.LD,.K.KSTTS..ML.,170.9531265492963,18
AMP,781.0,PKVK....KSMLD,.K.KSTTS..ML.,129.66718248204128,18
AMP,781.0,PKVK...S.CML.,.K.KSTTS..ML.,121.41674547217887,17
AMP,781.0,PKVK...S.CML.,PK.K...S.CML.,2.0061061000064804,1
AMP,781.0,PKVK..T..CM.D,.K.KSTTS..ML.,319.1961406138625,48
AMP,781.0,PKVK..T..CM.D,PK.K.TT..CM.D,1.6855225926044115,1
AMP,781.0,PKVK..T..CM.D,PKVK..T..CMLD,23.785016678640304,1
AMP,781.0,PKVK..T.K.MQ.,.K.KSTTS..ML.,48.41980222960264,17
AMP,781.0,PKVK..TS.S.Q.,.K.KSTTS..ML.,113.33129931025685,16
AMP,781.0,PKVK..TS.S.Q.,PKVK..T..S.Q.,19.59430159971858,1
AMP,781.0,PKVK..TS.S.Q.,PKVK..TSKS.Q.,2.8781412927244974,1
AMP,781.0,PKVK..TSK.MQ.,.K.KSTTS..ML.,84.62535378811975,16
AMP,781.0,PKVK..TSK.MQ.,PKVK..T.K.MQ.,1.8728899248787743,1
AMP,781.0,PKVK..TSKS.Q.,.K.KSTTS..ML.,45.04188323452124,17
AMP,781.0,PKVK.T..KS.Q.,.K.KSTTS..ML.,6.560124328649609,14
AMP,781.0,PKVK.T..KS.Q.,PKVK.T..KSMQ.,6.797639359402352,1
AMP,781.0,PKVK.T.S.CM.D,.K.KSTTS..ML.,149.68401460339038,18
AMP,781.0,PKVK.T.S.S.LD,.K.KSTTS..ML.,67.30282215470392,15
AMP,781.0,PKVK.T.S.S.LD,PKVK.TTS.S.LD,7.612129281718031,1
AMP,781.0,PKVK.T.SKC.Q.,.K.KSTTS..ML.,354.98631618107527,47
AMP,781.0,PKVK.T.SKC.Q.,PK.K.T..KC.QD,22.718621406366637,1
AMP,781.0,PKVK.T.SKC.Q.,PKV..T..KC.Q.,22.48877236938027,1
AMP,781.0,PKVK.T.SKC.Q.,PKVK.T..KS.Q.,4.127531788338424,1
AMP,781.0,PKVK.TT..CM..,.K.KSTTS..ML.,59.950683050396854,18
AMP,781.0,PKVK.TT..S.L.,.K.KSTTS..ML.,67.56205508618193,16
AMP,781.0,PKVK.TT..S.L.,.KVK.TT..S.L.,12.495723418486762,1
AMP,781.0,PKVK.TT..S.L.,PKV..TT..S.L.,10.517288255095524,1
AMP,781.0,PKVK.TTS..MLD,.K.KSTTS..ML.,251.94481360620696,33
AMP,781.0,PKVK.TTS..MLD,PKVKNTTS..MLD,20.09092917156483,1
AMP,781.0,PKVK.TTS.SMQD,.K.KSTTS..ML.,90.35226780750116,18
AMP,781.0,PKVKH..S.CMLD,.K.KSTTS..ML.,84.91845986309883,17
AMP,781.0,PKVKH..S.CMLD,.KVKH..S.CMLD,13.654967820227727,1
AMP,781.0,PKVKH.T..SMQ.,.K.KSTTS..ML.,68.80236712436822,17
AMP,781.0,PKVKH.T..SMQ.,PKV.H.T..SMQ.,13.133312523493123,1
AMP,781.0,PKVKH.TS.SMLD,.K.KSTTS..ML.,125.93362436532048,33
AMP,781.0,PKVKH.TS.SMLD,PK.KH.TSKSMLD,11.84644613957817,1
AMP,781.0,PKVKH.TSKCMQ.,.K.KSTTS..ML.,68.81262311197399,18
AMP,781.0,PKVKHT.S...Q.,.K.KSTTS..ML.,220.17957223297677,32
AMP,781.0,PKVKHT.S...Q.,P.VKNT.S...Q.,1.8264573313300123,1
AMP,781.0,PKVKHT.S...Q.,PKVKHT.S.C.L.,10.599368344609298,1
AMP,781.0,PKVKHT.S.CMQD,.K.KSTTS..ML.,105.67534002140569,15
AMP,781.0,PKVKHT.S.CMQD,PKV.HT.S.CMQD,14.51014324595726,1
AMP,781.0,PKVKHT.S.CMQD,PKVKHT.S..MQD,49.20727594561218,2
AMP,781.0,PKVKHT.S.S.L.,.K.KSTTS..ML.,254.19406441725064,46
AMP,781.0,PKVKHT.S.S.L.,PKV..T...S.Q.,37.67124098853541,1
AMP,781.0,PKVKHT.S.S.L.,PKVK.T.S.S.LD,1.6736913305208623,1
AMP,781.0,PKVKHT.S.S.L.,PKVKHT.S.C.L.,36.26241515569014,2
AMP,781.0,PKVKHT.SKC.LD,.K.KSTTS..ML.,129.56588984085175,18
AMP,781.0,PKVKHTT...MQ.,.K.KSTTS..ML.,130.2805867477882,17
AMP,781.0,PKVKHTT...MQ.,PKVKNTT...MQ.,23.232154891898467,1
AMP,781.0,PKVKHTT..C..D,.K.KSTTS..ML.,137.50105579674712,18
AMP,781.0,PKVKHTT.KS.Q.,.K.KSTTS..ML.,120.89793232733739,18
AMP,781.0,PKVKHTTS.S...,.K.KSTTS..ML.,38.68594073357434,16
AMP,781.0,PKVKHTTS.S...,PK.KNTTS.S...,8.61258986794045,1
AMP,781.0,PKVKHTTS.S...,PKVK.TTS.S...,7.512177496506052,1
AMP,781.0,PKVKHTTSK....,.K.KSTTS..ML.,30.054132861561904,17
AMP,781.0,PKVKN..SK.MQD,.K.KSTTS..ML.,192.03656523869063,34
AMP,781.0,PKVKN..SKS.LD,.K.KSTTS..ML.,70.7825224040197,18
AMP,781.0,PKVKN.T..S..D,.K.KSTTS..ML.,76.71966947382609,18
AMP,781.0,PKVKN.T.KSM..,.K.KSTTS..ML.,45.887208368725084,18
AMP,781.0,PKVKNT....M.D,.K.KSTTS..ML.,83.00563213752768,18
AMP,781.0,PKVKNT...S.LD,.K.KSTTS..ML.,129.7462430093911,16
AMP,781.0,PKVKNT...S.LD,PKVKNT...C.LD,17.74593603794924,1
AMP,781.0,PKVKNT...S.LD,PKVKNT...SMLD,15.616492323166351,1
AMP,781.0,PKVKNT..KSMQD,.K.KSTTS..ML.,564.945229688666,80
AMP,781.0,PKVKNT.S....D,.K.KSTTS..ML.,202.695668104357,47
AMP,781.0,PKVKNT.S....D,PKVKNTTS..MLD,11.624158453166459,1
AMP,781.0,PKVKNT.S.S.QD,.K.KSTTS..ML.,120.49543981753415,17
AMP,781.0,PKVKNT.S.S.QD,PKVKNT.S.C.QD,23.03399543817406,1
AMP,781.0,PKVKNT.S.SM..,.K.KSTTS..ML.,123.33178216662243,17
AMP,781.0,PKVKNT.S.SM..,PKVKNTTS.SM..,19.12901113397066,1
AMP,781.0,PKVKNTT..SM.D,PKVKHTT..SM.D,2.017889236269088,1
AMP,781.0,PKVKNTT..SMQD,.K.KSTTS..ML.,93.46382720984992,17
AMP,781.0,PKVKNTT..SMQD,PKVKNTT..SM.D,17.18838557351969,1
AMP,781.0,PKVKNTT.K.MQ.,.K.KSTTS..ML.,125.91735759870626,17
AMP,781.0,PKVKNTT.K.MQ.,PKVKNTT...MQ.,23.232154891898467,1
AMP,781.0,PKVKNTTS...L.,.K.KSTTS..ML.,81.95835929866602,17
AMP,781.0,PKVKNTTS...L.,P.VKNTTS.C.L.,2.9540424662978717,1
AMP,781.0,PKVKNTTS..MQ.,.K.KSTTS..ML.,107.98166213999252,17
AMP,781.0,PKVKNTTS..MQ.,PKVKNTT...MQ.,23.232154891898467,1
AMP,781.0,PKVKS....S.QD,.K.KSTTS..ML.,72.46286040173007,18
AMP,781.0,PKVKS...KC.QD,.K.KSTTS..ML.,61.714487716259384,18
AMP,781.0,PKVKS..S..MLD,.K.KSTTS..ML.,156.20934018402363,33
AMP,781.0,PKVKS..S..MQ.,.K.KSTTS..ML.,175.91172673341921,33
AMP,781.0,PKVKS..SKCMLD,.K.KSTTS..ML.,127.23955020164685,33
AMP,781.0,PKVKS..SKCMLD,.KVKS..SKCM.D,14.122970155830316,1
AMP,781.0,PKVKS.T..C.L.,.K.KSTTS..ML.,61.84701306278209,18
AMP,781.0,PKVKS.TS..MQ.,.K.KSTTS..ML.,118.85399994894118,17
AMP,781.0,PKVKS.TS..MQ.,PKVKS..S..MQ.,1.5111043633056311,1
AMP,781.0,PKVKS.TS.S...,.K.KSTTS..ML.,41.26579484645468,18
AMP,781.0,PKVKST...S.Q.,.K.KSTTS..ML.,90.06609676182764,16
AMP,781.0,PKVKST...S.Q.,PKVKST...S...,54.25304611717165,2
AMP,781.0,PKVKST...SM..,PKVKST...S...,1.885624518154232,1
AMP,781.0,PKVKST...SM.D,.K.KSTTS..ML.,92.50311330950805,15
AMP,781.0,PKVKST...SM.D,.KV.ST...SM.D,19.94248078946765,1
AMP,781.0,PKVKST...SM.D,PKVK.T...SM.D,38.57560218711946,1
AMP,781.0,PKVKST...SM.D,PKVKST...SM..,15.232881949248771,1
AMP,781.0,PKVKST...SML.,.K.KSTTS..ML.,220.16195100744585,31
AMP,781.0,PKVKST...SML.,PKVKNT...SMLD,15.616492323166351,1
AMP,781.0,PKVKST...SML.,PKVKST...S...,25.529550431519134,1
AMP,781.0,PKVKST...SML.,PKVKST...SM..,15.232881949248771,1
AMP,781.0,PKVKST.S..MLD,.K.KSTTS..ML.,108.46387374941655,15
AMP,781.0,PKVKST.S..MLD,PKVKHT.S..MQD,21.021215062214047,1
AMP,781.0,PKVKST.S..MLD,PKVKNT.S....D,1.7283770909103535,1
AMP,781.0,PKVKST.S..MLD,PKVKS..S..MLD,2.0243059266386556,1
AMP,781.0,PKVKSTT..CML.,.K.KSTTS..ML.,107.0682483484402,18
AMP,781.0,PKVKSTT.KSM.D,.K.KSTTS..ML.,186.50526654758886,46
AMP,781.0,PKVKSTT.KSM.D,P.VK.TT.KSM.D,8.433074023925471,1
AMP,781.0,PKVKSTT.KSM.D,PKV.HTT.KSM.D,13.010679635236649,1
AMP,781.0,PKVKSTT.KSM.D,PKVKHTT..SM.D,24.59014365932589,1
AMP,781.0,PKVKSTT.KSM.D,PKVKHTT.KCM.D,16.50637044783352,1
AMP,781.0,PKVKSTTS..ML.,.K.KSTTS..ML.,121.48379086129218,18
AMP,781.0,PKVKSTTSKCM..,.K.KSTTS..ML.,39.562762051792035,17
AZT,0.0,....S..S.SM.D,P.L.N...K.M..,20.807740062742603,18
AZT,0.0,....S.TSKS.L.,P.L.N...K.M..,20.21914926866826,18
AZT,0.0,....ST....MLD,P.L.N...K.M..,19.970167372690856,18
AZT,0.0,...K.TTSKS..D,P.L.N...K.M..,17.595637537604613,18
AZT,0.0,...KH.T....LD,P.L.N...K.M..,20.701379646723815,18
AZT,0.0,...KN....S...,P.L.N...K.M..,21.581951896552816,18
AZT,0.0,...KN.T....L.,...KN.T......,1.5763924019854694,1
AZT,0.0,...KN.T....L.,P.L.N...K.M..,20.416468935979257,17
AZT,0.0,...KNT...CM.D,P.L.N...K.M..,19.746025636293908,18
AZT,0.0,...KNT.SK..QD,P.L.N...K.M..,21.21212854478721,18
AZT,0.0,...KS....SML.,P.L.N...K.M..,20.939353001287095,18
AZT,0.0,..L.S....C.Q.,P.L.N...K.M..,17.607705585131328,18
AZT,0.0,..L.S...K.M..,P.L.N...K.M..,22.299962849891077,18
AZT,0.0,..L.S...KC.QD,P.L.N...K.M..,20.564486670205152,18
AZT,0.0,..LKHTTS...Q.,P.L.N...K.M..,20.175699071158196,18
AZT,0.0,..LKNT.S...QD,P.L.N...K.M..,20.507407322919075,18
AZT,0.0,..LKS.TSKS..D,P.L.N...K.M..,20.20021080722084,18
AZT,0.0,..V....SKS.LD,P.L.N...K.M..,20.705560344032808,18
AZT,0.0,..V.HTT..S.QD,P.L.N...K.M..,19.928968303735925,18
AZT,0.0,..VK.TT..C.QD,P.L.N...K.M..,20.950720464123552,18
AZT,0.0,..VK.TTS.S..D,P.L.N...K.M..,20.323850370966962,17
AZT,0.0,..VK.TTS.S..D,PKLKST......D,1.6942938531180292,1
AZT,0.0,..VKNT....M.D,P.L.N...K.M..,20.23212378870239,18
AZT,0.0,.K..STT.KS.QD,P.L.N...K.M..,20.733525821320217,18
AZT,0.0,.K.KHT..K..Q.,P.L.N...K.M..,17.607655457596827,18
AZT,0.0,.K.KHT..KC.LD,P.L.N...K.M..,20.882380095215385,18
AZT,0.0,.K.KN.T.K....,P.L.N...K.M..,20.632138184227795,18
AZT,0.0,.K.KN.TSKC.LD,P.L.N...K.M..,21.432914325558777,18
AZT,0.0,.K.KS.T..S..D,P.L.N...K.M..,20.44165449490191,18
AZT,0.0,.KLK..T..SML.,P.L.N...K.M..,21.142948874124517,18
AZT,0.0,.KLKHT..KC.L.,P.L.N...K.M..,21.05102744074275,18
AZT,0.0,.KLKNT..K...D,P.L.N...K.M..,21.14002871411086,18
AZT,0.0,.KLKS...K...D,P.L.N...K.M..,20.672115070661373,18
AZT,0.0,.KV.HTT...MQD,P.L.N...K.M..,20.859679927754684,18
AZT,0.0,.KV.HTT.K..LD,P.L.N...K.M..,21.26120682187769,18
AZT,0.0,.KV.NT...CM..,P.L.N...K.M..,15.057457529949064,18
AZT,0.0,.KVKN...KS.LD,P.L.N...K.M..,17.274648612524523,18
AZT,0.0,P..KNT..KS.QD,PKLKST......D,2.081669654054206,2
AZT,0.0,P..KS...KCMLD,P.L.N...K.M..,20.266061811901146,18
AZT,0.0,P.L.N...K.M..,......TSK..QD,21.28634565015485,18
AZT,0.0,P.L.N...K.M..,....S.TSKS..D,20.48623683356465,18
AZT,0.0,P.L.N...K.M..,....STT.KSMQD,20.708309578875934,18
AZT,0.0,P.L.N...K.M..,...KN.T......,23.115170297140256,17
AZT,0.0,P.L.N...K.M..,...KNTTSKC.QD,20.293397194007447,18
AZT,0.0,P.L.N...K.M..,...KS..SK.M.D,20.968928548546078,18
AZT,0.0,P.L.N...K.M..,...KS.T..CML.,20.605112209307297,18
AZT,0.0,P.L.N...K.M..,..L......S.L.,21.211591507626625,18
AZT,0.0,P.L.N...K.M..,..L...TSKS.QD,20.75972541835013,18
AZT,0.0,P.L.N...K.M..,..L..TT.KS.Q.,6.544950740310547,18
AZT,0.0,P.L.N...K.M..,..L.HT.S.SM.D,21.054736847648254,18
AZT,0.0,P.L.N...K.M..,..L.HT.SK..QD,39.2460274315856,34
AZT,0.0,P.L.N...K.M..,..L.N...K..Q.,21.324373511497495,18
AZT,0.0,P.L.N...K.M..,..L.NT.S..MLD,21.543733132724032,18
AZT,0.0,P.L.N...K.M..,..LKHT.SKC..D,20.507266675750138,18
AZT,0.0,P.L.N...K.M..,..LKNT..KS.L.,20.877834670825397,18
AZT,0.0,P.L.N...K.M..,..V......S..D,20.97871854522562,18
AZT,0.0,P.L.N...K.M..,..V.N...KC.QD,21.127863440906832,18
AZT,0.0,P.L.N...K.M..,..V.NT.S..M.D,20.73676794227296,18
AZT,0.0,P.L.N...K.M..,..V.STTS.C.Q.,22.507471881803113,18
AZT,0.0,P.L.N...K.M..,..VKNTT..SM.D,17.809326321892378,18
AZT,0.0,P.L.N...K.M..,.K...TT.KS.Q.,20.61997080322793,18
AZT,0.0,P.L.N...K.M..,.K..HTT..SMQD,22.47229756455052,18
AZT,0.0,P.L.N...K.M..,.K..N....C..D,21.97677979608897,18
AZT,0.0,P.L.N...K.M..,.K..N...K..QD,19.90006322021468,18
AZT,0.0,P.L.N...K.M..,.K..NT..KC..D,21.08067271112602,18
AZT,0.0,P.L.N...K.M..,.K..S.TSKSML.,20.846711859818434,18
AZT,0.0,P.L.N...K.M..,.K..STTSKCM.D,21.370851360433175,18
AZT,0.0,P.L.N...K.M..,.K.K.T...C.Q.,20.502346173174217,18
AZT,0.0,P.L.N...K.M..,.K.K.TTSKS.QD,20.91772972167471,18
AZT,0.0,P.L.N...K.M..,.K.KNTT.KS.QD,20.725927829023295,18
AZT,0.0,P.L.N...K.M..,.K.KS.T.KSMQD,16.996946002958534,14
AZT,0.0,P.L.N...K.M..,.K.KS.TS.C.QD,20.836674511108438,18
AZT,0.0,P.L.N...K.M..,.KL...T.KC...,20.709291356152573,18
AZT,0.0,P.L.N...K.M..,.KL.HT.SK.MQ.,21.497278661408313,18
AZT,0.0,P.L.N...K.M..,.KL.HTTSKCM..,21.767835271844906,18
AZT,0.0,P.L.N...K.M..,.KL.NT..KS..D,20.25565725714682,18
AZT,0.0,P.L.N...K.M..,.KL.STTSKSMQD,20.18137704789024,18
AZT,0.0,P.L.N...K.M..,.KLKH.....MLD,20.334512153918716,18
AZT,0.0,P.L.N...K.M..,.KLKN.TSK..LD,21.510095549390925,18
AZT,0.0,P.L.N...K.M..,.KLKNT.SK..QD,20.55585989414319,18
AZT,0.0,P.L.N...K.M..,.KLKS.TSK..QD,20.856824579270356,18
AZT,0.0,P.L.N...K.M..,.KLKST.SKS.L.,22.39940800980587,18
AZT,0.0,P.L.N...K.M..,.KLKSTTSK.M..,21.36327976316946,18
AZT,0.0,P.L.N...K.M..,.KV..T..KSMQD,20.19464172648847,18
AZT,0.0,P.L.N...K.M..,.KV.S..SKS..D,20.80303961711071,18
AZT,0.0,P.L.N...K.M..,.KV.STT..C.QD,0.6818028735471984,34
AZT,0.0,P.L.N...K.M..,.KVKH.T.K...D,24.960444986732895,18
AZT,0.0,P.L.N...K.M..,.KVKH.TSKSML.,25.061408352226035,18
AZT,0.0,P.L.N...K.M..,.KVKN....S..D,15.519933880939243,18
AZT,0.0,P.L.N...K.M..,P.......KC.LD,22.759023131024207,18
AZT,0.0,P.L.N...K.M..,P..KNT..KS.QD,18.41938047847091,16
AZT,0.0,P.L.N...K.M..,P.L..T...CMLD,30.209842209253875,17
AZT,0.0,P.L.N...K.M..,P.L.S..SK..LD,21.60226800341102,18
AZT,0.0,P.L.N...K.M..,P.V.HT...CMQD,30.633671296991842,17
AZT,0.0,P.L.N...K.M..,P.VK...S..MQ.,25.527862047686167,18
AZT,0.0,P.L.N...K.M..,PK..HT.S...QD,31.818791504066624,17
AZT,0.0,P.L.N...K.M..,PK.K.T......D,25.67022923643261,18
AZT,0.0,P.L.N...K.M..,PK.KNT.S.CML.,33.160436574481324,17
AZT,0.0,P.L.N...K.M..,PKL...TS.S.QD,23.786413561715193,18
AZT,0.0,P.L.N...K.M..,PKL..T.S.SMQD,30.517092318052317,17
AZT,0.0,P.L.N...K.M..,PKL.HT.S.CMLD,32.47212646363426,17
AZT,0.0,P.L.N...K.M..,PKL.S.T..SM.D,21.7438617553259,18
AZT,0.0,P.L.N...K.M..,PKLKS...KCMQ.,20.733774320806567,18
AZT,0.0,P.L.N...K.M..,PKLKST......D,81193.38429826123,94056
AZT,0.0,P.L.N...K.M..,PKV..T.S.SM..,29.004632950749233,14
AZT,0.0,P.L.N...K.M..,PKV.STTSK..QD,28.453988425234144,17
AZT,0.0,P.L.N...K.M..,PKVKHTT.K..LD,34.521498192118536,18
AZT,0.0,P.L.N...K.M..,PKVKN.TS.S.LD,23.53701283182248,18
AZT,0.0,P.VKHT..KS.LD,P.L.N...K.M..,21.693736667658953,16
AZT,0.0,P.VKHT..KS.LD,PKLKST......D,3.3823478423375413,2
AZT,0.0,P.VKN.T..S.Q.,P.L.N...K.M..,20.313606755521757,15
AZT,0.0,P.VKN.T..S.Q.,PKLKST......D,4.663691297039055,3
AZT,0.0,PKL.N...KS.QD,P.L.N...K.M..,21.252712347084586,18
AZT,0.0,PKL.N..S.SM.D,P.L.N...K.M..,21.2938727835561,18
AZT,0.0,PKLKH.T.K.MQD,P.L.N...K.M..,13.257161362660614,18
AZT,0.0,PKLKST......D,.K.KS.T.KSMQD,4.392561466741637,4
AZT,0.0,PKLKST......D,P.L..T...CMLD,1.4975360906066422,1
AZT,0.0,PKLKST......D,P.V.HT...CMQD,2.0287958462575415,1
AZT,0.0,PKLKST......D,PK..HT.S...QD,1.6833261554091807,1
AZT,0.0,PKLKST......D,PK.KNT.S.CML.,1.7502812553414044,1
AZT,0.0,PKLKST......D,PKL..T.S.SMQD,1.631359481682066,1
AZT,0.0,PKLKST......D,PKL.HT.S.CMLD,1.7002883102076987,1
AZT,0.0,PKLKST......D,PKV..T.S.SM..,6.489093919135538,4
AZT,0.0,PKLKST......D,PKV.STTSK..QD,1.5138631031645022,1
AZT,0.0,PKV.S...KS..D,P.L.N...K.M..,18.613389938050446,16
AZT,0.0,PKV.S...KS..D,PKLKST......D,2.5186018284843916,2
AZT,0.0,PKVKHTT..C.L.,P.L.N...K.M..,20.581247615415997,14
AZT,0.0,PKVKHTT..C.L.,PKLKST......D,7.216463468473652,4
AZT,0.44,..V....S.....,..VKS...K..QD,3.50496856350222,1
AZT,0.44,..V....S.....,PKLKS..S.C.LD,38.102545169170014,17
AZT,0.44,..VKS...K..QD,..L.ST..K.MLD,13.951416861486665,10
AZT,0.44,..VKS...K..QD,P..KN...K.M..,22.668405681639022,18
AZT,0.44,.KV..T.S.....,..VKS...K..QD,14.911881148785987,3
AZT,0.44,.KV..T.S.....,PKLKS..S.C.LD,33.268331459226005,15
AZT,0.44,P...HTT..SM..,PKLKS..S.C.LD,50.30177223366581,18
AZT,0.44,P...NT.S.SML.,PKLKS..S.C.LD,38.56982444085706,18
AZT,0.44,P..K.TT..C.Q.,PKLKS..S.C.LD,35.837718447933675,18
AZT,0.44,P.L..TT...MQD,PKLKS..S.C.LD,40.5006689877546,18
AZT,0.44,P.LKNTTSK.MLD,..VKS...K..QD,3.243683124988211,1
AZT,0.44,P.LKNTTSK.MLD,PKLKS..S.C.LD,30.51060394233557,17
AZT,0.44,P.LKSTT..SM..,..VKS...K..QD,5.174948737180631,1
AZT,0.44,P.LKSTT..SM..,PKLKS..S.C.LD,44.13247034582639,17
AZT,0.44,P.V..TT.KSML.,PKLKS..S.C.LD,38.20561650433805,18
AZT,0.44,PK...T..K.MQD,..VKS...K..QD,10.959583091138983,3
AZT,0.44,PK...T..K.MQD,PKLKS..S.C.LD,35.90782239015997,15
AZT,0.44,PK..H.TSKC.QD,..VKS...K..QD,3.547099649933869,1
AZT,0.44,PK..H.TSKC.QD,PKLKS..S.C.LD,31.086138351667316,17
AZT,0.44,PK..HTT..S..D,PKLKS..S.C.LD,36.85064501815079,18
AZT,0.44,PK.K...S.SM.D,..VKS...K..QD,12.007415039482837,2
AZT,0.44,PK.K...S.SM.D,PKLKS..S.C.LD,42.681200332946084,16
AZT,0.44,PK.K..T.K.MQ.,..VKS...K..QD,19.09442154311129,4
AZT,0.44,PK.K..T.K.MQ.,PKLKS..S.C.LD,30.280612423918154,14
AZT,0.44,PK.K.T.S.CM..,..VKS...K..QD,27.279224263665704,4
AZT,0.44,PK.K.T.S.CM..,PKLKS..S.C.LD,40.854172193056286,14
AZT,0.44,PK.KHTTS...L.,..VKS...K..QD,11.778134813459761,3
AZT,0.44,PK.KHTTS...L.,PKLKS..S.C.LD,30.578367121393747,15
AZT,0.44,PK.KS..S.SMLD,PKLKS..S.C.LD,31.717494338815204,18
AZT,0.44,PKL..T..KC.LD,PKLKS..S.C.LD,43.08015789221017,18
AZT,0.44,PKL.HT.S.SM..,PKLKS..S.C.LD,43.079788472849785,18
AZT,0.44,PKL.HT.SK.MQD,..VKS...K..QD,18.524245916456728,4
AZT,0.44,PKL.HT.SK.MQD,PKLKS..S.C.LD,39.30583785344977,14
AZT,0.44,PKL.HTTS...LD,PKLKS..S.C.LD,53.73968791557306,18
AZT,0.44,PKLK......M.D,..VKS...K..QD,17.006282348848984,4
AZT,0.44,PKLK......M.D,PKLKS..S.C.LD,23.192004569084222,14
AZT,0.44,PKLK.TT.KCM..,..VKS...K..QD,3.028383022975854,1
AZT,0.44,PKLK.TT.KCM..,PKLKS..S.C.LD,35.00432626017559,17
AZT,0.44,PKLK.TTS.CMQD,PKLKS..S.C.LD,41.46834156867287,18
AZT,0.44,PKLKS..S.C.LD,..L.ST..K.MLD,25.721868754740708,8
AZT,0.44,PKLKS..S.C.LD,..VKS...K..QD,133157.37121092103,60063
AZT,0.44,PKLKS..S.C.LD,.KVK..TSKCML.,37.79581464242441,18
AZT,0.44,PKLKS..S.C.LD,P....T...SM..,33.20299807541566,18
AZT,0.44,PKLKS..S.C.LD,P..KHTTS.C.Q.,35.50487362982693,18
AZT,0.44,PKLKS..S.C.LD,P.VKST.SKS.L.,38.20299857177053,18
AZT,0.44,PKLKS..S.C.LD,PK...T....MQ.,38.807498059571806,18
AZT,0.44,PKLKS..S.C.LD,PK..NTTS..MQD,46.017340133317596,18
AZT,0.44,PKLKS..S.C.LD,PKL..TT...M.D,42.25948295128215,18
AZT,0.44,PKLKS..S.C.LD,PKL..TT..S.Q.,37.44859969355104,18
AZT,0.44,PKLKS..S.C.LD,PKL.HTTSKCM.D,41.39523363973347,18
AZT,0.44,PKLKS..S.C.LD,PKL.ST.SKSM.D,34.4572622651816,18
AZT,0.44,PKLKS..S.C.LD,PKLK..T.KSMQD,41.410187380478625,18
AZT,0.44,PKLKS..S.C.LD,PKLK.T..KC.L.,38.37983140351363,18
AZT,0.44,PKLKS..S.C.LD,PKLKST.SKS.LD,39.67065264785303,18
AZT,0.44,PKLKS..S.C.LD,PKV......CM..,40.44199553098615,18
AZT,0.44,PKLKS..S.C.LD,PKV..TT....LD,38.61833494933154,18
AZT,0.44,PKLKS..S.C.LD,PKV.NTT..CM..,38.788307068084734,18
AZT,0.44,PKLKS..S.C.LD,PKV.S.TS.C.QD,28.67203788007025,18
AZT,0.44,PKV..T..KS.LD,PKLKS..S.C.LD,82.05600484290596,34
AZT,0.44,PKV.NTTS.C...,PKLKS..S.C.LD,39.54721094245388,18
AZT,0.44,PKVK.T...CM..,..VKS...K..QD,15.310874112269417,1
AZT,0.44,PKVK.T...CM..,PKLKS..S.C.LD,141.63697215861714,17
AZT,0.44,PKVK.T.SKSM.D,..VKS...K..QD,11.940124036700778,3
AZT,0.44,PKVK.T.SKSM.D,PKLKS..S.C.LD,35.60552461830025,15
AZT,0.44,PKVKHTTS.SML.,PKLKS..S.C.LD,78.3980142618726,18
AZT,0.44,PKVKST.S.SM.D,PKLKS..S.C.LD,35.445100999445,18
AZT,0.44,PKVKSTTS.SMLD,PKLKS..S.C.LD,40.170399961266455,18
AZT,0.44,PKVKSTTSKSML.,PKLKS..S.C.LD,42.544117053156924,18
AZT,1.33,..VK.TT..SM..,PKLK..TS.....,30.667616637430452,18
AZT,1.33,.K..STTSK..L.,P...N...K.MQD,18.582610044659944,4
AZT,1.33,.K..STTSK..L.,PKLK..TS.....,23.361729420898122,14
AZT,1.33,.KL.N...KSM.D,P...N...K.MQD,6.620886640674733,3
AZT,1.33,.KV...TSKCM..,PKLK..TS.....,35.65912135026376,18
AZT,1.33,P...H..SKC.LD,P...N...K.MQD,7.902371845534348,1
AZT,1.33,P...H..SKC.LD,PKLK..TS.....,36.74931969610458,17
AZT,1.33,P...N...K.MQD,PKVKNTT..SM..,1.8486060118557157,1
AZT,1.33,P...N..SKC.L.,P...N...K.MQD,7.574746407328047,1
AZT,1.33,P...N..SKC.L.,PKLK..TS.....,38.71080470157832,17
AZT,1.33,P...NTT.KSMQ.,PKLK..TS.....,65.5586100749582,18
AZT,1.33,P...ST...SMQ.,PKLK..TS.....,39.387077971711385,18
AZT,1.33,P.L..TT..SM.D,PKLK..TS.....,38.71213327456371,18
AZT,1.33,P.V..TTS.C...,PKLK..TS.....,37.63766226381245,18
AZT,1.33,P.V..TTSKSMQD,PKLK..TS.....,39.03359054181958,18
AZT,1.33,PK...TT...ML.,PKLK..TS.....,58.98602766258846,18
AZT,1.33,PK...TT..SMQ.,PKLK..TS.....,49.29493514721554,18
AZT,1.33,PK.KHTT...MQD,P...N...K.MQD,3.8306637036387188,1
AZT,1.33,PK.KHTT...MQD,PKLK..TS.....,42.973666759624514,17
AZT,1.33,PKL..T.S.CML.,PKLK..TS.....,40.064110964467694,18
AZT,1.33,PKL..TTSKSMQ.,PKLK..TS.....,44.05188319257297,18
AZT,1.33,PKL.HTTSK.MQ.,PKLK..TS.....,31.834460707459264,18
AZT,1.33,PKL.N...KCML.,P...N...K.MQD,1.9819645164283586,1
AZT,1.33,PKL.NT.S...Q.,PKLK..TS.....,59.25664739709539,18
AZT,1.33,PKL.NT.SKC.QD,PKLK..TS.....,37.88788654682739,18
AZT,1.33,PKL.STT..S.L.,PKLK..TS.....,34.92798105551262,18
AZT,1.33,PKLK...SKSML.,P...N...K.MQD,7.530311047004571,1
AZT,1.33,PKLK...SKSML.,PKLK..TS.....,50.14662251573932,17
AZT,1.33,PKLK..TS.....,....S....SMQD,33.602967393358995,18
AZT,1.33,PKLK..TS.....,...K..TSKC..D,35.28743559522045,18
AZT,1.33,PKLK..TS.....,..V.H.T..S..D,35.058063689766506,18
AZT,1.33,PKLK..TS.....,.KL..TT.KC...,33.60865234310866,18
AZT,1.33,PKLK..TS.....,.KL.N...KSM.D,20.843994745240636,15
AZT,1.33,PKLK..TS.....,.KVK..TSKCML.,49.99075852752225,18
AZT,1.33,PKLK..TS.....,P...N...K.MQD,117034.13197427032,43477
AZT,1.33,PKLK..TS.....,P...NT.S.C.LD,36.05290406647727,18
AZT,1.33,PKLK..TS.....,P..K.....SML.,41.871072423938685,18
AZT,1.33,PKLK..TS.....,P..K.T..KSMLD,33.9591307500105,18
AZT,1.33,PKLK..TS.....,P..K.TT.KCMLD,36.33733306284218,18
AZT,1.33,PKLK..TS.....,P.L....S...LD,36.30001252498965,18
AZT,1.33,PKLK..TS.....,P.L..T.SKSM.D,42.50947045024585,18
AZT,1.33,PKLK..TS.....,P.L.HTTS.C..D,39.437805930622005,18
AZT,1.33,PKLK..TS.....,P.L.HTTS.S.L.,42.64474371932058,18
AZT,1.33,PKLK..TS.....,P.V.N..S.SMQ.,34.6603008368182,18
AZT,1.33,PKLK..TS.....,P.V.ST.S.CMLD,34.32286596803922,18
AZT,1.33,PKLK..TS.....,P.VKHT.S.S.Q.,39.28423497049001,18
AZT,1.33,PKLK..TS.....,P.VKHTTS.SMQ.,39.499656368920945,18
AZT,1.33,PKLK..TS.....,P.VKSTTS.CMLD,37.4803992893361,18
AZT,1.33,PKLK..TS.....,PK..NTTS..MQD,58.1305112253562,18
AZT,1.33,PKLK..TS.....,PK.K.T.S.S.LD,42.47087708806363,18
AZT,1.33,PKLK..TS.....,PK.KSTTS...L.,42.85351423974381,18
AZT,1.33,PKLK..TS.....,PKL..TT..S.Q.,40.10730723164746,18
AZT,1.33,PKLK..TS.....,PKL.HT.S.CMLD,42.114860777911474,18
AZT,1.33,PKLK..TS.....,PKL.HTTSKCM.D,45.83890862780919,18
AZT,1.33,PKLK..TS.....,PKL.N...KCML.,33.22663615060079,17
AZT,1.33,PKLK..TS.....,PKLK.T..KC.L.,43.383287323007906,17
AZT,1.33,PKLK..TS.....,PKLKH.TS.S.LD,35.90324275031068,18
AZT,1.33,PKLK..TS.....,PKLKNT.S.S.LD,42.42402598163548,18
AZT,1.33,PKLK..TS.....,PKV...TSK..LD,35.07587566528701,18
AZT,1.33,PKLK..TS.....,PKV.HT..KSML.,39.37063221821235,18
AZT,1.33,PKLK..TS.....,PKV.N.T...MQD,31.40021312263664,18
AZT,1.33,PKLK..TS.....,PKV.NT.SKSMQ.,49.51616085057383,18
AZT,1.33,PKLK..TS.....,PKV.STT..CM.D,49.893258024838374,18
AZT,1.33,PKLK..TS.....,PKV.STT.K.MQD,45.83533875059404,18
AZT,1.33,PKLK..TS.....,PKVKNTT...MQ.,57.24754163755959,18
AZT,1.33,PKLK..TS.....,PKVKNTT..S.L.,37.696772125260246,18
AZT,1.33,PKLK..TS.....,PKVKNTT..SM..,45.97239664207042,17
AZT,1.33,PKLK..TS.....,PKVKS..S.CMLD,35.02791137944243,18
AZT,1.33,PKLK..TS.....,PKVKST...S..D,46.55737000081232,18
AZT,1.33,PKLK..TS.....,PKVKST.S.CML.,41.43453613547729,18
AZT,1.33,PKLK.T...CMQ.,PKLK..TS.....,240.4876952251459,18
AZT,1.33,PKLKNT...SML.,PKLK..TS.....,48.962775751516205,17
AZT,1.33,PKLKNT...SML.,PKLKST...SML.,1.567540686741245,1
AZT,1.33,PKLKST...SML.,PKLK..TS.....,33.23347607004255,17
AZT,1.33,PKLKST..KC.L.,P...N...K.MQD,12.210963871510227,2
AZT,1.33,PKLKST..KC.L.,PKLK..TS.....,39.551379537167875,15
AZT,1.33,PKLKST..KC.L.,PKLK.T..KC.L.,5.5829022805396145,1
AZT,1.33,PKV..TT..SML.,PKLK..TS.....,42.35037396686973,17
AZT,1.33,PKV.HT.S..M..,PKLK..TS.....,64.2772312180582,18
AZT,1.33,PKV.N.T.KCM.D,P...N...K.MQD,4.29869380391819,1
AZT,1.33,PKV.N.T.KCM.D,PKLK..TS.....,35.6467391999983,17
AZT,1.33,PKV.NTTS.SML.,PKLK..TS.....,79.83407993874307,34
AZT,1.33,PKV.S.....MQD,P...N...K.MQD,4.797106634240078,1
AZT,1.33,PKV.S.....MQD,PKLK..TS.....,34.947765360089726,17
AZT,1.33,PKVK.T....MQD,PKLK..TS.....,45.19988624800149,18
AZT,1.33,PKVK.T.S.S.L.,P...N...K.MQD,6.348104927999592,1
AZT,1.33,PKVK.T.S.S.L.,PKLK..TS.....,63.85634782090003,16
AZT,1.33,PKVK.TTS.CM.D,PKLK..TS.....,50.678588135870825,18
AZT,4.0,....HT.S...L.,P.VKS...K..Q.,2.2299612440989756,1
AZT,4.0,..VK..T..CMLD,PKL.....KS.L.,43.214448368057745,18
AZT,4.0,..VKS.TSK....,P.VKS...K..Q.,10.4191124403904,1
AZT,4.0,..VKS.TSK....,PKL.....KS.L.,41.2786121579672,17
AZT,4.0,.K..N.T.KCMQ.,P.VKS...K..Q.,3.796240904291869,2
AZT,4.0,.K.KH....CML.,P.VKS...K..Q.,2.39170622535458,1
AZT,4.0,.K.KNT..KSMLD,P.VKS...K..Q.,4.618522529340968,2
AZT,4.0,.KL.NTTSKS.LD,PKL.....KS.L.,34.0579189868903,18
AZT,4.0,.KVK.....C.QD,PKL.....KS.L.,35.26606354496524,18
AZT,4.0,.KVK...SKS.Q.,PKL.....KS.L.,34.68350173751275,18
AZT,4.0,.KVK.T.....LD,PKL.....KS.L.,39.16700600045225,17
AZT,4.0,.KVK.T.....LD,PKVK.T.....LD,5.055768225982833,1
AZT,4.0,P.......K....,P.VKS...K..Q.,7.761050570103943,4
AZT,4.0,P...N..S.....,P.VKS...K..Q.,16.5291419707223,2
AZT,4.0,P...N..S.....,PKL.....KS.L.,37.380668942119236,16
AZT,4.0,P..K....K.ML.,P.VKS...K..Q.,7.1779926039178426,4
AZT,4.0,P..KN.T...MQ.,P.VKS...K..Q.,8.216420887097573,5
AZT,4.0,P.L..T..K..L.,PKL.....KS.L.,56.47851880319491,18
AZT,4.0,P.L.HT.SK..LD,PKL.....KS.L.,38.78628025993017,18
AZT,4.0,P.LK.TT..C..D,PKL.....KS.L.,35.85707327200849,18
AZT,4.0,P.LK.TT.K..LD,PKL.....KS.L.,38.275953810248346,18
AZT,4.0,P.LKH...KS...,P.VKS...K..Q.,28.493121829147608,4
AZT,4.0,P.LKH...KS...,PKL.....KS.L.,31.43530950823285,14
AZT,4.0,P.LKHT.S.CMQD,PKL.....KS.L.,43.460382352374815,18
AZT,4.0,P.LKHTT.KCMQ.,P.VKS...K..Q.,5.6905312906118635,1
AZT,4.0,P.LKHTT.KCMQ.,PKL.....KS.L.,40.019263323101704,17
AZT,4.0,P.LKHTTS.C.LD,PKL.....KS.L.,41.47240786475602,18
AZT,4.0,P.LKS.TSKC...,PKL.....KS.L.,43.44528925232586,18
AZT,4.0,P.V...TS..M..,P.V....S..M..,9.340565289727603,1
AZT,4.0,P.V...TS..M..,PKL.....KS.L.,51.450311929188395,17
AZT,4.0,P.VK...SK..L.,P.VKS...K..Q.,7.563715892522982,1
AZT,4.0,P.VK...SK..L.,PKL.....KS.L.,39.59661974362798,17
AZT,4.0,P.VKNT.S..MQD,PKL.....KS.L.,52.91450734202713,18
AZT,4.0,P.VKS..SK...D,P.VKS...K..Q.,16.8789972018227,2
AZT,4.0,P.VKS..SK...D,PKL.....KS.L.,36.503354906660405,16
AZT,4.0,P.VKST.S..MLD,PKL.....KS.L.,36.37732591552766,17
AZT,4.0,P.VKST.S..MLD,PKVKST.S..MLD,5.231485777724526,1
AZT,4.0,P.VKSTTSKCMQ.,PKL.....KS.L.,38.52950230493677,18
AZT,4.0,PK...T..K.MQD,PKL.....KS.L.,85.65717589626246,34
AZT,4.0,PK...T..KCM.D,PKL.....KS.L.,55.44582984303874,18
AZT,4.0,PK...TTS..M.D,PKL.....KS.L.,38.32092124381815,18
AZT,4.0,PK...TTSKCMLD,PKL.....KS.L.,50.02780473396781,18
AZT,4.0,PK..HTTSKSMQ.,PKL.....KS.L.,58.818284663468056,18
AZT,4.0,PK.K.TT..SMQD,PKL.....KS.L.,53.82910482474247,18
AZT,4.0,PK.K.TTSK.MQD,PKL.....KS.L.,50.18765978015114,18
AZT,4.0,PK.KHTT..C...,P.VKS...K..Q.,1.8055566054882026,1
AZT,4.0,PK.KS..S.SM..,P.VKS...K..Q.,4.111459080188382,1
AZT,4.0,PK.KS..S.SM..,PKL.....KS.L.,42.16432385985585,17
AZT,4.0,PK.KST.S.CM..,PKL.....KS.L.,40.19624136216496,18
AZT,4.0,PKL......SML.,P.L......SML.,5.855760087442743,1
AZT,4.0,PKL......SML.,PKL.....KS.L.,41.55905696125497,17
AZT,4.0,PKL.....KS.L.,.....T.S.S.L.,41.896093405220796,18
AZT,4.0,PKL.....KS.L.,....HT.S...L.,37.82546328578373,17
AZT,4.0,PKL.....KS.L.,...KH.TSKC...,54.9540692726656,18
AZT,4.0,PKL.....KS.L.,...KH.TSKS.L.,31.21055950247315,18
AZT,4.0,PKL.....KS.L.,..L.S.TS.CM..,40.69550832707786,18
AZT,4.0,PKL.....KS.L.,..LK.TTS...Q.,40.37911520254029,18
AZT,4.0,PKL.....KS.L.,..V..TT.KC.QD,41.01712075499026,18
AZT,4.0,PKL.....KS.L.,..V.N.TS...LD,35.48563853302179,18
AZT,4.0,PKL.....KS.L.,..V.N.TS.C.QD,35.144732335655355,18
AZT,4.0,PKL.....KS.L.,..VK...S.SMLD,36.0252313313932,18
AZT,4.0,PKL.....KS.L.,..VK...SKC.Q.,35.398729420034414,18
AZT,4.0,PKL.....KS.L.,..VK.T.S.C...,41.52716440952134,18
AZT,4.0,PKL.....KS.L.,..VKN.T.KS.LD,33.27302453692941,18
AZT,4.0,PKL.....KS.L.,..VKSTTSK..LD,37.626792254037596,18
AZT,4.0,PKL.....KS.L.,.K..H..S.C.LD,37.34362523124541,18
AZT,4.0,PKL.....KS.L.,.K..HTTSKC.LD,32.97026202451481,18
AZT,4.0,PKL.....KS.L.,.K..N.T.KCMQ.,34.773871333744054,16
AZT,4.0,PKL.....KS.L.,.K.KH....CML.,34.87175508948497,17
AZT,4.0,PKL.....KS.L.,.K.KNT..KSMLD,30.89949599596771,16
AZT,4.0,PKL.....KS.L.,.KL.H.TS.C.Q.,45.20063113290962,18
AZT,4.0,PKL.....KS.L.,.KL.N.T..SM..,32.8466084809272,18
AZT,4.0,PKL.....KS.L.,.KV..T...C.QD,36.01171652256466,18
AZT,4.0,PKL.....KS.L.,.KV.H..S....D,45.23162226630316,18
AZT,4.0,PKL.....KS.L.,.KV.H.T.KS.LD,36.274396691074266,18
AZT,4.0,PKL.....KS.L.,.KV.ST.S..M.D,40.924242346631615,18
AZT,4.0,PKL.....KS.L.,.KV.STTS.S.LD,49.04178578772736,18
AZT,4.0,PKL.....KS.L.,.KVK.T.SKC.L.,46.17072262403424,18
AZT,4.0,PKL.....KS.L.,P.......K....,35.15940011517499,14
AZT,4.0,PKL.....KS.L.,P.......KC.Q.,37.83705518665564,18
AZT,4.0,PKL.....KS.L.,P...ST.S.SMQ.,50.146055890106894,18
AZT,4.0,PKL.....KS.L.,P..K....K.ML.,32.89325475735673,14
AZT,4.0,PKL.....KS.L.,P..K.T.....LD,38.21748703485181,18
AZT,4.0,PKL.....KS.L.,P..K.T..KSMLD,51.89028012357574,18
AZT,4.0,PKL.....KS.L.,P..KHTTSKCMQ.,57.10979044093822,18
AZT,4.0,PKL.....KS.L.,P..KN.T...MQ.,35.191607908454024,13
AZT,4.0,PKL.....KS.L.,P..KN.TS.SMQ.,35.672742267010676,18
AZT,4.0,PKL.....KS.L.,P..KNT...CMLD,42.28442641266876,18
AZT,4.0,PKL.....KS.L.,P.L......CMQD,38.08830218239679,18
AZT,4.0,PKL.....KS.L.,P.L......SML.,46.003073243986464,17
AZT,4.0,PKL.....KS.L.,P.L....S...LD,51.99588783858109,18
AZT,4.0,PKL.....KS.L.,P.L..T...C..D,34.55824697191818,18
AZT,4.0,PKL.....KS.L.,P.L..T...CMLD,52.378309571150446,18
AZT,4.0,PKL.....KS.L.,P.L..T.SKSM.D,45.65193158310207,18
AZT,4.0,PKL.....KS.L.,P.L..TT.K.MLD,41.37320496755906,18
AZT,4.0,PKL.....KS.L.,P.L.HTTS.S.L.,54.80995628913039,18
AZT,4.0,PKL.....KS.L.,P.L.HTTSKCM..,38.81774620672079,18
AZT,4.0,PKL.....KS.L.,P.L.N.T...MQD,36.38311354979657,18
AZT,4.0,PKL.....KS.L.,P.L.STT..S...,35.28342008583952,18
AZT,4.0,PKL.....KS.L.,P.LKH.T.KC.L.,45.41567562926372,18
AZT,4.0,PKL.....KS.L.,P.LKHT.SK.MLD,44.43293226749168,18
AZT,4.0,PKL.....KS.L.,P.LKHTT...M.D,43.73866657281248,18
AZT,4.0,PKL.....KS.L.,P.LKHTT..SM..,46.372959560349955,18
AZT,4.0,PKL.....KS.L.,P.V....S..M..,60.97279406877219,17
AZT,4.0,PKL.....KS.L.,P.V..T.......,43.072703768705786,18
AZT,4.0,PKL.....KS.L.,P.V..T..K.MLD,44.364444183384194,18
AZT,4.0,PKL.....KS.L.,P.V..TT.K.MQD,45.28273925365414,18
AZT,4.0,PKL.....KS.L.,P.V.H.T.KC.L.,37.40243913347953,18
AZT,4.0,PKL.....KS.L.,P.V.H.TS.....,41.279048558727055,18
AZT,4.0,PKL.....KS.L.,P.V.H.TS...LD,43.53463220453628,18
AZT,4.0,PKL.....KS.L.,P.V.N.TS.CMQD,37.227082676331435,18
AZT,4.0,PKL.....KS.L.,P.V.ST..KCMLD,47.06452777697919,18
AZT,4.0,PKL.....KS.L.,P.V.ST.S.CMLD,37.135651036888866,18
AZT,4.0,PKL.....KS.L.,P.VKH..S.SM..,38.211631220630366,18
AZT,4.0,PKL.....KS.L.,P.VKHT...S.QD,38.79467898019578,18
AZT,4.0,PKL.....KS.L.,P.VKHTTS.C.L.,45.551144631042646,18
AZT,4.0,PKL.....KS.L.,P.VKHTTS.SMQ.,92.1184791060233,34
AZT,4.0,PKL.....KS.L.,P.VKN.TS..MQD,45.93767665906587,18
AZT,4.0,PKL.....KS.L.,P.VKNTTS..MQ.,45.15430759903655,18
AZT,4.0,PKL.....KS.L.,P.VKNTTSKSM.D,49.97695127555669,18
AZT,4.0,PKL.....KS.L.,P.VKS...K..Q.,99591.79280856233,28731
AZT,4.0,PKL.....KS.L.,P.VKST.SKCMQD,35.960175097074355,18
AZT,4.0,PKL.....KS.L.,PK........M.D,43.83479669078184,18
AZT,4.0,PKL.....KS.L.,PK....T...MQ.,59.999916099880394,18
AZT,4.0,PKL.....KS.L.,PK...T..KS.LD,39.871834564917265,18
AZT,4.0,PKL.....KS.L.,PK...TT...MLD,46.62805519477053,18
AZT,4.0,PKL.....KS.L.,PK...TT..S...,40.79005391801821,18
AZT,4.0,PKL.....KS.L.,PK.K.TT.KSM..,58.304223874203444,18
AZT,4.0,PKL.....KS.L.,PK.KHTT..C...,29.669429184296376,17
AZT,4.0,PKL.....KS.L.,PK.KN.TS.CMLD,36.719996323572545,18
AZT,4.0,PKL.....KS.L.,PK.KNTT...MQD,50.78898923556331,18
AZT,4.0,PKL.....KS.L.,PK.KS..S.CM.D,43.273614283605696,18
AZT,4.0,PKL.....KS.L.,PK.KSTT....LD,47.67220547674519,18
AZT,4.0,PKL.....KS.L.,PK.KSTTS...L.,36.32384955759418,18
AZT,4.0,PKL.....KS.L.,PKL..T.S..MQD,47.155729343929494,18
AZT,4.0,PKL.....KS.L.,PKL..TTS.CMLD,54.939755586468365,18
AZT,4.0,PKL.....KS.L.,PKL.H.T.K.MLD,42.861080685077184,18
AZT,4.0,PKL.....KS.L.,PKL.HTTSKCM.D,52.16905112113469,18
AZT,4.0,PKL.....KS.L.,PKL.N..S.CML.,38.80243791605662,18
AZT,4.0,PKL.....KS.L.,PKL.NT...CM.D,36.52385726412164,18
AZT,4.0,PKL.....KS.L.,PKL.STT.KSM..,38.56302294898154,18
AZT,4.0,PKL.....KS.L.,PKL.STT.KSMLD,44.119986768870824,18
AZT,4.0,PKL.....KS.L.,PKL.STTS.C.LD,49.31118404868693,18
AZT,4.0,PKL.....KS.L.,PKLK...SKSMQ.,40.538973826793615,17
AZT,4.0,PKL.....KS.L.,PKLKHT.S.S...,48.124322144926936,18
AZT,4.0,PKL.....KS.L.,PKLKHT.S.SM.D,47.979471206370675,18
AZT,4.0,PKL.....KS.L.,PKLKHTTS...L.,44.28949059513929,18
AZT,4.0,PKL.....KS.L.,PKLKHTTSK.MQD,56.07980960427861,18
AZT,4.0,PKL.....KS.L.,PKLKS.TS.S..D,35.005939496992866,18
AZT,4.0,PKL.....KS.L.,PKLKST...SMQD,40.371336149786444,18
AZT,4.0,PKL.....KS.L.,PKLKST.S..MLD,32.934942887526795,16
AZT,4.0,PKL.....KS.L.,PKLKST.S.C.L.,57.33691479924208,18
AZT,4.0,PKL.....KS.L.,PKLKSTTS..M.D,40.40919892622572,18
AZT,4.0,PKL.....KS.L.,PKV.HT..KSML.,56.4229928138887,18
AZT,4.0,PKL.....KS.L.,PKV.NT.S.S.Q.,51.614187157702105,18
AZT,4.0,PKL.....KS.L.,PKV.NTTSKSM..,45.33481527524874,18
AZT,4.0,PKL.....KS.L.,PKV.S.TS.C.QD,43.24710829862183,18
AZT,4.0,PKL.....KS.L.,PKV.S.TS.CML.,47.44818636847088,18
AZT,4.0,PKL.....KS.L.,PKV.STT..CM.D,52.219348722839875,18
AZT,4.0,PKL.....KS.L.,PKV.STTSK.MLD,40.59796862470108,18
AZT,4.0,PKL.....KS.L.,PKVK.T.....LD,83.94625285878294,33
AZT,4.0,PKL.....KS.L.,PKVK.T...SM.D,102.7485588412066,34
AZT,4.0,PKL.....KS.L.,PKVK.TTS.CML.,35.239706371581796,18
AZT,4.0,PKL.....KS.L.,PKVKHT...S.Q.,52.66928286125576,18
AZT,4.0,PKL.....KS.L.,PKVKHT.S.CM.D,151.16462453110097,50
AZT,4.0,PKL.....KS.L.,PKVKHTTSKC..D,50.616747805862836,18
AZT,4.0,PKL.....KS.L.,PKVKN..S.CMQ.,37.026757222825104,17
AZT,4.0,PKL.....KS.L.,PKVKNTT...MQ.,54.89025024293333,18
AZT,4.0,PKL.....KS.L.,PKVKNTT..S.L.,47.71396424331224,18
AZT,4.0,PKL.....KS.L.,PKVKST.S..MLD,42.16087016290831,16
AZT,4.0,PKL.....KS.L.,PKVKSTT.KSMQD,36.66651198990711,18
AZT,4.0,PKL.....KS.L.,PKVKSTTS..MQD,72.89029289252858,17
AZT,4.0,PKL..TTSKS.LD,PKL.....KS.L.,35.48640205776008,18
AZT,4.0,PKL.NTT.KS.Q.,PKL.....KS.L.,39.13617453792219,18
AZT,4.0,PKL.S...K.MLD,P.VKS...K..Q.,5.376153891719351,1
AZT,4.0,PKL.S...K.MLD,PKL.....KS.L.,42.36722918000778,17
AZT,4.0,PKL.S..S.SMQ.,PKL.....KS.L.,38.12502607621294,18
AZT,4.0,PKLK...SKSML.,P.VKS...K..Q.,4.798033013230579,1
AZT,4.0,PKLK...SKSML.,PKL.....KS.L.,33.75076113090006,16
AZT,4.0,PKLK...SKSML.,PKLK...SKSMQ.,4.99473808472729,1
AZT,4.0,PKLK.T.S..MLD,PKL.....KS.L.,49.52113787059243,17
AZT,4.0,PKLK.T.S..MLD,PKLKST.S..MLD,5.036500667614776,1
AZT,4.0,PKLK.T.SKSMQD,PKL.....KS.L.,52.49791398689399,18
AZT,4.0,PKLK.TT..SM.D,PKL.....KS.L.,49.271962402046434,18
AZT,4.0,PKLKHT....MQ.,P.VKS...K..Q.,6.279661453928119,1
AZT,4.0,PKLKHT....MQ.,PKL.....KS.L.,43.94112067190655,17
AZT,4.0,PKLKHT...C.L.,PKL.....KS.L.,52.74804193621874,18
AZT,4.0,PKLKHTT..CMLD,PKL.....KS.L.,58.15235339400904,18
AZT,4.0,PKLKHTT..SML.,PKL.....KS.L.,51.30811494932052,18
AZT,4.0,PKLKN.TSKS.L.,PKL.....KS.L.,43.40346053012836,18
AZT,4.0,PKLKST.S..MLD,PKVKST.S..MLD,1.517082993631393,1
AZT,4.0,PKV...T..SMQ.,PKL.....KS.L.,73.26106041461796,18
AZT,4.0,PKV.HTT..S.LD,PKL.....KS.L.,41.67717767246488,18
AZT,4.0,PKV.NT.S.SM.D,PKL.....KS.L.,43.373266345974265,18
AZT,4.0,PKVK..TSK.M..,PKL.....KS.L.,50.31039013585395,18
AZT,4.0,PKVK.TTS.CM.D,PKL.....KS.L.,50.004532506051724,18
AZT,4.0,PKVKHT...CM..,P.VKS...K..Q.,6.931584447577408,1
AZT,4.0,PKVKHT...CM..,PKL.....KS.L.,34.92789929925579,17
AZT,4.0,PKVKHTTS.S.QD,PKL.....KS.L.,66.22152562060147,18
AZT,4.0,PKVKN..S.CM..,PKL.....KS.L.,43.79770093872132,17
AZT,4.0,PKVKN..S.CM..,PKVKN..S.CMQ.,4.703025873031825,1
AZT,4.0,PKVKNT.SK..L.,P.VKS...K..Q.,9.36693117400179,1
AZT,4.0,PKVKNT.SK..L.,PKL.....KS.L.,44.13055233763454,17
AZT,4.0,PKVKSTT...MQD,PKL.....KS.L.,67.88565134450602,17
AZT,4.0,PKVKSTT...MQD,PKVKSTTS..MQD,16.853551281633063,1
AZT,4.0,PKVKSTTS.S.L.,PKL.....KS.L.,46.608760913465126,18
AZT,12.0,......T..S.Q.,.K.KHT..KS..D,33.671963095791206,18
AZT,12.0,....H...KS...,P.LKN...K....,2.294205154222205,1
AZT,12.0,....H.TS..MQ.,....H.TS...Q.,1.6776330318363009,1
AZT,12.0,....HT.S....D,P.LKN...K....,1.9654918327859485,1
AZT,12.0,...KNT...CM..,P.LKN...K....,5.96622711089997,2
AZT,12.0,...KST..KS..D,P.LKN...K....,4.885912584691266,2
AZT,12.0,..L....SKC.QD,P.L....SKC.QD,1.7936006722666014,1
AZT,12.0,..LKNT..K..LD,P.LKN...K....,15.136839573775815,5
AZT,12.0,..LKST..KC..D,P.LKN...K....,4.038666300478607,1
AZT,12.0,..V..TT..CMQ.,.K.KHT..KS..D,32.86115971503839,18
AZT,12.0,..VKN....C...,P.LKN...K....,2.765070586880139,1
AZT,12.0,.K...TTSK...D,P.LKN...K....,2.5215309781351607,1
AZT,12.0,.K...TTSKSM.D,.K.KHT..KS..D,34.889143519125874,18
AZT,12.0,.K..N...KCM.D,P.LKN...K....,3.243084085294022,1
AZT,12.0,.K.K...S..ML.,P.LKN...K....,4.0722523424983565,2
AZT,12.0,.K.KH.T.KSMQ.,P.LKN...K....,3.2477875100646467,1
AZT,12.0,.K.KH.TSKC...,...KH.TSKC...,1.572275600692182,1
AZT,12.0,.K.KHT...C...,P.LKN...K....,2.81859243455164,1
AZT,12.0,.K.KHT..KS..D,...........Q.,38.373835054560715,18
AZT,12.0,.K.KHT..KS..D,..........MLD,33.3946812415391,18
AZT,12.0,.K.KHT..KS..D,.....TT.KC...,43.14447278256011,18
AZT,12.0,.K.KHT..KS..D,....H...KS...,47.4478356258856,17
AZT,12.0,.K.KHT..KS..D,....H.TS...LD,49.30700178527548,18
AZT,12.0,.K.KHT..KS..D,....H.TS...Q.,49.572407700001435,17
AZT,12.0,.K.KHT..KS..D,....H.TS..MQ.,31.245519334490027,17
AZT,12.0,.K.KHT..KS..D,....HT.S....D,37.3741461316312,17
AZT,12.0,.K.KHT..KS..D,....S....C...,43.11638590892925,18
AZT,12.0,.K.KHT..KS..D,....S.TS.CM.D,41.35369450261008,18
AZT,12.0,.K.KHT..KS..D,....ST...SM.D,39.36078330195075,18
AZT,12.0,.K.KHT..KS..D,....STTS.S..D,47.052470901750326,18
AZT,12.0,.K.KHT..KS..D,...K..TSKS.LD,37.20002981854802,18
AZT,12.0,.K.KHT..KS..D,...K.TT..C...,44.22111008139771,18
AZT,12.0,.K.KHT..KS..D,...KH.TSKC...,71.3508510693101,17
AZT,12.0,.K.KHT..KS..D,...KNT...CM..,38.866675938633314,16
AZT,12.0,.K.KHT..KS..D,...KST..KS..D,37.12742237822211,16
AZT,12.0,.K.KHT..KS..D,..L....SKC.QD,30.292154175090086,17
AZT,12.0,.K.KHT..KS..D,..L...T..C..D,33.5087038547856,18
AZT,12.0,.K.KHT..KS..D,..L.H.TSKSM..,37.52382424093826,18
AZT,12.0,.K.KHT..KS..D,..L.HTTSKC..D,34.6474488383045,18
AZT,12.0,.K.KHT..KS..D,..LK...SKSMQD,78.84771272395446,34
AZT,12.0,.K.KHT..KS..D,..LK..T.....D,73.65447486901766,34
AZT,12.0,.K.KHT..KS..D,..LK..TS.CMLD,39.71609364813865,18
AZT,12.0,.K.KHT..KS..D,..LK.T...S...,41.076407135294396,18
AZT,12.0,.K.KHT..KS..D,..LK.TT.KCMLD,37.20322118275199,18
AZT,12.0,.K.KHT..KS..D,..LK.TTS...Q.,48.427397079981304,18
AZT,12.0,.K.KHT..KS..D,..LK.TTSKCMQ.,41.04408651121203,18
AZT,12.0,.K.KHT..KS..D,..LKHT.S....D,41.0437015122506,18
AZT,12.0,.K.KHT..KS..D,..LKN.TS.C.L.,37.653334679899274,18
AZT,12.0,.K.KHT..KS..D,..LKNT..K..LD,27.143166182995685,13
AZT,12.0,.K.KHT..KS..D,..LKST..KC..D,33.70809210545393,17
AZT,12.0,.K.KHT..KS..D,..V...T.KS.L.,34.0732936589095,18
AZT,12.0,.K.KHT..KS..D,..V..TT.KC.QD,36.632889330269684,18
AZT,12.0,.K.KHT..KS..D,..V..TTS...L.,47.13120944578274,18
AZT,12.0,.K.KHT..KS..D,..V.H.TS.C.Q.,44.27784878339971,18
AZT,12.0,.K.KHT..KS..D,..V.NTT.KSMQ.,34.95085920050448,18
AZT,12.0,.K.KHT..KS..D,..V.S.TS.SMQD,34.11591357924429,18
AZT,12.0,.K.KHT..KS..D,..V.S.TSKS...,41.694935899326076,18
AZT,12.0,.K.KHT..KS..D,..V.STTS.CM.D,43.155006817258325,18
AZT,12.0,.K.KHT..KS..D,..VK...S.SMLD,40.47989599131128,18
AZT,12.0,.K.KHT..KS..D,..VK.T.SKSML.,53.39968917818748,18
AZT,12.0,.K.KHT..KS..D,..VKH....CMLD,44.376538181175526,18
AZT,12.0,.K.KHT..KS..D,..VKHT..KC.L.,47.12508784517625,18
AZT,12.0,.K.KHT..KS..D,..VKN....C...,34.127744760787785,17
AZT,12.0,.K.KHT..KS..D,..VKN.T.KS.LD,48.7463780611496,18
AZT,12.0,.K.KHT..KS..D,..VKSTTSK..LD,49.55966774566722,18
AZT,12.0,.K.KHT..KS..D,.K.....S.C.L.,42.328891002621035,18
AZT,12.0,.K.KHT..KS..D,.K....T.KCML.,39.21640514984045,18
AZT,12.0,.K.KHT..KS..D,.K...TTS..MQ.,57.430504058262194,18
AZT,12.0,.K.KHT..KS..D,.K...TTSK...D,44.07183494887163,17
AZT,12.0,.K.KHT..KS..D,.K...TTSKC.L.,41.6188066601626,18
AZT,12.0,.K.KHT..KS..D,.K..H.TS.CM..,47.55312921154055,18
AZT,12.0,.K.KHT..KS..D,.K..N...KCM.D,39.26165122011757,17
AZT,12.0,.K.KHT..KS..D,.K..N.T.KS.QD,41.683519632099674,18
AZT,12.0,.K.KHT..KS..D,.K..NTT..SM..,38.146462315017196,18
AZT,12.0,.K.KHT..KS..D,.K..S..S...L.,41.044396423702956,18
AZT,12.0,.K.KHT..KS..D,.K..S..SKCMQD,40.45296928823508,18
AZT,12.0,.K.KHT..KS..D,.K..ST.S.S.LD,76.22961054370938,34
AZT,12.0,.K.KHT..KS..D,.K.K...S..ML.,43.58047086690539,16
AZT,12.0,.K.KHT..KS..D,.K.K..T..CMQ.,33.5680701798259,18
AZT,12.0,.K.KHT..KS..D,.K.KH..S...LD,94.61123562379399,34
AZT,12.0,.K.KHT..KS..D,.K.KH.T.KSMQ.,35.13353325158101,17
AZT,12.0,.K.KHT..KS..D,.K.KH.TSKC...,45.34273334353215,17
AZT,12.0,.K.KHT..KS..D,.K.KHT...C...,35.07900911765021,17
AZT,12.0,.K.KHT..KS..D,.K.KN....C..D,46.057138825067724,17
AZT,12.0,.K.KHT..KS..D,.K.KS...KCMQ.,29.439029611850078,16
AZT,12.0,.K.KHT..KS..D,.K.KS.T.KSM..,46.10922829691398,15
AZT,12.0,.K.KHT..KS..D,.KL.H...KS.LD,48.015084478647275,18
AZT,12.0,.K.KHT..KS..D,.KL.H.TS.C.Q.,58.70687376825352,18
AZT,12.0,.K.KHT..KS..D,.KL.H.TS.SML.,44.66879726197426,18
AZT,12.0,.K.KHT..KS..D,.KL.N..SKSML.,37.48507467369702,18
AZT,12.0,.K.KHT..KS..D,.KL.N.T..S..D,44.3943980631413,18
AZT,12.0,.K.KHT..KS..D,.KL.ST...C.QD,34.194037366280966,18
AZT,12.0,.K.KHT..KS..D,.KLK.T...S.LD,37.85657198186203,18
AZT,12.0,.K.KHT..KS..D,.KLKH..S.CM.D,38.034121376890276,18
AZT,12.0,.K.KHT..KS..D,.KLKH..S.SML.,40.1408246610488,18
AZT,12.0,.K.KHT..KS..D,.KLKHT...CMQ.,43.4634970363583,18
AZT,12.0,.K.KHT..KS..D,.KLKHTT.KS.LD,82.37021571110859,34
AZT,12.0,.K.KHT..KS..D,.KLKHTTS..MLD,44.01752446666126,18
AZT,12.0,.K.KHT..KS..D,.KLKHTTS.C.L.,70.59799981367969,34
AZT,12.0,.K.KHT..KS..D,.KLKS.TS.S.L.,37.64582113994528,18
AZT,12.0,.K.KHT..KS..D,.KLKSTT.KC.L.,46.51384403738742,18
AZT,12.0,.K.KHT..KS..D,.KV...T.KSMLD,105.39572205656273,50
AZT,12.0,.K.KHT..KS..D,.KV..T.SK..L.,49.35297324875875,17
AZT,12.0,.K.KHT..KS..D,.KV..TT.K..Q.,50.849609341318754,18
AZT,12.0,.K.KHT..KS..D,.KV.H..S....D,50.30160598013323,18
AZT,12.0,.K.KHT..KS..D,.KV.H.T..C.LD,36.58968820717999,18
AZT,12.0,.K.KHT..KS..D,.KV.HT.....QD,39.93336572565892,18
AZT,12.0,.K.KHT..KS..D,.KV.HT..KSMLD,51.22367836347477,18
AZT,12.0,.K.KHT..KS..D,.KV.N.TSKS.LD,42.17908749345781,18
AZT,12.0,.K.KHT..KS..D,.KV.S....C.Q.,39.126953017991525,18
AZT,12.0,.K.KHT..KS..D,.KV.STTS.S.LD,56.54560182145223,17
AZT,12.0,.K.KHT..KS..D,.KV.STTS.SMLD,29.888014862840045,17
AZT,12.0,.K.KHT..KS..D,.KVK.....S.LD,40.09106151412582,18
AZT,12.0,.K.KHT..KS..D,.KVK..T..C.L.,43.347991682502375,18
AZT,12.0,.K.KHT..KS..D,.KVK..T..CM..,50.89222396346901,18
AZT,12.0,.K.KHT..KS..D,.KVK..TSKCMQD,54.3491863482457,18
AZT,12.0,.K.KHT..KS..D,.KVK.T.SKC.L.,66.47052842230127,18
AZT,12.0,.K.KHT..KS..D,.KVKH.TS..MLD,36.410117354590966,18
AZT,12.0,.K.KHT..KS..D,.KVKH.TS.SM.D,50.042933144726646,18
AZT,12.0,.K.KHT..KS..D,.KVKHTTS.SML.,37.291217372773644,18
AZT,12.0,.K.KHT..KS..D,.KVKN.TSKC.LD,31.844467371964512,17
AZT,12.0,.K.KHT..KS..D,.KVKS..S.SM.D,32.721099012619256,18
AZT,12.0,.K.KHT..KS..D,.KVKST..KCMLD,47.45753597635883,17
AZT,12.0,.K.KHT..KS..D,.KVKST.S.C...,40.77284838618809,18
AZT,12.0,.K.KHT..KS..D,.KVKST.S.C.LD,46.60030710027296,18
AZT,12.0,.K.KHT..KS..D,.KVKSTTS..MQD,28.797046421083728,17
AZT,12.0,.K.KHT..KS..D,P........C.LD,45.11341820925813,18
AZT,12.0,.K.KHT..KS..D,P.....TS..M..,42.62447507761284,18
AZT,12.0,.K.KHT..KS..D,P...H.....M..,49.88523532070507,16
AZT,12.0,.K.KHT..KS..D,P...H..S.S.L.,64.4327681698942,18
AZT,12.0,.K.KHT..KS..D,P...H..SKSM..,48.91718978995201,16
AZT,12.0,.K.KHT..KS..D,P...HT...S.L.,63.03079087269689,18
AZT,12.0,.K.KHT..KS..D,P...HTT...MQD,43.25216807485001,18
AZT,12.0,.K.KHT..KS..D,P...HTT.KS.Q.,51.271260524545696,18
AZT,12.0,.K.KHT..KS..D,P...N...K.MQD,28.901901541941157,13
AZT,12.0,.K.KHT..KS..D,P...N.T...ML.,42.82220446115768,17
AZT,12.0,.K.KHT..KS..D,P...N.TS..MQD,43.67629743409174,18
AZT,12.0,.K.KHT..KS..D,P...NT.SKC.Q.,43.324163434463486,18
AZT,12.0,.K.KHT..KS..D,P...S..S.S...,51.19963022675351,18
AZT,12.0,.K.KHT..KS..D,P...ST..K.M.D,34.80373209748798,14
AZT,12.0,.K.KHT..KS..D,P...STT..CML.,50.0323598986555,18
AZT,12.0,.K.KHT..KS..D,P..K.........,38.869605658428014,15
AZT,12.0,.K.KHT..KS..D,P..K....KCMLD,50.33334073489048,18
AZT,12.0,.K.KHT..KS..D,P..K..T.KSMQ.,40.337194408857556,18
AZT,12.0,.K.KHT..KS..D,P..K..TSKS..D,50.888000678602914,18
AZT,12.0,.K.KHT..KS..D,P..K.T..KSMLD,56.74333015318785,18
AZT,12.0,.K.KHT..KS..D,P..KHT..KS..D,53.71214560969337,17
AZT,12.0,.K.KHT..KS..D,P..KHTT.KSMQD,38.41098636016856,18
AZT,12.0,.K.KHT..KS..D,P..KHTTSKCMQ.,46.84365701381478,18
AZT,12.0,.K.KHT..KS..D,P..KNT.....Q.,35.51661212142151,14
AZT,12.0,.K.KHT..KS..D,P..KNTT......,26.594821529997407,16
AZT,12.0,.K.KHT..KS..D,P..KNTT.K..Q.,45.58913047017056,13
AZT,12.0,.K.KHT..KS..D,P..KS....SM.D,39.83797812370459,17
AZT,12.0,.K.KHT..KS..D,P..KST......D,25.323152175138674,12
AZT,12.0,.K.KHT..KS..D,P..KSTT.KC..D,41.88513973452831,17
AZT,12.0,.K.KHT..KS..D,P.L.......MLD,42.736246354561395,18
AZT,12.0,.K.KHT..KS..D,P.L......SML.,71.58325224364651,18
AZT,12.0,.K.KHT..KS..D,P.L....S.C.Q.,64.60755039841473,18
AZT,12.0,.K.KHT..KS..D,P.L....SKC.QD,49.93653478039347,17
AZT,12.0,.K.KHT..KS..D,P.L...T..S...,42.62071321001163,18
AZT,12.0,.K.KHT..KS..D,P.L...TSK.ML.,36.00393320325534,18
AZT,12.0,.K.KHT..KS..D,P.L..T....MQD,49.771948392695585,18
AZT,12.0,.K.KHT..KS..D,P.L..T.SKSM.D,65.9312178575734,18
AZT,12.0,.K.KHT..KS..D,P.L.H.TSKS.QD,54.33024693794889,18
AZT,12.0,.K.KHT..KS..D,P.L.HT.SKC.Q.,44.45690111612409,18
AZT,12.0,.K.KHT..KS..D,P.L.HT.SKCML.,100.62204460955182,34
AZT,12.0,.K.KHT..KS..D,P.L.HTT..SML.,54.52368380138634,18
AZT,12.0,.K.KHT..KS..D,P.L.HTTS.S.L.,89.42432945250845,34
AZT,12.0,.K.KHT..KS..D,P.L.N...K..Q.,32.81721347200056,15
AZT,12.0,.K.KHT..KS..D,P.L.NTTS...L.,42.64643822893148,18
AZT,12.0,.K.KHT..KS..D,P.L.NTTS.C.QD,47.55175335518391,18
AZT,12.0,.K.KHT..KS..D,P.LK..TSK.MQ.,44.8372685173537,18
AZT,12.0,.K.KHT..KS..D,P.LK.T..K..LD,48.07967711245126,18
AZT,12.0,.K.KHT..KS..D,P.LK.T.S.C...,56.98287439583161,17
AZT,12.0,.K.KHT..KS..D,P.LK.T.SKS.QD,48.226065332668796,18
AZT,12.0,.K.KHT..KS..D,P.LK.TT.KCM..,42.968342169481055,18
AZT,12.0,.K.KHT..KS..D,P.LK.TTS.S.L.,56.27219696830222,18
AZT,12.0,.K.KHT..KS..D,P.LKHT....MQD,87.4993961835967,34
AZT,12.0,.K.KHT..KS..D,P.LKHTTS.CM..,45.294653027466865,18
AZT,12.0,.K.KHT..KS..D,P.LKN...K....,79114.14831211882,16921
AZT,12.0,.K.KHT..KS..D,P.LKN.T....LD,42.0874321253277,18
AZT,12.0,.K.KHT..KS..D,P.LKN.T.K.MQD,22.504675694457575,13
AZT,12.0,.K.KHT..KS..D,P.LKNT..KSMLD,45.228009158875665,18
AZT,12.0,.K.KHT..KS..D,P.LKNT.S.C...,38.29210774160346,17
AZT,12.0,.K.KHT..KS..D,P.LKNTT..C.Q.,55.930301133169195,18
AZT,12.0,.K.KHT..KS..D,P.LKST.S..MQ.,45.77681511157501,18
AZT,12.0,.K.KHT..KS..D,P.LKSTT..S.LD,37.43907593168869,18
AZT,12.0,.K.KHT..KS..D,P.V......SMQ.,51.037400446974075,18
AZT,12.0,.K.KHT..KS..D,P.V....S..M..,86.37972877891355,17
AZT,12.0,.K.KHT..KS..D,P.V...TSKS.L.,39.29136448777255,18
AZT,12.0,.K.KHT..KS..D,P.V..T..K.MLD,44.254175518646306,18
AZT,12.0,.K.KHT..KS..D,P.V.H.T.KSMLD,40.94985032811775,18
AZT,12.0,.K.KHT..KS..D,P.V.HTTS..M.D,57.06061229187056,18
AZT,12.0,.K.KHT..KS..D,P.V.N...KSMLD,44.16471575516905,18
AZT,12.0,.K.KHT..KS..D,P.V.NTTS..M..,46.9046334516447,18
AZT,12.0,.K.KHT..KS..D,P.V.NTTSKCM..,63.797800238545975,18
AZT,12.0,.K.KHT..KS..D,P.V.NTTSKSML.,51.1674312657804,18
AZT,12.0,.K.KHT..KS..D,P.V.S....SML.,38.54703262355374,18
AZT,12.0,.K.KHT..KS..D,P.V.S.T...MQ.,45.58214775977597,18
AZT,12.0,.K.KHT..KS..D,P.V.ST..KCMLD,38.79116128774243,18
AZT,12.0,.K.KHT..KS..D,P.V.ST.S....D,42.235531519489776,18
AZT,12.0,.K.KHT..KS..D,P.V.ST.SKSMQ.,135.80636875762096,50
AZT,12.0,.K.KHT..KS..D,P.VK....KCM.D,55.43117483719368,18
AZT,12.0,.K.KHT..KS..D,P.VK..T...MQD,55.137765774643434,18
AZT,12.0,.K.KHT..KS..D,P.VK..TS.SMLD,48.445824480776324,18
AZT,12.0,.K.KHT..KS..D,P.VK..TSKS.Q.,38.222147311608886,18
AZT,12.0,.K.KHT..KS..D,P.VK.T..KS...,86.82289409650049,33
AZT,12.0,.K.KHT..KS..D,P.VK.T.S.CM.D,63.72331800064618,18
AZT,12.0,.K.KHT..KS..D,P.VK.T.S.SMLD,51.682559780480936,18
AZT,12.0,.K.KHT..KS..D,P.VK.TTS....D,59.40741192057221,18
AZT,12.0,.K.KHT..KS..D,P.VKH..S.CMQ.,43.607137077231314,18
AZT,12.0,.K.KHT..KS..D,P.VKH..S.SM..,60.45997721258566,18
AZT,12.0,.K.KHT..KS..D,P.VKHT...C...,34.74720419971692,18
AZT,12.0,.K.KHT..KS..D,P.VKHTTS.SMQ.,130.3946084486678,34
AZT,12.0,.K.KHT..KS..D,P.VKN..SK.M..,61.07746943633071,16
AZT,12.0,.K.KHT..KS..D,P.VKNT.SKS..D,53.86878619076104,18
AZT,12.0,.K.KHT..KS..D,P.VKNTTSKSM.D,50.92052520303266,18
AZT,12.0,.K.KHT..KS..D,P.VKS..S....D,43.365883373706616,18
AZT,12.0,.K.KHT..KS..D,P.VKS..SKSM..,31.0201809993825,17
AZT,12.0,.K.KHT..KS..D,P.VKS.T.KSML.,39.56372473620564,18
AZT,12.0,.K.KHT..KS..D,P.VKST.SKCMQD,46.458108293235114,18
AZT,12.0,.K.KHT..KS..D,P.VKST.SKS.Q.,150.35113998108864,66
AZT,12.0,.K.KHT..KS..D,PK....T...MQ.,88.7620864071105,18
AZT,12.0,.K.KHT..KS..D,PK....T.K.ML.,51.85322000894308,18
AZT,12.0,.K.KHT..KS..D,PK...T...C.LD,44.83983181876103,18
AZT,12.0,.K.KHT..KS..D,PK...T.SKSMQ.,38.344644539464895,18
AZT,12.0,.K.KHT..KS..D,PK...TTSKS.QD,44.61379932819892,18
AZT,12.0,.K.KHT..KS..D,PK..H..S.C..D,46.51131344548432,18
AZT,12.0,.K.KHT..KS..D,PK..H..S.SMQD,41.28030943024715,18
AZT,12.0,.K.KHT..KS..D,PK..H..SKSM..,35.55495186137846,16
AZT,12.0,.K.KHT..KS..D,PK..H.T....L.,41.13306488592179,18
AZT,12.0,.K.KHT..KS..D,PK..N...KC..D,46.8052720493955,17
AZT,12.0,.K.KHT..KS..D,PK..NT.S.CML.,50.642438808278904,18
AZT,12.0,.K.KHT..KS..D,PK..NT.SKSMLD,120.78401194009665,34
AZT,12.0,.K.KHT..KS..D,PK..NTTS.CM..,56.50869616861072,18
AZT,12.0,.K.KHT..KS..D,PK..S..SKCMLD,50.80443690366346,18
AZT,12.0,.K.KHT..KS..D,PK..S.TSKC...,44.11761274878851,18
AZT,12.0,.K.KHT..KS..D,PK..STTSK.ML.,54.83417353592078,18
AZT,12.0,.K.KHT..KS..D,PK.K...SK.MQ.,40.25092566413111,12
AZT,12.0,.K.KHT..KS..D,PK.K.T...S...,102.78413784454747,34
AZT,12.0,.K.KHT..KS..D,PK.K.T.S.CMLD,65.45328781060672,18
AZT,12.0,.K.KHT..KS..D,PK.K.T.SK..Q.,44.878964014453445,14
AZT,12.0,.K.KHT..KS..D,PK.K.T.SKSMQD,41.92235206534414,18
AZT,12.0,.K.KHT..KS..D,PK.K.TT.KSM..,93.19608059219478,18
AZT,12.0,.K.KHT..KS..D,PK.KH..SKCMLD,43.06508297840405,18
AZT,12.0,.K.KHT..KS..D,PK.KH..SKSM.D,39.9729865418191,17
AZT,12.0,.K.KHT..KS..D,PK.KH.TSKS.Q.,34.68318426417743,18
AZT,12.0,.K.KHT..KS..D,PK.KH.TSKSMLD,38.166784703887075,18
AZT,12.0,.K.KHT..KS..D,PK.KHT...C..D,49.15064965094463,18
AZT,12.0,.K.KHT..KS..D,PK.KHTT.KC.LD,44.84775304544681,18
AZT,12.0,.K.KHT..KS..D,PK.KN..S.CML.,41.42882466249976,18
AZT,12.0,.K.KHT..KS..D,PK.KN..S.SM.D,46.596796755281,18
AZT,12.0,.K.KHT..KS..D,PK.KN.T.KS...,42.18853633699238,14
AZT,12.0,.K.KHT..KS..D,PK.KN.TS..MQD,50.91959441363017,18
AZT,12.0,.K.KHT..KS..D,PK.KNTT...MQD,55.207572155291246,18
AZT,12.0,.K.KHT..KS..D,PK.KNTTSKS.Q.,49.35524421294412,18
AZT,12.0,.K.KHT..KS..D,PK.KS.TS.CM..,45.00764244772037,18
AZT,12.0,.K.KHT..KS..D,PK.KST...C.LD,38.56535363453966,18
AZT,12.0,.K.KHT..KS..D,PK.KST.S...QD,65.33410074091302,18
AZT,12.0,.K.KHT..KS..D,PK.KSTT....LD,77.42191032390194,18
AZT,12.0,.K.KHT..KS..D,PK.KSTT.KCMLD,47.20886656691846,18
AZT,12.0,.K.KHT..KS..D,PKL..T.S...LD,45.850876950116806,17
AZT,12.0,.K.KHT..KS..D,PKL..T.SKSM..,130.93807390536267,50
AZT,12.0,.K.KHT..KS..D,PKL..TT....QD,50.59059720572912,18
AZT,12.0,.K.KHT..KS..D,PKL..TT...M.D,54.65030525040167,18
AZT,12.0,.K.KHT..KS..D,PKL..TTS.CMLD,69.59166716005589,18
AZT,12.0,.K.KHT..KS..D,PKL..TTS.SM..,60.148933271129664,18
AZT,12.0,.K.KHT..KS..D,PKL.H..S..MQD,46.641709367754125,18
AZT,12.0,.K.KHT..KS..D,PKL.H..S.CM..,38.602355434130324,18
AZT,12.0,.K.KHT..KS..D,PKL.H.TS..MQ.,49.61812342431804,18
AZT,12.0,.K.KHT..KS..D,PKL.HT..KSM.D,67.34502676537599,18
AZT,12.0,.K.KHT..KS..D,PKL.HT.S.CMLD,37.973440782052435,18
AZT,12.0,.K.KHT..KS..D,PKL.HTT.KCM..,62.015003269934695,18
AZT,12.0,.K.KHT..KS..D,PKL.HTTS..M.D,42.482602432432486,18
AZT,12.0,.K.KHT..KS..D,PKL.HTTSKCM.D,114.6064893468829,18
AZT,12.0,.K.KHT..KS..D,PKL.HTTSKSMQ.,42.12203924614756,17
AZT,12.0,.K.KHT..KS..D,PKL.N..SKSM.D,44.49816205992931,18
AZT,12.0,.K.KHT..KS..D,PKL.NT.S.C...,51.258999697898616,18
AZT,12.0,.K.KHT..KS..D,PKL.NT.SKCMLD,47.231286773667094,18
AZT,12.0,.K.KHT..KS..D,PKL.NTT.KCML.,45.193599855215254,18
AZT,12.0,.K.KHT..KS..D,PKL.S.T..CM..,38.68363439538763,18
AZT,12.0,.K.KHT..KS..D,PKL.ST.....Q.,88.86114816110596,33
AZT,12.0,.K.KHT..KS..D,PKL.ST..K..Q.,62.42030667759179,17
AZT,12.0,.K.KHT..KS..D,PKL.ST.S...LD,70.98907202017475,16
AZT,12.0,.K.KHT..KS..D,PKL.ST.SKCMQ.,63.285981993920934,18
AZT,12.0,.K.KHT..KS..D,PKL.ST.SKSM.D,63.52460637091955,18
AZT,12.0,.K.KHT..KS..D,PKL.STT.KSMLD,48.42384791514892,18
AZT,12.0,.K.KHT..KS..D,PKL.STTS.C.LD,50.61883534367253,18
AZT,12.0,.K.KHT..KS..D,PKLK...S.CMQ.,43.95445800555402,18
AZT,12.0,.K.KHT..KS..D,PKLK...SKSMLD,46.16780935420494,18
AZT,12.0,.K.KHT..KS..D,PKLK...SKSMQ.,50.077022229128595,18
AZT,12.0,.K.KHT..KS..D,PKLK.T..K..Q.,82.79817758448527,18
AZT,12.0,.K.KHT..KS..D,PKLK.TT.K.MQD,50.910881501780565,18
AZT,12.0,.K.KHT..KS..D,PKLK.TTS....D,41.496379356603036,18
AZT,12.0,.K.KHT..KS..D,PKLK.TTS.SML.,64.43515835918951,18
AZT,12.0,.K.KHT..KS..D,PKLK.TTSKC..D,38.697107644647396,18
AZT,12.0,.K.KHT..KS..D,PKLKH...K.MLD,33.222174335246,17
AZT,12.0,.K.KHT..KS..D,PKLKH..S.SMQ.,42.93260608115725,18
AZT,12.0,.K.KHT..KS..D,PKLKH.T..S.QD,52.26180491722579,18
AZT,12.0,.K.KHT..KS..D,PKLKHT.S...LD,45.25522995743062,18
AZT,12.0,.K.KHT..KS..D,PKLKN...KSMLD,44.51780352594184,18
AZT,12.0,.K.KHT..KS..D,PKLKN.T..C.LD,63.05725277887667,18
AZT,12.0,.K.KHT..KS..D,PKLKNTT....Q.,42.96494680113038,18
AZT,12.0,.K.KHT..KS..D,PKLKNTT...M.D,58.10645787541802,18
AZT,12.0,.K.KHT..KS..D,PKLKS..S.SM.D,74.90094821916325,34
AZT,12.0,.K.KHT..KS..D,PKLKST.S.C.LD,62.55313949179979,18
AZT,12.0,.K.KHT..KS..D,PKLKSTTS..M.D,59.83631664591228,18
AZT,12.0,.K.KHT..KS..D,PKLKSTTS.CM..,61.70640904181191,18
AZT,12.0,.K.KHT..KS..D,PKV.....K..L.,61.80592998428009,18
AZT,12.0,.K.KHT..KS..D,PKV..T...S.Q.,80.1280766241987,17
AZT,12.0,.K.KHT..KS..D,PKV..T..KSMLD,44.61648145001594,18
AZT,12.0,.K.KHT..KS..D,PKV..T.S.CMQ.,48.364408281513015,18
AZT,12.0,.K.KHT..KS..D,PKV..TT.K...D,54.41058596790634,18
AZT,12.0,.K.KHT..KS..D,PKV..TTSK..QD,78.68237969015941,17
AZT,12.0,.K.KHT..KS..D,PKV..TTSKC.QD,45.600580595958384,17
AZT,12.0,.K.KHT..KS..D,PKV.HT..KC...,40.26332290300758,18
AZT,12.0,.K.KHT..KS..D,PKV.HT.SKS.Q.,71.68990059627048,18
AZT,12.0,.K.KHT..KS..D,PKV.N..SK...D,42.53511995966128,17
AZT,12.0,.K.KHT..KS..D,PKV.N.TSKS.L.,42.84332998107902,18
AZT,12.0,.K.KHT..KS..D,PKV.NT.SK.MQD,59.98968242504472,17
AZT,12.0,.K.KHT..KS..D,PKV.NTTS.S...,52.924565228601566,18
AZT,12.0,.K.KHT..KS..D,PKV.NTTSKSM..,65.35048455717222,18
AZT,12.0,.K.KHT..KS..D,PKV.S.T.....D,43.018766940419354,18
AZT,12.0,.K.KHT..KS..D,PKV.S.TS.C.QD,49.54075480617255,18
AZT,12.0,.K.KHT..KS..D,PKV.S.TS.CML.,56.0531064770545,18
AZT,12.0,.K.KHT..KS..D,PKV.S.TS.S.LD,44.30319146019578,17
AZT,12.0,.K.KHT..KS..D,PKV.ST...SM.D,40.01153360701773,18
AZT,12.0,.K.KHT..KS..D,PKV.STT..SM..,60.62881163240124,18
AZT,12.0,.K.KHT..KS..D,PKV.STT..SMLD,41.22674842010097,18
AZT,12.0,.K.KHT..KS..D,PKV.STT.K.MQD,73.01238042700088,18
AZT,12.0,.K.KHT..KS..D,PKV.STT.KSML.,47.73946710716823,18
AZT,12.0,.K.KHT..KS..D,PKV.STTS.C.Q.,48.110027892693765,18
AZT,12.0,.K.KHT..KS..D,PKV.STTSKSMLD,52.877016985300976,18
AZT,12.0,.K.KHT..KS..D,PKVK.T...SMQD,65.28823534486035,17
AZT,12.0,.K.KHT..KS..D,PKVK.T.S...L.,39.055061333126986,18
AZT,12.0,.K.KHT..KS..D,PKVK.T.S.CM..,78.48209166562361,18
AZT,12.0,.K.KHT..KS..D,PKVK.T.S.SM.D,85.42472747338368,33
AZT,12.0,.K.KHT..KS..D,PKVK.TTSK.M.D,61.547188553359064,18
AZT,12.0,.K.KHT..KS..D,PKVKH.TS.C.Q.,48.59401599904863,18
AZT,12.0,.K.KHT..KS..D,PKVKHT...S.Q.,61.6474900491023,18
AZT,12.0,.K.KHT..KS..D,PKVKHT.S.CM.D,91.8265592618296,18
AZT,12.0,.K.KHT..KS..D,PKVKHTTS.CM..,45.85824963957236,18
AZT,12.0,.K.KHT..KS..D,PKVKHTTSKC..D,51.29631117052525,18
AZT,12.0,.K.KHT..KS..D,PKVKN...K.MLD,31.566591290337055,13
AZT,12.0,.K.KHT..KS..D,PKVKN..S.C...,46.183004277243015,18
AZT,12.0,.K.KHT..KS..D,PKVKN..S.CM.D,38.116948485790935,18
AZT,12.0,.K.KHT..KS..D,PKVKN..S.CMQ.,58.59520726120168,18
AZT,12.0,.K.KHT..KS..D,PKVKN.TS...LD,39.960741161966055,18
AZT,12.0,.K.KHT..KS..D,PKVKN.TS..ML.,41.34538636519933,18
AZT,12.0,.K.KHT..KS..D,PKVKNTTSKCMQD,52.22334472842207,18
AZT,12.0,.K.KHT..KS..D,PKVKS...KSM..,31.493201537967963,13
AZT,12.0,.K.KHT..KS..D,PKVKS..S.CMLD,45.13711021873709,18
AZT,12.0,.K.KHT..KS..D,PKVKS.T.KS.LD,62.144423265726786,18
AZT,12.0,.K.KHT..KS..D,PKVKSTT.KSMQD,41.48341458738972,17
AZT,12.0,.K.KHT..KS..D,PKVKSTTS...Q.,44.72118350929592,18
AZT,12.0,.K.KHT..KS..D,PKVKSTTS..MQD,82.07364171050965,17
AZT,12.0,.K.KHT..KS..D,PKVKSTTS.C..D,48.800568440605915,18
AZT,12.0,.K.KHT..KS..D,PKVKSTTS.CMQ.,45.81161067946225,18
AZT,12.0,.K.KHT..KS..D,PKVKSTTSKSMQ.,45.59071826947868,18
AZT,12.0,.K.KN....C..D,P.LKN...K....,2.6414972884326966,1
AZT,12.0,.K.KS...KCMQ.,P.LKN...K....,5.65338928385874,2
AZT,12.0,.K.KS.T.KSM..,P.LKN...K....,5.646927093408086,3
AZT,12.0,.KLKH....C.QD,.K.KHT..KS..D,38.78439096249512,18
AZT,12.0,.KV..T.SK..L.,P.LKN...K....,2.344156859698593,1
AZT,12.0,.KV.S.TS.....,.K.KHT..KS..D,37.87382664637931,18
AZT,12.0,.KV.STTS.SMLD,.KV.STTS.S.LD,1.904248383109741,1
AZT,12.0,.KVK.TTSKCML.,.K.KHT..KS..D,39.865868229854414,18
AZT,12.0,.KVKN.TSKC.LD,P.LKN...K....,1.6662418326009383,1
AZT,12.0,.KVKST..KCMLD,P.LKN...K....,2.4371840806958427,1
AZT,12.0,.KVKSTTS..MQD,PKVKSTTS..MQD,2.679410154563893,1
AZT,12.0,P....TT..S.L.,.K.KHT..KS..D,44.31322014843992,18
AZT,12.0,P...H.....M..,P.LKN...K....,4.396814718077824,2
AZT,12.0,P...H..SKSM..,P.LKN...K....,1.624060889529693,1
AZT,12.0,P...N...K.MQD,P.LKN...K....,12.00265272054072,5
AZT,12.0,P...N.TS..ML.,.K.KHT..KS..D,36.30417801094797,17
AZT,12.0,P...N.TS..ML.,P...N.T...ML.,4.786507263184685,1
AZT,12.0,P...NTTS.CMQD,.K.KHT..KS..D,39.19239958450254,18
AZT,12.0,P...ST..K.M.D,P.LKN...K....,10.902839494096531,4
AZT,12.0,P..K.........,P.LKN...K....,8.5944209125292,3
AZT,12.0,P..KHT..KS..D,P.LKN...K....,2.413594578134726,1
AZT,12.0,P..KNT.....Q.,P.LKN...K....,11.07324332996938,4
AZT,12.0,P..KNTT......,P.LKN...K....,7.149517305217076,2
AZT,12.0,P..KNTT.K..Q.,P.LKN...K....,5.303920988753836,5
AZT,12.0,P..KS....SM.D,P.LKN...K....,2.609169332364299,1
AZT,12.0,P..KST......D,P.LKN...K....,15.04627756018119,6
AZT,12.0,P..KSTT.KC..D,P.LKN...K....,1.5087278513139128,1
AZT,12.0,P.L..TT.K..QD,.K.KHT..KS..D,37.00890373731731,18
AZT,12.0,P.L.N...K..Q.,P.LKN...K....,7.840091448839122,3
AZT,12.0,P.L.ST..KC..D,.K.KHT..KS..D,35.47005811685446,18
AZT,12.0,P.LKHTT.KCMQD,.K.KHT..KS..D,41.45445949603911,18
AZT,12.0,P.LKN.T.K.MQD,P.LKN...K....,12.459479213447162,5
AZT,12.0,P.LKNT.S.C...,P.LK.T.S.C...,1.647934552824488,1
AZT,12.0,P.LKS...KS.QD,.K.KHT..KS..D,33.846907425264966,17
AZT,12.0,P.LKS...KS.QD,P.LKN...K....,7.998168431644165,1
AZT,12.0,P.V....S.....,.K.KHT..KS..D,54.565908612353425,17
AZT,12.0,P.V....S.....,P.V....S..M..,16.12492313488831,1
AZT,12.0,P.VK..TS..M..,.K.KHT..KS..D,68.85290361253014,18
AZT,12.0,P.VK..TSK.M.D,.K.KHT..KS..D,53.255800589276745,18
AZT,12.0,P.VK.T..KS...,P.LKN...K....,2.626130174774935,1
AZT,12.0,P.VKN.....MQ.,.K.KHT..KS..D,37.307320421316504,15
AZT,12.0,P.VKN.....MQ.,P.LKN...K....,33.5588475032121,3
AZT,12.0,P.VKN..SK.M..,P.LKN...K....,3.1198135273017686,2
AZT,12.0,P.VKS..SKSM..,P.LKN...K....,1.9960856163213065,1
AZT,12.0,P.VKS.T.KC.Q.,.K.KHT..KS..D,45.01071173291537,18
AZT,12.0,PK..H..S.S.LD,.K.KHT..KS..D,39.46582838010556,18
AZT,12.0,PK..H..SKSM..,P...H..SKSM..,1.4964537773197981,1
AZT,12.0,PK..H..SKSM..,P.LKN...K....,3.7320254862190754,1
AZT,12.0,PK..N...KC..D,P.LKN...K....,2.2510774565257723,1
AZT,12.0,PK..N.TSKCMLD,.K.KHT..KS..D,84.26564926473729,34
AZT,12.0,PK.K...SK.MQ.,P.LKN...K....,9.619274470918828,6
AZT,12.0,PK.K.T.SK..Q.,P.LKN...K....,7.4772629459132975,4
AZT,12.0,PK.K.TT.KC.L.,.K.KHT..KS..D,50.52696638901965,18
AZT,12.0,PK.KH..SKSM.D,P.LKN...K....,2.4614092228931783,1
AZT,12.0,PK.KHTTSKCML.,.K.KHT..KS..D,50.5538741987387,18
AZT,12.0,PK.KN.T.KS...,P.LKN...K....,7.530480169281546,4
AZT,12.0,PK.KNTT..SMQ.,.K.KHT..KS..D,45.889599911976546,18
AZT,12.0,PK.KSTTSKCMQ.,.K.KHT..KS..D,45.072487396556866,18
AZT,12.0,PKL...TSKCML.,.K.KHT..KS..D,48.468171749412846,18
AZT,12.0,PKL..T.S...LD,PKL.ST.S...LD,1.7065117578012399,1
AZT,12.0,PKL..T.S..ML.,.K.KHT..KS..D,44.028602586661435,18
AZT,12.0,PKL..TT...MQ.,.K.KHT..KS..D,41.280586816668865,18
AZT,12.0,PKL.H....CMQ.,.K.KHT..KS..D,40.151745480837086,18
AZT,12.0,PKL.HTTSK.MQ.,.K.KHT..KS..D,42.036573778952196,17
AZT,12.0,PKL.HTTSK.MQ.,PKL.HTTSKSMQ.,5.306670084296363,1
AZT,12.0,PKL.ST.....Q.,PKL.ST..K..Q.,1.5057774860984947,1
AZT,12.0,PKLK..T..SMLD,.K.KHT..KS..D,39.72654835918423,18
AZT,12.0,PKLK.T...C.L.,.K.KHT..KS..D,43.414567795467065,18
AZT,12.0,PKLK.TT...MLD,.K.KHT..KS..D,52.161379926983216,18
AZT,12.0,PKLK.TT..SMQ.,.K.KHT..KS..D,55.10254843819169,18
AZT,12.0,PKLKH...K.MLD,P.LKN...K....,2.4660722998969,1
AZT,12.0,PKLKNTTS.SMQD,.K.KHT..KS..D,56.629320506073185,18
AZT,12.0,PKLKSTT..SMLD,.K.KHT..KS..D,52.03417260186976,18
AZT,12.0,PKV..T...S...,.K.KHT..KS..D,39.11759618445806,17
AZT,12.0,PKV..T...S...,PKV..T...S.Q.,10.227368478412789,1
AZT,12.0,PKV..T.SK.MQD,.K.KHT..KS..D,41.56077080422705,17
AZT,12.0,PKV..T.SK.MQD,PKV.NT.SK.MQD,9.202884169779594,1
AZT,12.0,PKV..TT..CML.,.K.KHT..KS..D,59.80919990815324,17
AZT,12.0,PKV..TT..CML.,PKV..TT..CMQ.,1.568618312770495,1
AZT,12.0,PKV..TT..CMQ.,.K.KHT..KS..D,38.67681990300601,17
AZT,12.0,PKV..TTS.CM..,.K.KHT..KS..D,49.00936609301106,18
AZT,12.0,PKV..TTSKC.QD,PKV..TTSK..QD,1.9297911069117688,1
AZT,12.0,PKV.HT.....L.,.K.KHT..KS..D,57.924255099478,18
AZT,12.0,PKV.HT.S.SML.,.K.KHT..KS..D,56.30522111110982,18
AZT,12.0,PKV.N..SK...D,P.LKN...K....,2.333402003036572,1
AZT,12.0,PKV.S.T..S.LD,.K.KHT..KS..D,34.786431641990454,17
AZT,12.0,PKV.S.T..S.LD,PKV.S.TS.S.LD,5.36086579213243,1
AZT,12.0,PKV.ST.S...LD,.K.KHT..KS..D,40.79584978729095,17
AZT,12.0,PKV.ST.S...LD,PKL.ST.S...LD,8.648902250591751,1
AZT,12.0,PKV.ST.SKC.L.,.K.KHT..KS..D,87.02259369819879,18
AZT,12.0,PKVK..T.KC..D,.K.KHT..KS..D,38.5591335217851,18
AZT,12.0,PKVK..TSK.M..,.K.KHT..KS..D,83.45070819215383,17
AZT,12.0,PKVK..TSK.M..,P.LKN...K....,17.85916241141886,1
AZT,12.0,PKVK.T....ML.,.K.KHT..KS..D,40.98071819280018,18
AZT,12.0,PKVK.T.S.SM.D,PKVK.T...SMQD,1.6404528495911204,1
AZT,12.0,PKVK.TT.....D,.K.KHT..KS..D,36.359020809219714,18
AZT,12.0,PKVKHTTSK.MQ.,.K.KHT..KS..D,48.34790772876832,18
AZT,12.0,PKVKN....SM.D,.K.KHT..KS..D,37.760495633166414,18
AZT,12.0,PKVKN...K.MLD,P.LKN...K....,10.114538599448155,5
AZT,12.0,PKVKNT.SK.ML.,.K.KHT..KS..D,42.00755931250307,18
AZT,12.0,PKVKS...KSM..,P.LKN...K....,10.688677885527145,5
AZT,12.0,PKVKSTT..SMQD,.K.KHT..KS..D,47.528093846373,17
AZT,12.0,PKVKSTT..SMQD,PKVKSTT.KSMQD,5.882126192804654,1
AZT,36.0,.......S..MQD,PKL.STTSKC.QD,35.27675765841494,18
AZT,36.0,...KH.T.KC...,...KH.TSKC...,1.6336647665312019,1
AZT,36.0,...KH.TS.C.LD,P..KH.TS.C.LD,1.838097567225036,1
AZT,36.0,...KHTT......,...KHTT.K....,1.9444708550830057,1
AZT,36.0,...KHTT.K....,.K.KHTT.K....,1.6869025318131412,1
AZT,36.0,...KS...K.MLD,.K.KS...K.MLD,1.7199585279148275,1
AZT,36.0,..L.N.T..CMQ.,.KL.N.T..CMQ.,1.6876648024849832,1
AZT,36.0,..L.NT.SKS.Q.,..L.NT.SKS...,1.9650013864651448,1
AZT,36.0,..L.ST..KCMQD,..V.ST..KCMQD,1.5283554996065263,1
AZT,36.0,..V.HT.S.C.L.,..V.H..S.C.L.,1.6109119878008777,1
AZT,36.0,..V.N.T..SML.,..V.N.T..SM..,1.7612266904838882,1
AZT,36.0,.K..H..SKC.Q.,PKL.STTSKC.QD,27.764021041959275,18
AZT,36.0,.K.K.TT..SMQ.,.K.K.TT..SML.,1.546364292416525,1
AZT,36.0,.K.KHTT.K.M..,...KH.T.KSMQ.,1.5008633136604612,1
AZT,36.0,.K.KHTT.K.M..,.K.KHTT.K....,7.825522185834984,4
AZT,36.0,.K.KHTTSK...D,.K.KHTT.K....,2.3294128248635,1
AZT,36.0,.K.KHTTSK...D,.K.KN.TSK....,1.5930473766018698,1
AZT,36.0,.KLK.TTS.C.QD,.KLK..TS.C.QD,1.6778907219440589,1
AZT,36.0,.KLKH...KCMLD,PKL.STTSKC.QD,38.45966279836303,18
AZT,36.0,.KV...T.KSMQ.,.KV...T.KSMLD,1.8353426864692228,1
AZT,36.0,.KVKH...KCML.,.KVKH..SKCML.,5.291162405507164,1
AZT,36.0,.KVKH...KCML.,PKL.STTSKC.QD,39.33734744402365,17
AZT,36.0,P...STT.KCML.,P...STT..CML.,1.7584122372341462,1
AZT,36.0,P..KNT..K..L.,P..KNT..K.ML.,1.7052040935429684,1
AZT,36.0,P.L..TTS.S.L.,P.L..TTS.S.LD,4.369418966119857,1
AZT,36.0,P.L..TTS.S.L.,P.LK.TTS.S.L.,11.252816377367726,1
AZT,36.0,P.L..TTS.S.L.,PKL.STTSKC.QD,33.104642950358176,16
AZT,36.0,P.L.NTT..SMQ.,P.LK.T..KC.L.,6.161194336344256,2
AZT,36.0,P.L.NTT..SMQ.,PKL.STTSKC.QD,44.99356767671006,16
AZT,36.0,P.L.ST..K..Q.,PKL.ST..K..Q.,1.7860869418176304,1
AZT,36.0,P.L.STT...ML.,P.L.S.T...ML.,9.143459892334182,1
AZT,36.0,P.L.STT...ML.,PKL.STTSKC.QD,46.40769266301197,17
AZT,36.0,P.LK.T..KC.L.,....HTT....Q.,3.4014070792209368,1
AZT,36.0,P.LK.T..KC.L.,....N.TS....D,4.436173872759375,2
AZT,36.0,P.LK.T..KC.L.,....NT.SKSMLD,4.546413664432663,2
AZT,36.0,P.LK.T..KC.L.,...KH.T.K.M.D,5.695987769596896,2
AZT,36.0,P.LK.T..KC.L.,...KH.T.KCML.,1.7070143132452984,1
AZT,36.0,P.LK.T..KC.L.,...KHTT......,1.9149458710655785,1
AZT,36.0,P.LK.T..KC.L.,...KHTT.K....,10.88065649420883,3
AZT,36.0,P.LK.T..KC.L.,...KHTTS....D,2.0316738214740573,1
AZT,36.0,P.LK.T..KC.L.,...KS...K.MLD,2.389748820560395,1
AZT,36.0,P.LK.T..KC.L.,...KST.SK...D,10.690740008594876,3
AZT,36.0,P.LK.T..KC.L.,...KST.SK..L.,3.448243274262128,1
AZT,36.0,P.LK.T..KC.L.,..L.HT.SKSMLD,1.9831967829640977,1
AZT,36.0,P.LK.T..KC.L.,..L.NT...SML.,4.864036259506445,2
AZT,36.0,P.LK.T..KC.L.,..L.NT..KSM..,4.922214992544157,2
AZT,36.0,P.LK.T..KC.L.,..L.NT.SKS...,4.423283064919371,1
AZT,36.0,P.LK.T..KC.L.,..L.NT.SKS.Q.,2.0589972553113647,1
AZT,36.0,P.LK.T..KC.L.,..L.S...KSML.,6.698410253600899,3
AZT,36.0,P.LK.T..KC.L.,..L.STT....L.,1.9919805291565298,1
AZT,36.0,P.LK.T..KC.L.,..LK.....S..D,2.484709959551246,1
AZT,36.0,P.LK.T..KC.L.,..LK.TTS...Q.,2.530672897281785,1
AZT,36.0,P.LK.T..KC.L.,..LKH.TSK..L.,2.7781139194699422,1
AZT,36.0,P.LK.T..KC.L.,..LKHT..KCM..,1.909051818796515,1
AZT,36.0,P.LK.T..KC.L.,..LKHTTS..M..,5.128728332901097,2
AZT,36.0,P.LK.T..KC.L.,..LKST..K..Q.,1.7236306054502393,1
AZT,36.0,P.LK.T..KC.L.,..LKST.SK.MQ.,1.794568689313396,1
AZT,36.0,P.LK.T..KC.L.,..V..T...C.QD,6.095284289005013,3
AZT,36.0,P.LK.T..KC.L.,..V..T..KCML.,10.395459062119805,4
AZT,36.0,P.LK.T..KC.L.,..V..TT..S.LD,2.5173537801892705,1
AZT,36.0,P.LK.T..KC.L.,..V.H..S.C.L.,4.065795036594579,1
AZT,36.0,P.LK.T..KC.L.,..V.H.T...MLD,2.063881865183935,1
AZT,36.0,P.LK.T..KC.L.,..V.HT..K.MQD,2.415022231447752,1
AZT,36.0,P.LK.T..KC.L.,..V.HT.S.C.L.,2.5476971957445578,1
AZT,36.0,P.LK.T..KC.L.,..V.HT.S.SM..,8.082961698937995,3
AZT,36.0,P.LK.T..KC.L.,..V.N.T..SML.,1.7308665642798482,1
AZT,36.0,P.LK.T..KC.L.,..V.NT..KS..D,5.3652871286665125,2
AZT,36.0,P.LK.T..KC.L.,..V.S..S.CML.,4.1565059242114595,1
AZT,36.0,P.LK.T..KC.L.,..VK...S.SMLD,1.766746033463055,1
AZT,36.0,P.LK.T..KC.L.,..VK...SK....,1.7734110610792297,1
AZT,36.0,P.LK.T..KC.L.,..VK.T.SKSML.,6.619745453973657,2
AZT,36.0,P.LK.T..KC.L.,..VK.TTS.C.LD,15.07277524971291,5
AZT,36.0,P.LK.T..KC.L.,..VKHT.SK..Q.,2.1469791710084096,1
AZT,36.0,P.LK.T..KC.L.,..VKHTT.KSMQD,2.1242144619398142,1
AZT,36.0,P.LK.T..KC.L.,..VKHTTS.S...,5.9683313727698195,2
AZT,36.0,P.LK.T..KC.L.,..VKN.T.KS.LD,2.537719132211415,1
AZT,36.0,P.LK.T..KC.L.,..VKNTTS.SML.,2.17166045562171,1
AZT,36.0,P.LK.T..KC.L.,..VKS..S.S.QD,3.5949355096108637,2
AZT,36.0,P.LK.T..KC.L.,..VKS.TS..M.D,5.592963857659418,2
AZT,36.0,P.LK.T..KC.L.,..VKS.TSKSM.D,1.962212161932628,1
AZT,36.0,P.LK.T..KC.L.,..VKSTT....QD,2.2324537296596256,1
AZT,36.0,P.LK.T..KC.L.,.K...TT.KS...,2.6084977644057408,1
AZT,36.0,P.LK.T..KC.L.,.K..H....CMQD,4.276518979936386,2
AZT,36.0,P.LK.T..KC.L.,.K..H.TS.C.Q.,1.6044184985144578,1
AZT,36.0,P.LK.T..KC.L.,.K..H.TS.CM..,6.287873301687993,2
AZT,36.0,P.LK.T..KC.L.,.K..H.TSK.M..,2.0207289946932705,1
AZT,36.0,P.LK.T..KC.L.,.K..HTT..SMQD,1.663803038883654,1
AZT,36.0,P.LK.T..KC.L.,.K..NT..KC..D,1.5773865901973878,1
AZT,36.0,P.LK.T..KC.L.,.K..NT.SKS.LD,1.905837268070936,1
AZT,36.0,P.LK.T..KC.L.,.K..STT.K..L.,4.007066656200268,1
AZT,36.0,P.LK.T..KC.L.,.K.K...SK.MLD,2.8202507257102694,1
AZT,36.0,P.LK.T..KC.L.,.K.K.T.SKSM..,2.8336784569456936,1
AZT,36.0,P.LK.T..KC.L.,.K.K.TT..SMQ.,2.1854333068398484,1
AZT,36.0,P.LK.T..KC.L.,.K.KH..SKS...,3.5830295316415377,1
AZT,36.0,P.LK.T..KC.L.,.K.KHTT.K....,7.506116071651372,1
AZT,36.0,P.LK.T..KC.L.,.K.KHTT.K.M..,32.09960667339973,9
AZT,36.0,P.LK.T..KC.L.,.K.KHTTSK...D,3.5500932580725735,1
AZT,36.0,P.LK.T..KC.L.,.K.KHTTSK.MLD,2.6071288535273065,1
AZT,36.0,P.LK.T..KC.L.,.K.KN....C..D,3.131358021133315,1
AZT,36.0,P.LK.T..KC.L.,.K.KN..S..MLD,2.5388973134192185,1
AZT,36.0,P.LK.T..KC.L.,.K.KNT..K..LD,24.552909076206085,6
AZT,36.0,P.LK.T..KC.L.,.K.KNTT.KC..D,2.8325139190646613,1
AZT,36.0,P.LK.T..KC.L.,.K.KS..S...QD,8.54379981804345,4
AZT,36.0,P.LK.T..KC.L.,.K.KS..S.S..D,1.8980421932655145,1
AZT,36.0,P.LK.T..KC.L.,.K.KSTTSK..LD,2.171199789750769,1
AZT,36.0,P.LK.T..KC.L.,.KL......C.L.,2.3951161750531726,1
AZT,36.0,P.LK.T..KC.L.,.KL..TT.K.M.D,2.8236854107457017,1
AZT,36.0,P.LK.T..KC.L.,.KL.H.TSK.ML.,2.4482238124000597,1
AZT,36.0,P.LK.T..KC.L.,.KL.HT.SKSMQD,1.874773463757739,1
AZT,36.0,P.LK.T..KC.L.,.KL.N..S...LD,1.9701224202218512,1
AZT,36.0,P.LK.T..KC.L.,.KL.NT..KC.L.,7.252352506991275,3
AZT,36.0,P.LK.T..KC.L.,.KL.S.TS.CMQD,2.058002888811683,1
AZT,36.0,P.LK.T..KC.L.,.KL.STTS.S..D,1.8070029645423424,1
AZT,36.0,P.LK.T..KC.L.,.KLK....KC...,2.3533526522507966,1
AZT,36.0,P.LK.T..KC.L.,.KLK..TS.S.LD,5.175334520877641,2
AZT,36.0,P.LK.T..KC.L.,.KLK..TS.SM.D,1.8982469188983913,1
AZT,36.0,P.LK.T..KC.L.,.KLK.T...S.LD,19.939272295253286,6
AZT,36.0,P.LK.T..KC.L.,.KLK.T..K....,3.9049930167186133,1
AZT,36.0,P.LK.T..KC.L.,.KLK.TTS.C.QD,3.696745342689669,2
AZT,36.0,P.LK.T..KC.L.,.KLKH.T.KS.LD,10.34189336728917,2
AZT,36.0,P.LK.T..KC.L.,.KLKHT..KSMQD,3.697782929022854,2
AZT,36.0,P.LK.T..KC.L.,.KLKN....S...,10.162920456600883,3
AZT,36.0,P.LK.T..KC.L.,.KLKNT.S.C.QD,4.432985024952092,2
AZT,36.0,P.LK.T..KC.L.,.KLKNTT..S.LD,9.44910724812578,4
AZT,36.0,P.LK.T..KC.L.,.KLKS..SK..LD,14.089209056891626,5
AZT,36.0,P.LK.T..KC.L.,.KLKST.S.C.Q.,2.130498364857751,1
AZT,36.0,P.LK.T..KC.L.,.KV..T...CML.,6.580109868942605,2
AZT,36.0,P.LK.T..KC.L.,.KV..TTS.SML.,1.6377096425167748,1
AZT,36.0,P.LK.T..KC.L.,.KV.H..S....D,2.5913533852862276,1
AZT,36.0,P.LK.T..KC.L.,.KV.HT....MQD,6.373726888123196,3
AZT,36.0,P.LK.T..KC.L.,.KV.HT..K..Q.,4.219841074579369,1
AZT,36.0,P.LK.T..KC.L.,.KV.HTT..CML.,3.885981037141825,2
AZT,36.0,P.LK.T..KC.L.,.KV.HTTSKC.L.,1.8793759642236254,1
AZT,36.0,P.LK.T..KC.L.,.KV.NT...S.L.,2.4229079431696547,1
AZT,36.0,P.LK.T..KC.L.,.KV.NTT.KS...,9.417758811076533,3
AZT,36.0,P.LK.T..KC.L.,.KV.S..SKC.L.,6.87318916811258,3
AZT,36.0,P.LK.T..KC.L.,.KVK.....S.LD,13.870395417659399,4
AZT,36.0,P.LK.T..KC.L.,.KVK.T..KCMQD,12.869665869693574,5
AZT,36.0,P.LK.T..KC.L.,.KVKH.....M..,2.422067770262392,1
AZT,36.0,P.LK.T..KC.L.,.KVKH....S.L.,2.49991942418219,1
AZT,36.0,P.LK.T..KC.L.,.KVKHT..KS.Q.,1.9195868528051732,1
AZT,36.0,P.LK.T..KC.L.,.KVKHTTSKC.QD,5.009485058580216,2
AZT,36.0,P.LK.T..KC.L.,.KVKNT....M.D,3.4279253785722856,2
AZT,36.0,P.LK.T..KC.L.,.KVKS...KS...,5.805750559094914,2
AZT,36.0,P.LK.T..KC.L.,.KVKS..SK...D,9.467183278815876,3
AZT,36.0,P.LK.T..KC.L.,.KVKST......D,1.8608308627555208,1
AZT,36.0,P.LK.T..KC.L.,.KVKST.S.C...,1.9594479106285079,1
AZT,36.0,P.LK.T..KC.L.,P........C.LD,2.3624583976755877,1
AZT,36.0,P.LK.T..KC.L.,P.....TS.CM.D,7.5433559765755795,2
AZT,36.0,P.LK.T..KC.L.,P...HT..K..LD,2.2430821042963935,1
AZT,36.0,P.LK.T..KC.L.,P...HT..KSMQ.,2.6465226743309933,1
AZT,36.0,P.LK.T..KC.L.,P...HT.SKC...,3.3482937269196364,1
AZT,36.0,P.LK.T..KC.L.,P...HTT.KS.Q.,4.989866362421239,2
AZT,36.0,P.LK.T..KC.L.,P...N...K.MQD,2.0742584593505597,1
AZT,36.0,P.LK.T..KC.L.,P...NTT.KCM..,3.693467384982422,1
AZT,36.0,P.LK.T..KC.L.,P...NTTS.....,7.3697324051098985,3
AZT,36.0,P.LK.T..KC.L.,P...NTTS.CML.,2.0781688442150745,1
AZT,36.0,P.LK.T..KC.L.,P...S..SKCM..,1.6018390819164736,1
AZT,36.0,P.LK.T..KC.L.,P...STT..CML.,2.9767262423538985,1
AZT,36.0,P.LK.T..KC.L.,P...STT.KCML.,5.2473163735842725,2
AZT,36.0,P.LK.T..KC.L.,P..K....KC...,2.626310960941478,1
AZT,36.0,P.LK.T..KC.L.,P..K.T...CML.,1.56702614136843,1
AZT,36.0,P.LK.T..KC.L.,P..K.T..KC.LD,2.863508657829412,1
AZT,36.0,P.LK.T..KC.L.,P..K.T.SK..Q.,3.3149359811540378,1
AZT,36.0,P.LK.T..KC.L.,P..K.T.SK.ML.,7.9210805698957785,2
AZT,36.0,P.LK.T..KC.L.,P..K.TT.K..L.,4.60151610325781,2
AZT,36.0,P.LK.T..KC.L.,P..KH..SKS.L.,7.31671197827267,3
AZT,36.0,P.LK.T..KC.L.,P..KH.T.KSML.,3.257119279971863,1
AZT,36.0,P.LK.T..KC.L.,P..KHT....M..,2.1693793757919946,1
AZT,36.0,P.LK.T..KC.L.,P..KHT..KS..D,8.557015650442816,3
AZT,36.0,P.LK.T..KC.L.,P..KHT.S....D,2.985301928271932,1
AZT,36.0,P.LK.T..KC.L.,P..KHT.S.SMQD,7.1925249546525585,2
AZT,36.0,P.LK.T..KC.L.,P..KHTTS.SML.,6.774184474401618,2
AZT,36.0,P.LK.T..KC.L.,P..KNT..K..L.,18.760542924503497,7
AZT,36.0,P.LK.T..KC.L.,P..KNT..K.ML.,7.817754400559918,2
AZT,36.0,P.LK.T..KC.L.,P..KNTT.KC.QD,2.147426980177455,1
AZT,36.0,P.LK.T..KC.L.,P..KNTTSKSMQD,2.3209735076020186,1
AZT,36.0,P.LK.T..KC.L.,P..KSTT..C.LD,2.6033572448253306,1
AZT,36.0,P.LK.T..KC.L.,P.L......SML.,4.595869741190292,2
AZT,36.0,P.LK.T..KC.L.,P.L.H....S.Q.,7.295116197399997,4
AZT,36.0,P.LK.T..KC.L.,P.L.H...KCM.D,16.289972478153164,7
AZT,36.0,P.LK.T..KC.L.,P.L.HT..KS...,21.542177096921474,5
AZT,36.0,P.LK.T..KC.L.,P.L.HT.SKCMLD,2.6105412629660307,1
AZT,36.0,P.LK.T..KC.L.,P.L.HT.SKSML.,2.938074700103896,1
AZT,36.0,P.LK.T..KC.L.,P.L.HTT.....D,13.649263071952078,5
AZT,36.0,P.LK.T..KC.L.,P.L.NT....MQ.,3.887347933660421,2
AZT,36.0,P.LK.T..KC.L.,P.L.NT.S.S.QD,1.6270065972275873,1
AZT,36.0,P.LK.T..KC.L.,P.L.NTTS...L.,6.38456134812834,2
AZT,36.0,P.LK.T..KC.L.,P.L.NTTSKS...,6.499747261432562,3
AZT,36.0,P.LK.T..KC.L.,P.L.S.T.K..L.,3.032219051772554,1
AZT,36.0,P.LK.T..KC.L.,P.L.ST..K..Q.,2.0892971311245896,1
AZT,36.0,P.LK.T..KC.L.,P.LK..T.KS..D,1.9385213469110898,1
AZT,36.0,P.LK.T..KC.L.,P.LK..TSK..LD,4.719152826957817,2
AZT,36.0,P.LK.T..KC.L.,P.LK.T.SKSM.D,12.200123770969089,5
AZT,36.0,P.LK.T..KC.L.,P.LK.TT..SM.D,3.0122628273071514,1
AZT,36.0,P.LK.T..KC.L.,P.LKH..SK..QD,4.163594246206166,2
AZT,36.0,P.LK.T..KC.L.,P.LKH.TSK.M..,5.232143733854439,2
AZT,36.0,P.LK.T..KC.L.,P.LKHTT.K.MQ.,1.814773086172765,1
AZT,36.0,P.LK.T..KC.L.,P.LKHTT.KC...,3.3398308372461534,1
AZT,36.0,P.LK.T..KC.L.,P.LKN.......D,2.4999306937288583,1
AZT,36.0,P.LK.T..KC.L.,P.LKN..SK.MLD,2.6391861838516566,1
AZT,36.0,P.LK.T..KC.L.,P.LKN.TSKC.QD,2.772091612620297,1
AZT,36.0,P.LK.T..KC.L.,P.LKNT..KSMLD,3.1944730085770243,1
AZT,36.0,P.LK.T..KC.L.,P.LKNT.S.SM..,2.5208482637703318,1
AZT,36.0,P.LK.T..KC.L.,P.LKNTTSKS..D,2.837523303921225,1
AZT,36.0,P.LK.T..KC.L.,P.LKST...SMLD,12.429950106989075,6
AZT,36.0,P.LK.T..KC.L.,P.LKST..K.M..,6.158362707784928,1
AZT,36.0,P.LK.T..KC.L.,P.LKSTT..S.LD,1.9244639582884835,1
AZT,36.0,P.LK.T..KC.L.,P.V......SMQ.,6.559216152270982,2
AZT,36.0,P.LK.T..KC.L.,P.V..T.S.SM..,3.186390331350555,1
AZT,36.0,P.LK.T..KC.L.,P.V..T.SK.M.D,1.935095918924151,1
AZT,36.0,P.LK.T..KC.L.,P.V..TT.K..QD,6.045910782166063,2
AZT,36.0,P.LK.T..KC.L.,P.V..TTS...Q.,2.860566610565765,1
AZT,36.0,P.LK.T..KC.L.,P.V.HT....M..,3.2684333790703013,1
AZT,36.0,P.LK.T..KC.L.,P.V.HT...S...,16.15264108019993,5
AZT,36.0,P.LK.T..KC.L.,P.V.HT.SK.M.D,4.22627856325855,1
AZT,36.0,P.LK.T..KC.L.,P.V.HTT.KS..D,5.420508687280584,2
AZT,36.0,P.LK.T..KC.L.,P.V.NTT..C..D,6.806857536695041,3
AZT,36.0,P.LK.T..KC.L.,P.V.S........,4.911793775823101,2
AZT,36.0,P.LK.T..KC.L.,P.V.ST.S....D,8.005956160461347,2
AZT,36.0,P.LK.T..KC.L.,P.V.ST.S.SML.,4.348378336264087,2
AZT,36.0,P.LK.T..KC.L.,P.VK.....S.LD,5.7308134543599465,2
AZT,36.0,P.LK.T..KC.L.,P.VK.T.S.SMLD,7.878592648097543,2
AZT,36.0,P.LK.T..KC.L.,P.VK.TT.KSMQD,1.6970885420833899,1
AZT,36.0,P.LK.T..KC.L.,P.VKH...K....,1.998424028754102,1
AZT,36.0,P.LK.T..KC.L.,P.VKH..S.SM..,3.420647135498604,1
AZT,36.0,P.LK.T..KC.L.,P.VKH.T.KC.LD,4.979741457633679,2
AZT,36.0,P.LK.T..KC.L.,P.VKH.T.KSM..,2.5977406847650006,1
AZT,36.0,P.LK.T..KC.L.,P.VKHT.SKC.QD,2.3507614248393573,1
AZT,36.0,P.LK.T..KC.L.,P.VKHTT....LD,5.020264993360792,2
AZT,36.0,P.LK.T..KC.L.,P.VKN....SM.D,5.618420476205385,2
AZT,36.0,P.LK.T..KC.L.,P.VKN..S.S.QD,1.8604066526340755,1
AZT,36.0,P.LK.T..KC.L.,P.VKNT..KS...,5.56479644797405,2
AZT,36.0,P.LK.T..KC.L.,P.VKNTTSKSM.D,6.219422098187652,1
AZT,36.0,P.LK.T..KC.L.,P.VKS.TS.S..D,2.9133192351150363,1
AZT,36.0,P.LK.T..KC.L.,P.VKS.TSKS...,3.8868681435368453,2
AZT,36.0,P.LK.T..KC.L.,P.VKST...C.L.,2.738157535150773,1
AZT,36.0,P.LK.T..KC.L.,PK........M.D,6.146445730471288,1
AZT,36.0,P.LK.T..KC.L.,PK..H......LD,8.131272773582184,2
AZT,36.0,P.LK.T..KC.L.,PK..H.TSKSM..,1.7157647541858314,1
AZT,36.0,P.LK.T..KC.L.,PK..HTTS..M..,2.6174989402088595,1
AZT,36.0,P.LK.T..KC.L.,PK..N..SKCML.,2.4355045205278216,1
AZT,36.0,P.LK.T..KC.L.,PK..N..SKS..D,3.0674731035066465,1
AZT,36.0,P.LK.T..KC.L.,PK..N.T...ML.,4.040554354623167,2
AZT,36.0,P.LK.T..KC.L.,PK..N.TSK....,2.835203317557986,1
AZT,36.0,P.LK.T..KC.L.,PK..NT.SKSMLD,2.054447361374295,1
AZT,36.0,P.LK.T..KC.L.,PK..S...KC.L.,4.247801432708567,2
AZT,36.0,P.LK.T..KC.L.,PK.K...SKSM..,9.267576073625337,2
AZT,36.0,P.LK.T..KC.L.,PK.K..T.KSM.D,3.20353632041947,1
AZT,36.0,P.LK.T..KC.L.,PK.K..TSK.M..,3.6218777733603216,1
AZT,36.0,P.LK.T..KC.L.,PK.K.T.....L.,5.864907485746379,2
AZT,36.0,P.LK.T..KC.L.,PK.K.T...S...,10.366011021009992,2
AZT,36.0,P.LK.T..KC.L.,PK.K.TT.K.MQ.,2.460847863105937,1
AZT,36.0,P.LK.T..KC.L.,PK.K.TT.KSM..,7.171609233465368,1
AZT,36.0,P.LK.T..KC.L.,PK.KHT...C..D,2.819572450628953,1
AZT,36.0,P.LK.T..KC.L.,PK.KHT..K..LD,14.601895554476915,3
AZT,36.0,P.LK.T..KC.L.,PK.KHTT.K....,7.178704944816685,3
AZT,36.0,P.LK.T..KC.L.,PK.KNT.......,6.507255125071621,2
AZT,36.0,P.LK.T..KC.L.,PK.KNT...CMLD,2.1487558702848606,1
AZT,36.0,P.LK.T..KC.L.,PK.KNT..K...D,13.604501662697714,2
AZT,36.0,P.LK.T..KC.L.,PK.KNT..KS.Q.,9.46842621914696,3
AZT,36.0,P.LK.T..KC.L.,PK.KNTTSKS.Q.,4.931581759651902,1
AZT,36.0,P.LK.T..KC.L.,PK.KS..SK.M..,4.384622005083695,2
AZT,36.0,P.LK.T..KC.L.,PK.KS..SKS.L.,4.268460098340697,1
AZT,36.0,P.LK.T..KC.L.,PK.KS..SKS.Q.,2.1552901906619963,1
AZT,36.0,P.LK.T..KC.L.,PK.KST....M..,1.6883307922533888,1
AZT,36.0,P.LK.T..KC.L.,PK.KST.SKS...,7.832913258614164,3
AZT,36.0,P.LK.T..KC.L.,PK.KST.SKS.LD,2.7217882219451788,1
AZT,36.0,P.LK.T..KC.L.,PK.KSTT....LD,8.744339905304836,2
AZT,36.0,P.LK.T..KC.L.,PK.KSTT...M.D,5.953640639896335,3
AZT,36.0,P.LK.T..KC.L.,PK.KSTT.KCMLD,2.8851770622120325,1
AZT,36.0,P.LK.T..KC.L.,PKL.....K.ML.,2.9959478863438016,1
AZT,36.0,P.LK.T..KC.L.,PKL.....KC...,1.7637360109096312,1
AZT,36.0,P.LK.T..KC.L.,PKL..T..KC.LD,1.7346928907208603,1
AZT,36.0,P.LK.T..KC.L.,PKL..TT.KC...,1.8081076602613972,1
AZT,36.0,P.LK.T..KC.L.,PKL..TTS..MQD,10.871242407291737,3
AZT,36.0,P.LK.T..KC.L.,PKL..TTS.CMLD,14.6713361106244,3
AZT,36.0,P.LK.T..KC.L.,PKL.H.TS..MQ.,2.2355683848364225,1
AZT,36.0,P.LK.T..KC.L.,PKL.HTTSKC...,2.4494825199857253,1
AZT,36.0,P.LK.T..KC.L.,PKL.HTTSKSMLD,1.8787615500641721,1
AZT,36.0,P.LK.T..KC.L.,PKL.N.T.K....,1.9784621214008957,1
AZT,36.0,P.LK.T..KC.L.,PKL.N.T.KSM..,2.027264465068376,1
AZT,36.0,P.LK.T..KC.L.,PKL.NT..KS.LD,2.468035137527785,1
AZT,36.0,P.LK.T..KC.L.,PKL.NTT..SM.D,1.597440119356585,1
AZT,36.0,P.LK.T..KC.L.,PKL.S..SKCM..,1.8806731714224907,1
AZT,36.0,P.LK.T..KC.L.,PKL.ST.S...LD,1.759513781632256,1
AZT,36.0,P.LK.T..KC.L.,PKL.ST.SK..LD,3.554328925601946,1
AZT,36.0,P.LK.T..KC.L.,PKL.ST.SKSM.D,2.880356636402568,1
AZT,36.0,P.LK.T..KC.L.,PKL.STT.KC.L.,4.149693654140548,2
AZT,36.0,P.LK.T..KC.L.,PKL.STT.KCM..,3.065913508209418,1
AZT,36.0,P.LK.T..KC.L.,PKLK.....CMQ.,2.222339667049695,1
AZT,36.0,P.LK.T..KC.L.,PKLK....KC..D,1.8508770462653001,1
AZT,36.0,P.LK.T..KC.L.,PKLK.T..KCMLD,1.9562513254493576,1
AZT,36.0,P.LK.T..KC.L.,PKLK.TTS.SML.,3.476275073596311,1
AZT,36.0,P.LK.T..KC.L.,PKLKH.TS...Q.,2.0344514423959414,1
AZT,36.0,P.LK.T..KC.L.,PKLKHT.S...LD,2.30260368769491,1
AZT,36.0,P.LK.T..KC.L.,PKLKN.T..C.LD,1.823302794580984,1
AZT,36.0,P.LK.T..KC.L.,PKLKNT...S.L.,1.8359505086341437,1
AZT,36.0,P.LK.T..KC.L.,PKLKNTTSK.MQ.,4.203464485921048,1
AZT,36.0,P.LK.T..KC.L.,PKLKNTTSKCM..,3.5605174111263644,1
AZT,36.0,P.LK.T..KC.L.,PKLKNTTSKSM.D,5.381052198989641,3
AZT,36.0,P.LK.T..KC.L.,PKLKS...KS.QD,1.8369660037195483,1
AZT,36.0,P.LK.T..KC.L.,PKLKSTTS..M.D,4.169130564950987,1
AZT,36.0,P.LK.T..KC.L.,PKV.....K..L.,7.909080629768436,2
AZT,36.0,P.LK.T..KC.L.,PKV..T...S.Q.,20.41499434905748,4
AZT,36.0,P.LK.T..KC.L.,PKV..TTSK..QD,5.328164159932594,1
AZT,36.0,P.LK.T..KC.L.,PKV..TTSKC.L.,3.484688045036615,1
AZT,36.0,P.LK.T..KC.L.,PKV.HT.SKS.Q.,8.030391166870501,2
AZT,36.0,P.LK.T..KC.L.,PKV.HTT..S..D,2.3798956100506876,1
AZT,36.0,P.LK.T..KC.L.,PKV.HTT.K.ML.,3.020824027616834,1
AZT,36.0,P.LK.T..KC.L.,PKV.NT.S.CML.,2.5628823129375453,1
AZT,36.0,P.LK.T..KC.L.,PKV.NTT..CMLD,4.093443081795776,2
AZT,36.0,P.LK.T..KC.L.,PKV.NTTS.....,6.535800285736821,2
AZT,36.0,P.LK.T..KC.L.,PKV.NTTSKSM..,10.521419530818946,3
AZT,36.0,P.LK.T..KC.L.,PKV.S....CMQD,3.9703094393084384,2
AZT,36.0,P.LK.T..KC.L.,PKV.S.TSKCML.,2.278827452439773,1
AZT,36.0,P.LK.T..KC.L.,PKV.ST....M..,3.4634376577238797,1
AZT,36.0,P.LK.T..KC.L.,PKV.ST...SM.D,10.668356382244975,4
AZT,36.0,P.LK.T..KC.L.,PKVK....KC.LD,6.162547624547985,2
AZT,36.0,P.LK.T..KC.L.,PKVK.TT.KCM.D,9.37112890981327,3
AZT,36.0,P.LK.T..KC.L.,PKVK.TTSK..L.,4.217809939799982,1
AZT,36.0,P.LK.T..KC.L.,PKVKHT...S.QD,4.983177291774208,2
AZT,36.0,P.LK.T..KC.L.,PKVKHT..KSM.D,3.731202376381022,1
AZT,36.0,P.LK.T..KC.L.,PKVKHT.SK....,3.424569226364723,1
AZT,36.0,P.LK.T..KC.L.,PKVKN....CMLD,5.881229074007701,2
AZT,36.0,P.LK.T..KC.L.,PKVKN...KC.Q.,2.9820870313622057,1
AZT,36.0,P.LK.T..KC.L.,PKVKN...KS..D,5.776030823699775,2
AZT,36.0,P.LK.T..KC.L.,PKVKNT.SK.M..,7.7263447010512145,2
AZT,36.0,P.LK.T..KC.L.,PKVKNTTSKCMQD,3.0421717018165007,1
AZT,36.0,P.LK.T..KC.L.,PKVKNTTSKS...,3.102087475975361,1
AZT,36.0,P.LK.T..KC.L.,PKVKS...KSMQD,4.116373572771286,1
AZT,36.0,P.LK.T..KC.L.,PKVKS..S.S...,5.7668628340871475,2
AZT,36.0,P.LK.T..KC.L.,PKVKS.T.KS.LD,7.097288471093635,1
AZT,36.0,P.LK.T..KC.L.,PKVKST...C.L.,4.563385678427018,1
AZT,36.0,P.LK.T..KC.L.,PKVKSTT.KC.LD,4.403363891691265,2
AZT,36.0,P.LK.T..KC.L.,PKVKSTTS..M..,10.289476786441563,3
AZT,36.0,P.LK.T.S.....,P.LK.T.S.C...,1.7255543301726604,1
AZT,36.0,P.LK.T.S.C.Q.,P.LK.T.S.C...,2.1531483099331123,1
AZT,36.0,P.LKHTTS.CM..,.KLKHTTS.CM..,1.5183812683794593,1
AZT,36.0,P.LKHTTS.CM..,PKLKSTTS.CM..,2.3585202013733944,1
AZT,36.0,P.LKNT..K..Q.,P.LKNT.SK..Q.,1.7669449640165027,1
AZT,36.0,P.LKS.....MLD,P.LKS...K.MLD,1.6683133107245305,1
AZT,36.0,P.LKSTTS.SMQ.,P.LKNTTS.SMQ.,1.6516039565008478,1
AZT,36.0,P.V......SMQD,..V......SMQD,4.535131720885395,1
AZT,36.0,P.V......SMQD,P.V......SMQ.,7.93472177178116,1
AZT,36.0,P.V......SMQD,PKL.STTSKC.QD,36.587674275320516,16
AZT,36.0,P.V...TS.....,P.LK.T..KC.L.,5.824610948213367,2
AZT,36.0,P.V...TS.....,PKL.STTSKC.QD,38.70382034575244,16
AZT,36.0,P.V..T..KC..D,P.LK.T..KC.L.,5.226454376845545,2
AZT,36.0,P.V..T..KC..D,PKL.STTSKC.QD,34.81132982647635,16
AZT,36.0,P.V..T.SK.M.D,P.V.HT.SK.M.D,1.9850896988660283,1
AZT,36.0,P.V.H.TS....D,PKL.STTSKC.QD,53.027336006666445,18
AZT,36.0,P.VKH...K....,PKL.STTSKC.QD,0.09158876299662921,17
AZT,36.0,P.VKHTT...MQ.,P.VKSTT...MQ.,2.0973865070029345,1
AZT,36.0,P.VKST...C.L.,PKVKST...C.L.,1.6462757952575644,1
AZT,36.0,PK.......S.QD,PK...T...S.QD,1.5472318930404723,1
AZT,36.0,PK......KCML.,PKL.STTSKC.QD,42.76463500041054,18
AZT,36.0,PK...T.S.CML.,PKL.STTSKC.QD,41.50232931007362,17
AZT,36.0,PK...T.S.CML.,PKV.NT.S.CML.,5.531010544733712,1
AZT,36.0,PK...T.SK.MQD,PKL.STTSKC.QD,43.93890619081459,18
AZT,36.0,PK..N..SKS..D,PK.....SKS..D,1.5663593654005334,1
AZT,36.0,PK.KHT..K..LD,PK.KNT..K...D,1.7865761052205695,1
AZT,36.0,PK.KHTT.K....,...KHTT.K....,1.8440263842961548,1
AZT,36.0,PK.KHTT.K....,.K.KHTT.K....,2.903258863816946,1
AZT,36.0,PK.KHTT.K....,.K.KHTT.K.M..,1.6511683653817228,1
AZT,36.0,PK.KNTT.KSM..,PK.K.TT.KSM..,1.809403112658415,1
AZT,36.0,PK.KS...K.MLD,.K.KS...K.MLD,1.5563082067471492,1
AZT,36.0,PK.KS..SK.M..,PK.K..TSK.M..,1.5394282182132868,1
AZT,36.0,PK.KS..SKS.Q.,PK.KS..SKS.L.,1.7132188380627527,1
AZT,36.0,PK.KST.SKS.LD,PKLKST.SKS.LD,2.1028252823942424,1
AZT,36.0,PKL..T...SMLD,P.LK.T..KC.L.,2.93582036262735,1
AZT,36.0,PKL..T...SMLD,PKL.STTSKC.QD,58.69957988098325,17
AZT,36.0,PKL..TTS.CMQ.,P.LK.T..KC.L.,3.8161470771866495,1
AZT,36.0,PKL..TTS.CMQ.,PKL.STTSKC.QD,63.30812112666392,17
AZT,36.0,PKL.HT.S.CMQ.,PKL.STTSKC.QD,40.5139586985349,18
AZT,36.0,PKL.HTTS...LD,PKL.STTSKC.QD,57.404613771724804,18
AZT,36.0,PKL.NTTSKC.L.,PKL.STTSKC.QD,63.88830329418377,18
AZT,36.0,PKL.ST.S...LD,PKL.ST.SK..LD,1.5784566805327924,1
AZT,36.0,PKL.STT.KCM..,PKL.HTT.KCM..,1.7239705753552081,1
AZT,36.0,PKL.STTSKC.QD,.....TT.KC.L.,48.625003532556086,18
AZT,36.0,PKL.STTSKC.QD,.....TTS.CMQD,36.088872492830134,18
AZT,36.0,PKL.STTSKC.QD,....H...KC.L.,51.80845751945964,18
AZT,36.0,PKL.STTSKC.QD,....H...KS...,55.947694767486766,18
AZT,36.0,PKL.STTSKC.QD,....H.T..C.QD,124.46424921346394,34
AZT,36.0,PKL.STTSKC.QD,....H.TS...LD,40.134427283013885,18
AZT,36.0,PKL.STTSKC.QD,....H.TS...Q.,39.31480244128181,18
AZT,36.0,PKL.STTSKC.QD,....HTT....Q.,58.946111745035836,17
AZT,36.0,PKL.STTSKC.QD,....N.TS....D,85.31676200159275,32
AZT,36.0,PKL.STTSKC.QD,....NT.SKSMLD,39.74092841411395,16
AZT,36.0,PKL.STTSKC.QD,....S..S.SMQ.,43.676241043676825,18
AZT,36.0,PKL.STTSKC.QD,....S.T.K....,25.911996387989067,18
AZT,36.0,PKL.STTSKC.QD,....STT.KCM..,115.94541041149817,34
AZT,36.0,PKL.STTSKC.QD,....STTS.S..D,41.20681199456067,18
AZT,36.0,PKL.STTSKC.QD,...K..TS.S.L.,52.32348511457869,18
AZT,36.0,PKL.STTSKC.QD,...K..TSKSM..,57.29039767357551,18
AZT,36.0,PKL.STTSKC.QD,...K.TT..C...,64.02269881128758,18
AZT,36.0,PKL.STTSKC.QD,...K.TTSKC.LD,58.31857877264374,18
AZT,36.0,PKL.STTSKC.QD,...KH....C.Q.,39.5595508005363,18
AZT,36.0,PKL.STTSKC.QD,...KH.T.K.M.D,30.7738608415379,16
AZT,36.0,PKL.STTSKC.QD,...KH.T.KC...,53.231539986922094,17
AZT,36.0,PKL.STTSKC.QD,...KH.T.KCML.,33.74974792766442,17
AZT,36.0,PKL.STTSKC.QD,...KH.T.KSMQ.,51.70353860767096,17
AZT,36.0,PKL.STTSKC.QD,...KH.TS.C.LD,32.31710810343074,17
AZT,36.0,PKL.STTSKC.QD,...KH.TSKC...,161.8766806430834,33
AZT,36.0,PKL.STTSKC.QD,...KHT.SKC..D,42.72734177833802,18
AZT,36.0,PKL.STTSKC.QD,...KHTT......,27.074489406818532,16
AZT,36.0,PKL.STTSKC.QD,...KHTT.K....,101.55447127987664,44
AZT,36.0,PKL.STTSKC.QD,...KHTTS....D,34.477946885318424,17
AZT,36.0,PKL.STTSKC.QD,...KN.T..SMQ.,38.136820221264074,18
AZT,36.0,PKL.STTSKC.QD,...KN.TS.CM.D,49.81950655687751,18
AZT,36.0,PKL.STTSKC.QD,...KN.TSKSMLD,48.10357351332292,18
AZT,36.0,PKL.STTSKC.QD,...KNT...CM..,42.29218605782792,18
AZT,36.0,PKL.STTSKC.QD,...KNT.SKCMLD,47.44856841322874,18
AZT,36.0,PKL.STTSKC.QD,...KNTT..S...,46.733130489177015,18
AZT,36.0,PKL.STTSKC.QD,...KNTT..S.QD,52.59387268768795,18
AZT,36.0,PKL.STTSKC.QD,...KNTTSKC.Q.,41.730899923344005,18
AZT,36.0,PKL.STTSKC.QD,...KS...K.MLD,17.413196203183976,16
AZT,36.0,PKL.STTSKC.QD,...KST.SK...D,39.20255990626411,31
AZT,36.0,PKL.STTSKC.QD,...KST.SK..L.,24.122973361232184,17
AZT,36.0,PKL.STTSKC.QD,...KSTTS.SM.D,47.34891963675937,18
AZT,36.0,PKL.STTSKC.QD,...KSTTS.SMQ.,44.36994499142175,18
AZT,36.0,PKL.STTSKC.QD,..L.....K..QD,52.399921441640764,18
AZT,36.0,PKL.STTSKC.QD,..L..T.S.C.Q.,54.543385543361254,18
AZT,36.0,PKL.STTSKC.QD,..L..TT..SM..,43.334037002504736,18
AZT,36.0,PKL.STTSKC.QD,..L..TTS.C...,51.54736374511739,18
AZT,36.0,PKL.STTSKC.QD,..L..TTSKSML.,48.29806049581116,18
AZT,36.0,PKL.STTSKC.QD,..L.H.TSKSM..,45.24213839238724,18
AZT,36.0,PKL.STTSKC.QD,..L.HT.SKSMLD,39.36262193483337,17
AZT,36.0,PKL.STTSKC.QD,..L.N.T..CMQ.,38.527556448896284,17
AZT,36.0,PKL.STTSKC.QD,..L.N.TS.SM.D,46.63041896994668,18
AZT,36.0,PKL.STTSKC.QD,..L.NT...SML.,76.30139730540456,32
AZT,36.0,PKL.STTSKC.QD,..L.NT..KSM..,32.75837909364449,16
AZT,36.0,PKL.STTSKC.QD,..L.NT.SKS...,59.72169486315056,16
AZT,36.0,PKL.STTSKC.QD,..L.NT.SKS.Q.,32.05811453034696,16
AZT,36.0,PKL.STTSKC.QD,..L.S....SM.D,42.51665837073888,18
AZT,36.0,PKL.STTSKC.QD,..L.S...KSML.,37.95775903814051,15
AZT,36.0,PKL.STTSKC.QD,..L.S.T..C..D,48.89218296835275,18
AZT,36.0,PKL.STTSKC.QD,..L.S.T..S.QD,36.291461738907444,18
AZT,36.0,PKL.STTSKC.QD,..L.S.T.KSMQD,60.77063233768968,18
AZT,36.0,PKL.STTSKC.QD,..L.ST...C.LD,40.877809987798,18
AZT,36.0,PKL.STTSKC.QD,..L.ST..KCMQD,40.658118026059846,17
AZT,36.0,PKL.STTSKC.QD,..L.STT....L.,41.887010450106466,17
AZT,36.0,PKL.STTSKC.QD,..L.STT..SM.D,61.52910260963542,18
AZT,36.0,PKL.STTSKC.QD,..LK.....C.QD,43.11483691390016,18
AZT,36.0,PKL.STTSKC.QD,..LK.....S..D,63.35843720034184,17
AZT,36.0,PKL.STTSKC.QD,..LK...SKSMQD,48.18438834574292,18
AZT,36.0,PKL.STTSKC.QD,..LK..T.....D,55.498650473550484,18
AZT,36.0,PKL.STTSKC.QD,..LK..TSKS.L.,38.04022057278325,18
AZT,36.0,PKL.STTSKC.QD,..LK.T.SKC.LD,46.32947556732299,18
AZT,36.0,PKL.STTSKC.QD,..LK.TTS...Q.,44.601410793290306,17
AZT,36.0,PKL.STTSKC.QD,..LKH....S.L.,35.95819787843632,18
AZT,36.0,PKL.STTSKC.QD,..LKH..S..MQ.,46.714446368929,18
AZT,36.0,PKL.STTSKC.QD,..LKH.TSK..L.,50.75723500942573,17
AZT,36.0,PKL.STTSKC.QD,..LKHT..KCM..,36.03403529014683,17
AZT,36.0,PKL.STTSKC.QD,..LKHTTS..M..,126.9347200945998,48
AZT,36.0,PKL.STTSKC.QD,..LKHTTSKS.L.,71.75633678826237,34
AZT,36.0,PKL.STTSKC.QD,..LKNTTS.C...,88.97640538023408,34
AZT,36.0,PKL.STTSKC.QD,..LKS..SKC..D,58.85148864064667,18
AZT,36.0,PKL.STTSKC.QD,..LKS.TS.C.LD,62.65097672364085,18
AZT,36.0,PKL.STTSKC.QD,..LKS.TSK.MQD,46.010477181632204,18
AZT,36.0,PKL.STTSKC.QD,..LKS.TSKS...,52.2378706595824,18
AZT,36.0,PKL.STTSKC.QD,..LKST..K..Q.,10.78898231883047,17
AZT,36.0,PKL.STTSKC.QD,..LKST.SK.MQ.,26.210784245786655,17
AZT,36.0,PKL.STTSKC.QD,..LKSTT..C.Q.,43.057680733594815,18
AZT,36.0,PKL.STTSKC.QD,..LKSTT..S.L.,44.29555254168253,18
AZT,36.0,PKL.STTSKC.QD,..LKSTT.KC...,32.09451204301744,18
AZT,36.0,PKL.STTSKC.QD,..V......SMQD,39.47370296587856,17
AZT,36.0,PKL.STTSKC.QD,..V..T...C.QD,33.6244043317515,15
AZT,36.0,PKL.STTSKC.QD,..V..T..KCML.,39.51952948723825,14
AZT,36.0,PKL.STTSKC.QD,..V..TT..S.LD,38.71610074338618,17
AZT,36.0,PKL.STTSKC.QD,..V..TTS...L.,69.71644492706811,18
AZT,36.0,PKL.STTSKC.QD,..V.H...KSML.,37.03448039729118,18
AZT,36.0,PKL.STTSKC.QD,..V.H..S.C.L.,64.20514126141552,16
AZT,36.0,PKL.STTSKC.QD,..V.H..S.CMQD,51.00593927943828,18
AZT,36.0,PKL.STTSKC.QD,..V.H.T...MLD,39.22946382496363,17
AZT,36.0,PKL.STTSKC.QD,..V.H.TS.C.Q.,63.70684418126778,18
AZT,36.0,PKL.STTSKC.QD,..V.HT..K.MQD,47.50993790563288,17
AZT,36.0,PKL.STTSKC.QD,..V.HT.S.C..D,46.93009425094093,18
AZT,36.0,PKL.STTSKC.QD,..V.HT.S.C.L.,43.9977937615588,16
AZT,36.0,PKL.STTSKC.QD,..V.HT.S.SM..,146.21316125656477,47
AZT,36.0,PKL.STTSKC.QD,..V.HTT.K.M.D,49.87135361545501,18
AZT,36.0,PKL.STTSKC.QD,..V.HTT.KC.LD,55.595463394379486,18
AZT,36.0,PKL.STTSKC.QD,..V.N.T..S.QD,53.922476935480454,18
AZT,36.0,PKL.STTSKC.QD,..V.N.T..SM..,113.64951654518923,33
AZT,36.0,PKL.STTSKC.QD,..V.N.T..SML.,113.8688924471073,48
AZT,36.0,PKL.STTSKC.QD,..V.N.TSK.MQD,46.979109830954606,18
AZT,36.0,PKL.STTSKC.QD,..V.NT.....LD,40.02437137955328,18
AZT,36.0,PKL.STTSKC.QD,..V.NT..K..QD,41.38165310704594,18
AZT,36.0,PKL.STTSKC.QD,..V.NT..KS..D,46.86951697882107,16
AZT,36.0,PKL.STTSKC.QD,..V.NTTSKS.Q.,35.191581832146646,18
AZT,36.0,PKL.STTSKC.QD,..V.S..S.CML.,143.05580808750736,33
AZT,36.0,PKL.STTSKC.QD,..V.S.TSKS...,71.60089851798023,18
AZT,36.0,PKL.STTSKC.QD,..V.ST..KCMQD,66.64773268253997,17
AZT,36.0,PKL.STTSKC.QD,..V.STT.KS...,44.526552642463145,18
AZT,36.0,PKL.STTSKC.QD,..VK.....SM.D,51.17247067676491,18
AZT,36.0,PKL.STTSKC.QD,..VK...S.SMLD,50.18194837533794,17
AZT,36.0,PKL.STTSKC.QD,..VK...SK....,76.20358362329046,17
AZT,36.0,PKL.STTSKC.QD,..VK..T....L.,39.55776331201546,18
AZT,36.0,PKL.STTSKC.QD,..VK..T..C.QD,38.477949489156074,18
AZT,36.0,PKL.STTSKC.QD,..VK..TS.S.Q.,48.56623892376483,18
AZT,36.0,PKL.STTSKC.QD,..VK.T.SK.M..,40.15772373588391,18
AZT,36.0,PKL.STTSKC.QD,..VK.T.SKSML.,66.47559518150359,16
AZT,36.0,PKL.STTSKC.QD,..VK.TTS.C.LD,151.54356878230465,45
AZT,36.0,PKL.STTSKC.QD,..VK.TTSK.ML.,47.12833296912639,18
AZT,36.0,PKL.STTSKC.QD,..VK.TTSKS.L.,63.46163361584461,18
AZT,36.0,PKL.STTSKC.QD,..VKHT.SK..Q.,38.509755725008915,17
AZT,36.0,PKL.STTSKC.QD,..VKHTT.KSMQD,97.11213562348999,33
AZT,36.0,PKL.STTSKC.QD,..VKHTTS.S...,45.89461836797097,16
AZT,36.0,PKL.STTSKC.QD,..VKN....C...,47.093208094916875,18
AZT,36.0,PKL.STTSKC.QD,..VKN..S..M..,64.7580454502857,18
AZT,36.0,PKL.STTSKC.QD,..VKN.T..C.L.,43.60166982948578,18
AZT,36.0,PKL.STTSKC.QD,..VKN.T..S...,43.99445326984506,18
AZT,36.0,PKL.STTSKC.QD,..VKN.T.KS.LD,50.469410111945244,17
AZT,36.0,PKL.STTSKC.QD,..VKNTTS.SML.,41.412980907033194,17
AZT,36.0,PKL.STTSKC.QD,..VKS..S.S.QD,32.54078027365538,16
AZT,36.0,PKL.STTSKC.QD,..VKS..SKCM.D,33.1545413852485,18
AZT,36.0,PKL.STTSKC.QD,..VKS.TS..M.D,51.76577133638416,16
AZT,36.0,PKL.STTSKC.QD,..VKS.TSKSM.D,40.58718394308382,17
AZT,36.0,PKL.STTSKC.QD,..VKSTT....QD,88.78086408492588,33
AZT,36.0,PKL.STTSKC.QD,..VKSTTSK..LD,62.565283932944034,18
AZT,36.0,PKL.STTSKC.QD,.K.....S.C.L.,76.68035439467711,18
AZT,36.0,PKL.STTSKC.QD,.K....T...MQD,76.96213471015945,18
AZT,36.0,PKL.STTSKC.QD,.K....TSKCML.,50.69064873332618,18
AZT,36.0,PKL.STTSKC.QD,.K...T..K....,32.42010534808439,18
AZT,36.0,PKL.STTSKC.QD,.K...T..KCMQD,45.905426512317675,18
AZT,36.0,PKL.STTSKC.QD,.K...TT.KS...,43.59282309473313,17
AZT,36.0,PKL.STTSKC.QD,.K...TTS..MQ.,52.10521115291894,18
AZT,36.0,PKL.STTSKC.QD,.K..H....CMQD,34.98133365412574,16
AZT,36.0,PKL.STTSKC.QD,.K..H...KS.QD,39.26139672251316,18
AZT,36.0,PKL.STTSKC.QD,.K..H.TS.C.Q.,33.08062592167754,17
AZT,36.0,PKL.STTSKC.QD,.K..H.TS.CM..,59.068356914467955,16
AZT,36.0,PKL.STTSKC.QD,.K..H.TSK.M..,31.102589822179045,17
AZT,36.0,PKL.STTSKC.QD,.K..HT.S..M.D,60.572723504386175,18
AZT,36.0,PKL.STTSKC.QD,.K..HTT..SMQD,33.68365837573268,17
AZT,36.0,PKL.STTSKC.QD,.K..HTTSK.MQD,46.77482176541526,18
AZT,36.0,PKL.STTSKC.QD,.K..N...K.ML.,38.02365967816153,18
AZT,36.0,PKL.STTSKC.QD,.K..N...KCM.D,55.921246122594354,18
AZT,36.0,PKL.STTSKC.QD,.K..N..S.C..D,49.44141690169599,18
AZT,36.0,PKL.STTSKC.QD,.K..N.TSK.MLD,55.762161540351435,18
AZT,36.0,PKL.STTSKC.QD,.K..NT..KC..D,29.463580232338522,17
AZT,36.0,PKL.STTSKC.QD,.K..NT.SKS.LD,34.275293667494516,17
AZT,36.0,PKL.STTSKC.QD,.K..NTT..C.L.,40.11341206132255,18
AZT,36.0,PKL.STTSKC.QD,.K..NTT..SM..,58.61882456066461,18
AZT,36.0,PKL.STTSKC.QD,.K..S.TS.C...,48.98495121370481,18
AZT,36.0,PKL.STTSKC.QD,.K..STT.K..L.,67.49217919873456,17
AZT,36.0,PKL.STTSKC.QD,.K..STTS...LD,34.55745208582006,18
AZT,36.0,PKL.STTSKC.QD,.K..STTSKS.L.,37.93993841228042,18
AZT,36.0,PKL.STTSKC.QD,.K.K...SK.MLD,64.19909592112452,33
AZT,36.0,PKL.STTSKC.QD,.K.K...SKC.Q.,41.00313244652325,18
AZT,36.0,PKL.STTSKC.QD,.K.K..T...MQ.,37.99582238960875,18
AZT,36.0,PKL.STTSKC.QD,.K.K.T..K.M..,51.32780706470261,18
AZT,36.0,PKL.STTSKC.QD,.K.K.T.SKSM..,42.914524515477815,17
AZT,36.0,PKL.STTSKC.QD,.K.K.TT..SML.,54.583001253381255,17
AZT,36.0,PKL.STTSKC.QD,.K.K.TT..SMQ.,34.69960056409192,16
AZT,36.0,PKL.STTSKC.QD,.K.K.TTSKC.QD,50.72345212609819,18
AZT,36.0,PKL.STTSKC.QD,.K.KH..SKS...,89.74723610124248,33
AZT,36.0,PKL.STTSKC.QD,.K.KH.T...ML.,55.781709262142485,18
AZT,36.0,PKL.STTSKC.QD,.K.KHT...C...,42.89894915368521,18
AZT,36.0,PKL.STTSKC.QD,.K.KHT.S.....,62.78962820622411,18
AZT,36.0,PKL.STTSKC.QD,.K.KHT.S.SM..,51.36087634371136,18
AZT,36.0,PKL.STTSKC.QD,.K.KHT.SK.ML.,41.37528979532093,18
AZT,36.0,PKL.STTSKC.QD,.K.KHTT.K....,39.624747461335545,10
AZT,36.0,PKL.STTSKC.QD,.K.KHTT.K.M..,382.6727954466677,179
AZT,36.0,PKL.STTSKC.QD,.K.KHTTSK...D,149.93547204361678,63
AZT,36.0,PKL.STTSKC.QD,.K.KHTTSK.MLD,46.14336192931486,17
AZT,36.0,PKL.STTSKC.QD,.K.KN....C..D,40.777663183286144,17
AZT,36.0,PKL.STTSKC.QD,.K.KN...KCM..,160.67777900944543,66
AZT,36.0,PKL.STTSKC.QD,.K.KN..S..MLD,77.36951048729296,33
AZT,36.0,PKL.STTSKC.QD,.K.KN.T......,25.42175564543429,18
AZT,36.0,PKL.STTSKC.QD,.K.KN.T.K.ML.,26.978893610791257,18
AZT,36.0,PKL.STTSKC.QD,.K.KN.TSK....,111.94117231902561,33
AZT,36.0,PKL.STTSKC.QD,.K.KNT..K..LD,125.58743412682657,60
AZT,36.0,PKL.STTSKC.QD,.K.KNTT.KC..D,38.109613680217905,17
AZT,36.0,PKL.STTSKC.QD,.K.KS...K.MLD,39.27819772429099,16
AZT,36.0,PKL.STTSKC.QD,.K.KS...KC.LD,74.93814722731884,18
AZT,36.0,PKL.STTSKC.QD,.K.KS..S...QD,29.94733403664819,14
AZT,36.0,PKL.STTSKC.QD,.K.KS..S.S..D,35.744370810625874,17
AZT,36.0,PKL.STTSKC.QD,.K.KS.TS.....,61.280091990335976,18
AZT,36.0,PKL.STTSKC.QD,.K.KS.TS.C.Q.,48.272303125039564,18
AZT,36.0,PKL.STTSKC.QD,.K.KSTTSK..LD,40.70489266091823,17
AZT,36.0,PKL.STTSKC.QD,.KL......C.L.,96.3024822203364,33
AZT,36.0,PKL.STTSKC.QD,.KL....S...L.,86.17064273529942,34
AZT,36.0,PKL.STTSKC.QD,.KL..TT.K.M.D,51.50912195503902,17
AZT,36.0,PKL.STTSKC.QD,.KL..TTS..ML.,45.44501794334047,18
AZT,36.0,PKL.STTSKC.QD,.KL.H.T..S...,62.493219189742916,18
AZT,36.0,PKL.STTSKC.QD,.KL.H.TSK.ML.,43.596366467217905,17
AZT,36.0,PKL.STTSKC.QD,.KL.HT.SKSMQD,32.74548795735943,17
AZT,36.0,PKL.STTSKC.QD,.KL.N....SMLD,32.42293104619345,18
AZT,36.0,PKL.STTSKC.QD,.KL.N...KCML.,44.22286155809175,18
AZT,36.0,PKL.STTSKC.QD,.KL.N..S...LD,38.65040261853676,17
AZT,36.0,PKL.STTSKC.QD,.KL.N.T..CMQ.,59.329542344852776,17
AZT,36.0,PKL.STTSKC.QD,.KL.N.T..S..D,82.30055622363341,34
AZT,36.0,PKL.STTSKC.QD,.KL.NT..KC.L.,87.12221184203406,31
AZT,36.0,PKL.STTSKC.QD,.KL.NTT...MQ.,59.251199321458905,18
AZT,36.0,PKL.STTSKC.QD,.KL.S..S..MQD,38.337039103719455,18
AZT,36.0,PKL.STTSKC.QD,.KL.S.T.KS...,93.40143016627549,34
AZT,36.0,PKL.STTSKC.QD,.KL.S.TS..MLD,47.24141054722976,18
AZT,36.0,PKL.STTSKC.QD,.KL.S.TS.CMQD,44.60501560070793,17
AZT,36.0,PKL.STTSKC.QD,.KL.ST.S..M..,84.90156300703703,18
AZT,36.0,PKL.STTSKC.QD,.KL.ST.S.CML.,40.09462720765426,18
AZT,36.0,PKL.STTSKC.QD,.KL.STTS.S..D,31.964857781764536,17
AZT,36.0,PKL.STTSKC.QD,.KLK....KC...,44.73928491462641,17
AZT,36.0,PKL.STTSKC.QD,.KLK...S....D,41.22183173953037,18
AZT,36.0,PKL.STTSKC.QD,.KLK..TS...Q.,40.38833383792648,18
AZT,36.0,PKL.STTSKC.QD,.KLK..TS.C.QD,54.42987998741285,17
AZT,36.0,PKL.STTSKC.QD,.KLK..TS.S.LD,42.34688707691358,16
AZT,36.0,PKL.STTSKC.QD,.KLK..TS.SM.D,49.38649841806968,17
AZT,36.0,PKL.STTSKC.QD,.KLK..TSKC.Q.,45.79020001617056,18
AZT,36.0,PKL.STTSKC.QD,.KLK.T...S.LD,44.317488676163805,12
AZT,36.0,PKL.STTSKC.QD,.KLK.T..K....,43.45572365641985,17
AZT,36.0,PKL.STTSKC.QD,.KLK.TTS.C.L.,47.29039340574235,18
AZT,36.0,PKL.STTSKC.QD,.KLK.TTS.C.QD,30.487973837439636,15
AZT,36.0,PKL.STTSKC.QD,.KLKH..S.SML.,94.60784007499745,34
AZT,36.0,PKL.STTSKC.QD,.KLKH.T.KS.LD,83.43869857652867,16
AZT,36.0,PKL.STTSKC.QD,.KLKHT..KSMQD,38.17094215393296,16
AZT,36.0,PKL.STTSKC.QD,.KLKHT.S.S...,58.10022395602535,18
AZT,36.0,PKL.STTSKC.QD,.KLKHTTS.CM..,55.00035476330605,17
AZT,36.0,PKL.STTSKC.QD,.KLKN....S...,37.693932410341105,15
AZT,36.0,PKL.STTSKC.QD,.KLKN.T.KCML.,38.13023698315336,18
AZT,36.0,PKL.STTSKC.QD,.KLKN.TS.S.QD,69.39375859165676,18
AZT,36.0,PKL.STTSKC.QD,.KLKNT.S.C.QD,38.28033957613619,16
AZT,36.0,PKL.STTSKC.QD,.KLKNTT..S.LD,38.651584649255255,14
AZT,36.0,PKL.STTSKC.QD,.KLKNTTSKSMQ.,56.03091768396244,18
AZT,36.0,PKL.STTSKC.QD,.KLKS....CMQ.,36.85097536757089,18
AZT,36.0,PKL.STTSKC.QD,.KLKS..S.SM..,47.344215973582806,18
AZT,36.0,PKL.STTSKC.QD,.KLKS..SK..LD,41.7116402459253,13
AZT,36.0,PKL.STTSKC.QD,.KLKS.T..SMQD,40.50071254883214,18
AZT,36.0,PKL.STTSKC.QD,.KLKS.TS.S.L.,43.468157445605875,18
AZT,36.0,PKL.STTSKC.QD,.KLKS.TSK...D,37.786961291141786,18
AZT,36.0,PKL.STTSKC.QD,.KLKST.S.C.Q.,71.3194297935281,33
AZT,36.0,PKL.STTSKC.QD,.KLKSTT.KC.L.,57.68726408777002,18
AZT,36.0,PKL.STTSKC.QD,.KV...T.KSMLD,62.18855560904017,17
AZT,36.0,PKL.STTSKC.QD,.KV...T.KSMQ.,76.90144394314123,33
AZT,36.0,PKL.STTSKC.QD,.KV...TS.S...,42.06421394717891,18
AZT,36.0,PKL.STTSKC.QD,.KV...TSKC.Q.,46.718185714428344,18
AZT,36.0,PKL.STTSKC.QD,.KV..T...CML.,47.89790551092868,16
AZT,36.0,PKL.STTSKC.QD,.KV..T.SK.M..,54.324063715328016,18
AZT,36.0,PKL.STTSKC.QD,.KV..T.SKCMLD,59.11933878787731,18
AZT,36.0,PKL.STTSKC.QD,.KV..TTS.SML.,33.59053414514001,17
AZT,36.0,PKL.STTSKC.QD,.KV.H....SMLD,86.92003537678588,18
AZT,36.0,PKL.STTSKC.QD,.KV.H..S....D,49.58929563516542,17
AZT,36.0,PKL.STTSKC.QD,.KV.H.T...M..,55.61049348655521,18
AZT,36.0,PKL.STTSKC.QD,.KV.HT....MQD,38.84876600437067,15
AZT,36.0,PKL.STTSKC.QD,.KV.HT...C.L.,43.703016030801436,18
AZT,36.0,PKL.STTSKC.QD,.KV.HT..K..Q.,78.16129221721303,17
AZT,36.0,PKL.STTSKC.QD,.KV.HT..KSMLD,51.58808374104551,18
AZT,36.0,PKL.STTSKC.QD,.KV.HTT..CML.,69.37711034096648,32
AZT,36.0,PKL.STTSKC.QD,.KV.HTTSKC.L.,35.40982831810441,17
AZT,36.0,PKL.STTSKC.QD,.KV.N...KSMQD,61.92129414975166,18
AZT,36.0,PKL.STTSKC.QD,.KV.NT...S.L.,46.388319873368495,17
AZT,36.0,PKL.STTSKC.QD,.KV.NTT.KS...,57.913820353881086,15
AZT,36.0,PKL.STTSKC.QD,.KV.S...K.M.D,78.01792395740857,34
AZT,36.0,PKL.STTSKC.QD,.KV.S..SKC.L.,36.033727446205376,15
AZT,36.0,PKL.STTSKC.QD,.KVK.....C...,55.96246357116056,18
AZT,36.0,PKL.STTSKC.QD,.KVK.....S.LD,46.702576508995584,14
AZT,36.0,PKL.STTSKC.QD,.KVK....K.M..,71.0373407933373,18
AZT,36.0,PKL.STTSKC.QD,.KVK....KC.QD,83.6424211351332,18
AZT,36.0,PKL.STTSKC.QD,.KVK..T..CM..,63.428248152383006,18
AZT,36.0,PKL.STTSKC.QD,.KVK..TSK...D,48.11895781326051,18
AZT,36.0,PKL.STTSKC.QD,.KVK..TSKCMQD,93.13010341484552,18
AZT,36.0,PKL.STTSKC.QD,.KVK.T..KC...,50.75118891905504,18
AZT,36.0,PKL.STTSKC.QD,.KVK.T..KCMQD,135.69019750360636,45
AZT,36.0,PKL.STTSKC.QD,.KVK.T.SKC.L.,51.637829428692086,18
AZT,36.0,PKL.STTSKC.QD,.KVKH.....M..,50.56471087326976,17
AZT,36.0,PKL.STTSKC.QD,.KVKH....S.L.,43.38951667638848,17
AZT,36.0,PKL.STTSKC.QD,.KVKH..SKCML.,43.414705224970426,17
AZT,36.0,PKL.STTSKC.QD,.KVKH.TSKCM..,47.24034835753778,18
AZT,36.0,PKL.STTSKC.QD,.KVKHT..KS.Q.,36.00840612097111,17
AZT,36.0,PKL.STTSKC.QD,.KVKHT.SKC...,48.43172752301875,18
AZT,36.0,PKL.STTSKC.QD,.KVKHTTS.SML.,77.10362583362816,18
AZT,36.0,PKL.STTSKC.QD,.KVKHTTSKC.QD,45.558943197270025,16
AZT,36.0,PKL.STTSKC.QD,.KVKN...K.MLD,43.64520594784473,18
AZT,36.0,PKL.STTSKC.QD,.KVKN.T.KCMLD,150.76735678388658,34
AZT,36.0,PKL.STTSKC.QD,.KVKNT....M.D,35.01912427898266,16
AZT,36.0,PKL.STTSKC.QD,.KVKNTTSK.MQ.,69.76234712674349,18
AZT,36.0,PKL.STTSKC.QD,.KVKS...KS...,36.23408487702096,16
AZT,36.0,PKL.STTSKC.QD,.KVKS..SK...D,116.73264012055691,47
AZT,36.0,PKL.STTSKC.QD,.KVKS.TSKC...,47.084172351163616,18
AZT,36.0,PKL.STTSKC.QD,.KVKST......D,23.007265417732906,17
AZT,36.0,PKL.STTSKC.QD,.KVKST...CM.D,76.24177449896699,18
AZT,36.0,PKL.STTSKC.QD,.KVKST.S.C...,38.94756509438014,17
AZT,36.0,PKL.STTSKC.QD,.KVKST.S.C.LD,58.528545639414105,18
AZT,36.0,PKL.STTSKC.QD,P........C.LD,44.91326147189755,17
AZT,36.0,PKL.STTSKC.QD,P.....T.KC.QD,48.607036611313326,18
AZT,36.0,PKL.STTSKC.QD,P.....TS.CM.D,68.2244364377414,16
AZT,36.0,PKL.STTSKC.QD,P....TTSK..L.,138.5400312829706,34
AZT,36.0,PKL.STTSKC.QD,P...H.....M..,40.98614445100115,18
AZT,36.0,PKL.STTSKC.QD,P...H..S.....,82.9255933334444,18
AZT,36.0,PKL.STTSKC.QD,P...H..S.CMQD,63.29410009166584,18
AZT,36.0,PKL.STTSKC.QD,P...HT..K..LD,40.7499021934937,17
AZT,36.0,PKL.STTSKC.QD,P...HT..KSMQ.,48.836907179200196,17
AZT,36.0,PKL.STTSKC.QD,P...HT.SKC...,46.27005591208084,17
AZT,36.0,PKL.STTSKC.QD,P...HTT.KS.Q.,47.488438505661634,16
AZT,36.0,PKL.STTSKC.QD,P...HTTS.C.Q.,60.31299548481992,18
AZT,36.0,PKL.STTSKC.QD,P...N...K.MQD,18.09896425969578,17
AZT,36.0,PKL.STTSKC.QD,P...N.TS..MQD,81.57715932852135,18
AZT,36.0,PKL.STTSKC.QD,P...N.TS.SML.,70.31857719036536,18
AZT,36.0,PKL.STTSKC.QD,P...N.TSK.M.D,50.92472432487637,18
AZT,36.0,PKL.STTSKC.QD,P...NT..KC.Q.,45.90147343545281,18
AZT,36.0,PKL.STTSKC.QD,P...NTT.KCM..,59.824634808815205,17
AZT,36.0,PKL.STTSKC.QD,P...NTTS.....,79.45129285511877,31
AZT,36.0,PKL.STTSKC.QD,P...NTTS.CML.,38.7734706143172,17
AZT,36.0,PKL.STTSKC.QD,P...S..SKCM..,48.40328404296038,17
AZT,36.0,PKL.STTSKC.QD,P...ST.S.SMLD,65.32826271851015,18
AZT,36.0,PKL.STTSKC.QD,P...STT..CML.,66.7665983329872,16
AZT,36.0,PKL.STTSKC.QD,P...STT.KCML.,89.48697227489535,31
AZT,36.0,PKL.STTSKC.QD,P...STTS..M.D,41.9514549036848,18
AZT,36.0,PKL.STTSKC.QD,P..K.........,54.01670939127244,18
AZT,36.0,PKL.STTSKC.QD,P..K....KC...,56.671812899659585,17
AZT,36.0,PKL.STTSKC.QD,P..K...S.S.QD,48.65204100919836,18
AZT,36.0,PKL.STTSKC.QD,P..K..TSKS..D,97.14181126552585,18
AZT,36.0,PKL.STTSKC.QD,P..K.T.....QD,53.4884670879818,18
AZT,36.0,PKL.STTSKC.QD,P..K.T...CML.,42.43095501346172,17
AZT,36.0,PKL.STTSKC.QD,P..K.T..KC.LD,54.64760292803757,17
AZT,36.0,PKL.STTSKC.QD,P..K.T.SK..Q.,40.94976490069955,17
AZT,36.0,PKL.STTSKC.QD,P..K.T.SK.ML.,47.209726329440514,16
AZT,36.0,PKL.STTSKC.QD,P..K.TT.K..L.,40.55594808859428,16
AZT,36.0,PKL.STTSKC.QD,P..KH..SKS.L.,38.58159643035684,15
AZT,36.0,PKL.STTSKC.QD,P..KH.T......,43.171329327848646,18
AZT,36.0,PKL.STTSKC.QD,P..KH.T.K..L.,48.60991141468416,18
AZT,36.0,PKL.STTSKC.QD,P..KH.T.KSML.,61.57320460170653,17
AZT,36.0,PKL.STTSKC.QD,P..KH.TS.C.LD,60.51559980153098,17
AZT,36.0,PKL.STTSKC.QD,P..KHT....M..,30.8706380310361,17
AZT,36.0,PKL.STTSKC.QD,P..KHT..KS..D,41.028511348467305,15
AZT,36.0,PKL.STTSKC.QD,P..KHT.S....D,49.59251311276655,17
AZT,36.0,PKL.STTSKC.QD,P..KHT.S.SMQD,60.64024704482777,16
AZT,36.0,PKL.STTSKC.QD,P..KHTT.KCM..,82.6013582590641,18
AZT,36.0,PKL.STTSKC.QD,P..KHTTS.SML.,53.71753054598697,16
AZT,36.0,PKL.STTSKC.QD,P..KN...KCMQ.,55.397547152807114,18
AZT,36.0,PKL.STTSKC.QD,P..KN..S...Q.,33.29233545477916,18
AZT,36.0,PKL.STTSKC.QD,P..KN.T.K..QD,51.53057099782886,18
AZT,36.0,PKL.STTSKC.QD,P..KNT..K..L.,39.13128288267741,26
AZT,36.0,PKL.STTSKC.QD,P..KNT..K.ML.,34.85010805802287,15
AZT,36.0,PKL.STTSKC.QD,P..KNTT.K.M..,64.02325566546861,18
AZT,36.0,PKL.STTSKC.QD,P..KNTT.KC.QD,44.135220308400925,17
AZT,36.0,PKL.STTSKC.QD,P..KNTTSKSMQD,41.598702827161006,17
AZT,36.0,PKL.STTSKC.QD,P..KS...KSML.,32.02559648114299,18
AZT,36.0,PKL.STTSKC.QD,P..KS..SK.MQD,71.45279877361317,18
AZT,36.0,PKL.STTSKC.QD,P..KS.T..CM..,38.279976595017054,18
AZT,36.0,PKL.STTSKC.QD,P..KS.T.K..Q.,45.32094234857316,18
AZT,36.0,PKL.STTSKC.QD,P..KS.TS.CMQD,42.05707006034106,18
AZT,36.0,PKL.STTSKC.QD,P..KS.TSKC.L.,100.628570967153,34
AZT,36.0,PKL.STTSKC.QD,P..KST..KCM..,70.05749165983013,18
AZT,36.0,PKL.STTSKC.QD,P..KSTT..C.LD,91.82129273526448,33
AZT,36.0,PKL.STTSKC.QD,P..KSTT..SMQD,32.624677266239665,18
AZT,36.0,PKL.STTSKC.QD,P..KSTT.K.M.D,33.9564947295528,18
AZT,36.0,PKL.STTSKC.QD,P..KSTTSKC.Q.,110.59562291736627,34
AZT,36.0,PKL.STTSKC.QD,P.L......SML.,43.29576981472991,16
AZT,36.0,PKL.STTSKC.QD,P.L...T..S.QD,81.3896131635921,34
AZT,36.0,PKL.STTSKC.QD,P.L...TS.S.Q.,36.08041213994278,18
AZT,36.0,PKL.STTSKC.QD,P.L..TTS.S.LD,40.66831040611243,17
AZT,36.0,PKL.STTSKC.QD,P.L..TTSKC...,44.260916090904544,18
AZT,36.0,PKL.STTSKC.QD,P.L..TTSKSMQ.,77.58324445277661,18
AZT,36.0,PKL.STTSKC.QD,P.L.H....S.Q.,71.66065968356043,30
AZT,36.0,PKL.STTSKC.QD,P.L.H...KCM.D,232.53277712584375,91
AZT,36.0,PKL.STTSKC.QD,P.L.H.TS.S...,34.81320701088403,18
AZT,36.0,PKL.STTSKC.QD,P.L.HT..KS...,131.55401288799186,29
AZT,36.0,PKL.STTSKC.QD,P.L.HT.SKCMLD,64.19463110075509,17
AZT,36.0,PKL.STTSKC.QD,P.L.HT.SKSML.,57.58470696832945,17
AZT,36.0,PKL.STTSKC.QD,P.L.HTT.....D,41.58606067734762,13
AZT,36.0,PKL.STTSKC.QD,P.L.HTT..SM..,48.593087819883074,18
AZT,36.0,PKL.STTSKC.QD,P.L.N.TSK..LD,36.62948095689948,18
AZT,36.0,PKL.STTSKC.QD,P.L.N.TSKCML.,39.39484763634969,18
AZT,36.0,PKL.STTSKC.QD,P.L.NT....MQ.,37.2430120089725,16
AZT,36.0,PKL.STTSKC.QD,P.L.NT.S.S.QD,34.19059765551833,17
AZT,36.0,PKL.STTSKC.QD,P.L.NTTS...L.,59.523155910617135,16
AZT,36.0,PKL.STTSKC.QD,P.L.NTTS.C.QD,93.21739138048838,18
AZT,36.0,PKL.STTSKC.QD,P.L.NTTSKS...,75.36571691836505,31
AZT,36.0,PKL.STTSKC.QD,P.L.S...K.M.D,15.65774368361734,18
AZT,36.0,PKL.STTSKC.QD,P.L.S..S..MLD,33.617147850046926,18
AZT,36.0,PKL.STTSKC.QD,P.L.S.T...ML.,52.62605799064389,17
AZT,36.0,PKL.STTSKC.QD,P.L.S.T.K..L.,54.893956119414256,17
AZT,36.0,PKL.STTSKC.QD,P.L.S.TS...Q.,37.25785665429725,18
AZT,36.0,PKL.STTSKC.QD,P.L.S.TS..M..,62.72559525344581,18
AZT,36.0,PKL.STTSKC.QD,P.L.ST..K..Q.,50.59683568945888,16
AZT,36.0,PKL.STTSKC.QD,P.L.STTSK..QD,77.22833386031219,34
AZT,36.0,PKL.STTSKC.QD,P.LK..T.KS..D,34.27227896328313,17
AZT,36.0,PKL.STTSKC.QD,P.LK..TSK..LD,42.45287098812096,16
AZT,36.0,PKL.STTSKC.QD,P.LK.T..K..LD,89.90642588203995,18
AZT,36.0,PKL.STTSKC.QD,P.LK.T..KC.L.,11697.134371099386,28283
AZT,36.0,PKL.STTSKC.QD,P.LK.T.S.....,51.11196092931976,17
AZT,36.0,PKL.STTSKC.QD,P.LK.T.S.C...,75.0187763923193,16
AZT,36.0,PKL.STTSKC.QD,P.LK.T.S.C.Q.,42.940564846963184,17
AZT,36.0,PKL.STTSKC.QD,P.LK.T.S.CMQD,55.93005598885627,18
AZT,36.0,PKL.STTSKC.QD,P.LK.T.SKS.LD,40.719513358543566,18
AZT,36.0,PKL.STTSKC.QD,P.LK.T.SKSM.D,94.02045838429304,29
AZT,36.0,PKL.STTSKC.QD,P.LK.TT..SM.D,56.71834963734079,17
AZT,36.0,PKL.STTSKC.QD,P.LK.TTS.S.L.,112.72875675792018,17
AZT,36.0,PKL.STTSKC.QD,P.LKH..SK..QD,37.480626594170985,16
AZT,36.0,PKL.STTSKC.QD,P.LKH.T...M..,45.02521901004434,18
AZT,36.0,PKL.STTSKC.QD,P.LKH.TSK.M..,80.17307255025004,32
AZT,36.0,PKL.STTSKC.QD,P.LKHT....MQD,83.51049850910408,18
AZT,36.0,PKL.STTSKC.QD,P.LKHT.S..MLD,40.253621890661506,18
AZT,36.0,PKL.STTSKC.QD,P.LKHT.SKCML.,79.1633480346722,18
AZT,36.0,PKL.STTSKC.QD,P.LKHTT.K.MQ.,38.68394190893004,17
AZT,36.0,PKL.STTSKC.QD,P.LKHTT.KC...,67.34800748922333,17
AZT,36.0,PKL.STTSKC.QD,P.LKHTTS.....,42.1075003730038,18
AZT,36.0,PKL.STTSKC.QD,P.LKHTTS.CM..,71.2179616932498,32
AZT,36.0,PKL.STTSKC.QD,P.LKN.......D,19.38714980413177,17
AZT,36.0,PKL.STTSKC.QD,P.LKN..SK.MLD,82.38725434866356,33
AZT,36.0,PKL.STTSKC.QD,P.LKN.T....LD,64.13809424245139,18
AZT,36.0,PKL.STTSKC.QD,P.LKN.TSKC.QD,54.05376251914846,17
AZT,36.0,PKL.STTSKC.QD,P.LKNT..K..Q.,7.227415367708566,17
AZT,36.0,PKL.STTSKC.QD,P.LKNT..KSMLD,62.39472545804115,17
AZT,36.0,PKL.STTSKC.QD,P.LKNT.S.CMQ.,44.59517902494588,18
AZT,36.0,PKL.STTSKC.QD,P.LKNT.S.SM..,61.00600915645387,17
AZT,36.0,PKL.STTSKC.QD,P.LKNT.SK..Q.,67.70014368401166,17
AZT,36.0,PKL.STTSKC.QD,P.LKNTTS.SMQ.,81.80430663259276,17
AZT,36.0,PKL.STTSKC.QD,P.LKNTTSKC.Q.,42.901835286220646,18
AZT,36.0,PKL.STTSKC.QD,P.LKNTTSKS..D,49.976125539463126,17
AZT,36.0,PKL.STTSKC.QD,P.LKS.....MLD,44.69126327296597,17
AZT,36.0,PKL.STTSKC.QD,P.LKS...K.MLD,59.985949681947645,17
AZT,36.0,PKL.STTSKC.QD,P.LKST...SMLD,32.67021891954563,12
AZT,36.0,PKL.STTSKC.QD,P.LKST..K.M..,44.018256723837204,17
AZT,36.0,PKL.STTSKC.QD,P.LKSTT..S.LD,37.47162300567066,17
AZT,36.0,PKL.STTSKC.QD,P.LKSTTS.SMQ.,102.60071852566197,33
AZT,36.0,PKL.STTSKC.QD,P.V......SMQ.,63.72852231577141,15
AZT,36.0,PKL.STTSKC.QD,P.V....S..M..,179.66064077423815,18
AZT,36.0,PKL.STTSKC.QD,P.V...T..SM.D,48.83875812626673,18
AZT,36.0,PKL.STTSKC.QD,P.V...TSKS.L.,52.10643708479811,18
AZT,36.0,PKL.STTSKC.QD,P.V..T.....LD,50.26392230421492,18
AZT,36.0,PKL.STTSKC.QD,P.V..T.S.SM..,69.31278914226579,17
AZT,36.0,PKL.STTSKC.QD,P.V..T.SK.M.D,36.657336768482,16
AZT,36.0,PKL.STTSKC.QD,P.V..TT..SMLD,62.57715482077139,18
AZT,36.0,PKL.STTSKC.QD,P.V..TT.K..QD,62.43599747500063,16
AZT,36.0,PKL.STTSKC.QD,P.V..TTS...Q.,53.31866567427453,17
AZT,36.0,PKL.STTSKC.QD,P.V.H.T..CM.D,62.40537282879451,18
AZT,36.0,PKL.STTSKC.QD,P.V.HT....M..,69.18715656800612,17
AZT,36.0,PKL.STTSKC.QD,P.V.HT...S...,47.8714047644483,13
AZT,36.0,PKL.STTSKC.QD,P.V.HT.SK.M.D,61.88086621114486,16
AZT,36.0,PKL.STTSKC.QD,P.V.HTT.KS..D,67.30952547045483,16
AZT,36.0,PKL.STTSKC.QD,P.V.NTT..C..D,133.71412272041403,47
AZT,36.0,PKL.STTSKC.QD,P.V.NTTS.SMQD,61.062885446850906,18
AZT,36.0,PKL.STTSKC.QD,P.V.NTTSK.MQD,82.55786133704585,18
AZT,36.0,PKL.STTSKC.QD,P.V.NTTSKSMLD,61.04785816927488,18
AZT,36.0,PKL.STTSKC.QD,P.V.S........,50.011992305317555,16
AZT,36.0,PKL.STTSKC.QD,P.V.S...KSMLD,119.04307564875302,34
AZT,36.0,PKL.STTSKC.QD,P.V.S.T...MQ.,62.87999552215651,18
AZT,36.0,PKL.STTSKC.QD,P.V.ST.S....D,70.51944547916196,16
AZT,36.0,PKL.STTSKC.QD,P.V.ST.S.SML.,49.321196048733846,16
AZT,36.0,PKL.STTSKC.QD,P.VK.....S.LD,43.909458549366484,16
AZT,36.0,PKL.STTSKC.QD,P.VK....KCM.D,79.31470958661983,18
AZT,36.0,PKL.STTSKC.QD,P.VK..T.....D,110.22151982075918,34
AZT,36.0,PKL.STTSKC.QD,P.VK..TS.S...,39.59344355970102,18
AZT,36.0,PKL.STTSKC.QD,P.VK.T.S...QD,46.40059833803287,18
AZT,36.0,PKL.STTSKC.QD,P.VK.T.S.CM.D,81.57409769336223,18
AZT,36.0,PKL.STTSKC.QD,P.VK.T.S.SMLD,91.37807303783127,16
AZT,36.0,PKL.STTSKC.QD,P.VK.TT.KSMQD,76.44590652744343,33
AZT,36.0,PKL.STTSKC.QD,P.VKH..S.C.QD,36.83027184819243,18
AZT,36.0,PKL.STTSKC.QD,P.VKH..S.SM..,61.22502103512857,17
AZT,36.0,PKL.STTSKC.QD,P.VKH.T.KC.LD,55.67734071856511,16
AZT,36.0,PKL.STTSKC.QD,P.VKH.T.KSM..,104.4059172581666,33
AZT,36.0,PKL.STTSKC.QD,P.VKH.TS..MQ.,70.74687383279779,18
AZT,36.0,PKL.STTSKC.QD,P.VKH.TS.S.Q.,120.34562666805758,34
AZT,36.0,PKL.STTSKC.QD,P.VKHT.SKC.QD,44.92909307222177,17
AZT,36.0,PKL.STTSKC.QD,P.VKHTT....LD,43.94050552961855,16
AZT,36.0,PKL.STTSKC.QD,P.VKHTT...MQ.,53.87796650356731,17
AZT,36.0,PKL.STTSKC.QD,P.VKHTTS.SMQ.,83.97754169758284,18
AZT,36.0,PKL.STTSKC.QD,P.VKN....S.L.,60.968151240881134,18
AZT,36.0,PKL.STTSKC.QD,P.VKN....SM.D,53.53346209097698,16
AZT,36.0,PKL.STTSKC.QD,P.VKN...K.MQ.,8.228594365480678,18
AZT,36.0,PKL.STTSKC.QD,P.VKN..S.S.QD,36.66268697962946,17
AZT,36.0,PKL.STTSKC.QD,P.VKN.T..SML.,51.39253002455075,18
AZT,36.0,PKL.STTSKC.QD,P.VKNT..KS...,103.32304356278738,32
AZT,36.0,PKL.STTSKC.QD,P.VKNT.SKCM.D,45.664775997713654,18
AZT,36.0,PKL.STTSKC.QD,P.VKNTTSK...D,54.438155651275785,18
AZT,36.0,PKL.STTSKC.QD,P.VKNTTSKSM.D,97.45919675575493,17
AZT,36.0,PKL.STTSKC.QD,P.VKS...KC...,43.662453813876375,18
AZT,36.0,PKL.STTSKC.QD,P.VKS.TS.S..D,48.14854821106859,17
AZT,36.0,PKL.STTSKC.QD,P.VKS.TSKS...,33.27149118318872,16
AZT,36.0,PKL.STTSKC.QD,P.VKS.TSKSMQ.,53.918075134879956,18
AZT,36.0,PKL.STTSKC.QD,P.VKST...C..D,41.6258537484855,18
AZT,36.0,PKL.STTSKC.QD,P.VKST...C.L.,53.164430637023145,16
AZT,36.0,PKL.STTSKC.QD,P.VKST...CMQ.,60.863105683138826,18
AZT,36.0,PKL.STTSKC.QD,P.VKSTT...MQ.,108.72206829690435,17
AZT,36.0,PKL.STTSKC.QD,P.VKSTTSK..Q.,82.72867478333569,34
AZT,36.0,PKL.STTSKC.QD,PK........M.D,108.51234968025076,17
AZT,36.0,PKL.STTSKC.QD,PK.......S.QD,41.00713851249459,17
AZT,36.0,PKL.STTSKC.QD,PK.....SKS..D,95.75934040032516,17
AZT,36.0,PKL.STTSKC.QD,PK....T..C..D,165.62894438682,50
AZT,36.0,PKL.STTSKC.QD,PK...T...S.QD,60.728084064427115,17
AZT,36.0,PKL.STTSKC.QD,PK..H......LD,65.6680172568058,16
AZT,36.0,PKL.STTSKC.QD,PK..H....CM..,87.37616117952165,34
AZT,36.0,PKL.STTSKC.QD,PK..H.T.KCML.,74.57311043611666,18
AZT,36.0,PKL.STTSKC.QD,PK..H.TSKSM..,28.679258058138235,17
AZT,36.0,PKL.STTSKC.QD,PK..HTT.K...D,66.55820325887369,18
AZT,36.0,PKL.STTSKC.QD,PK..HTTS..M..,46.557800054025705,17
AZT,36.0,PKL.STTSKC.QD,PK..N...KSM..,43.8953687033231,18
AZT,36.0,PKL.STTSKC.QD,PK..N..SKC.Q.,59.421259955224706,18
AZT,36.0,PKL.STTSKC.QD,PK..N..SKCML.,41.1657736922662,17
AZT,36.0,PKL.STTSKC.QD,PK..N..SKS..D,66.16206691712411,16
AZT,36.0,PKL.STTSKC.QD,PK..N.T...ML.,33.65791486072206,16
AZT,36.0,PKL.STTSKC.QD,PK..N.TSK....,40.03046866336232,17
AZT,36.0,PKL.STTSKC.QD,PK..NT.SKSMLD,39.17667289926571,17
AZT,36.0,PKL.STTSKC.QD,PK..NTTSK.M..,42.012437173756254,18
AZT,36.0,PKL.STTSKC.QD,PK..S....C.QD,44.44375855905578,18
AZT,36.0,PKL.STTSKC.QD,PK..S...KC.L.,34.90846318606161,16
AZT,36.0,PKL.STTSKC.QD,PK..ST..KSMLD,73.47866784977063,18
AZT,36.0,PKL.STTSKC.QD,PK..ST.S..M.D,65.47215021422238,18
AZT,36.0,PKL.STTSKC.QD,PK..ST.S.S...,47.798595855781045,18
AZT,36.0,PKL.STTSKC.QD,PK..STTSK.ML.,67.56542763360235,18
AZT,36.0,PKL.STTSKC.QD,PK..STTSK.MQD,84.43905687642378,18
AZT,36.0,PKL.STTSKC.QD,PK.K...SKSM..,69.67916027609617,16
AZT,36.0,PKL.STTSKC.QD,PK.K..T..C.Q.,50.772920167807555,18
AZT,36.0,PKL.STTSKC.QD,PK.K..T.KSM.D,59.41558327914619,17
AZT,36.0,PKL.STTSKC.QD,PK.K..TSK.M..,50.587856492684345,16
AZT,36.0,PKL.STTSKC.QD,PK.K.T.....L.,53.372033156422646,16
AZT,36.0,PKL.STTSKC.QD,PK.K.T...S...,92.11785170944528,16
AZT,36.0,PKL.STTSKC.QD,PK.K.TT.K.MQ.,43.05238912283306,17
AZT,36.0,PKL.STTSKC.QD,PK.K.TT.KSM..,110.87576567681069,16
AZT,36.0,PKL.STTSKC.QD,PK.KH....C.QD,123.96975689307247,34
AZT,36.0,PKL.STTSKC.QD,PK.KH...K..Q.,37.307918089721625,18
AZT,36.0,PKL.STTSKC.QD,PK.KH..S..MQD,65.29164303312552,18
AZT,36.0,PKL.STTSKC.QD,PK.KH.T..SMLD,46.81055149753568,18
AZT,36.0,PKL.STTSKC.QD,PK.KH.TSKSMLD,48.29498910951596,18
AZT,36.0,PKL.STTSKC.QD,PK.KHT...C..D,55.27911303118555,17
AZT,36.0,PKL.STTSKC.QD,PK.KHT..K..LD,95.98321704212168,30
AZT,36.0,PKL.STTSKC.QD,PK.KHT.SK.M..,22.91014393399997,18
AZT,36.0,PKL.STTSKC.QD,PK.KHTT.K....,15.493253001891262,12
AZT,36.0,PKL.STTSKC.QD,PK.KN....SMQ.,58.26421167023549,18
AZT,36.0,PKL.STTSKC.QD,PK.KN...KC...,41.546870598525295,18
AZT,36.0,PKL.STTSKC.QD,PK.KN..S.SM.D,41.49341719552721,18
AZT,36.0,PKL.STTSKC.QD,PK.KN.T..C..D,38.825145951859874,18
AZT,36.0,PKL.STTSKC.QD,PK.KN.T.K.MQ.,30.069393558077845,18
AZT,36.0,PKL.STTSKC.QD,PK.KN.TS..MQD,82.05274764394561,18
AZT,36.0,PKL.STTSKC.QD,PK.KNT.......,19.81420450269193,16
AZT,36.0,PKL.STTSKC.QD,PK.KNT...CMLD,45.87302776081036,17
AZT,36.0,PKL.STTSKC.QD,PK.KNT..K...D,45.70802756287847,15
AZT,36.0,PKL.STTSKC.QD,PK.KNT..KS.Q.,78.95401744072235,31
AZT,36.0,PKL.STTSKC.QD,PK.KNTT.KSM..,64.05742665504295,17
AZT,36.0,PKL.STTSKC.QD,PK.KNTTS.CMQD,78.86550455826729,18
AZT,36.0,PKL.STTSKC.QD,PK.KNTTSKS.Q.,85.0058529946654,17
AZT,36.0,PKL.STTSKC.QD,PK.KS...K.MLD,118.59019096675642,49
AZT,36.0,PKL.STTSKC.QD,PK.KS..S.CM.D,56.60704974659371,18
AZT,36.0,PKL.STTSKC.QD,PK.KS..SK.M..,20.204217638747878,31
AZT,36.0,PKL.STTSKC.QD,PK.KS..SKS.L.,59.37530914445557,16
AZT,36.0,PKL.STTSKC.QD,PK.KS..SKS.Q.,38.577467374899335,16
AZT,36.0,PKL.STTSKC.QD,PK.KST....M..,28.26411983529802,17
AZT,36.0,PKL.STTSKC.QD,PK.KST.S.CML.,68.92723205603899,17
AZT,36.0,PKL.STTSKC.QD,PK.KST.SKS...,36.60940136782254,15
AZT,36.0,PKL.STTSKC.QD,PK.KST.SKS.LD,44.67180839956815,16
AZT,36.0,PKL.STTSKC.QD,PK.KSTT....LD,85.52771178642918,16
AZT,36.0,PKL.STTSKC.QD,PK.KSTT...M.D,33.507921109921035,15
AZT,36.0,PKL.STTSKC.QD,PK.KSTT.KCMLD,56.94721465321413,17
AZT,36.0,PKL.STTSKC.QD,PK.KSTT.KSML.,46.083162828208145,18
AZT,36.0,PKL.STTSKC.QD,PKL.....K.ML.,57.188418654779156,17
AZT,36.0,PKL.STTSKC.QD,PKL.....KC...,40.15706179064197,17
AZT,36.0,PKL.STTSKC.QD,PKL...TSKS..D,71.73994273576429,18
AZT,36.0,PKL.STTSKC.QD,PKL..T..KC.LD,34.654758600182255,17
AZT,36.0,PKL.STTSKC.QD,PKL..T.SKSM..,88.94221783990076,18
AZT,36.0,PKL.STTSKC.QD,PKL..TT.KC...,43.58600987560082,17
AZT,36.0,PKL.STTSKC.QD,PKL..TTS..MQD,61.216647695485854,15
AZT,36.0,PKL.STTSKC.QD,PKL..TTS.CMLD,93.58642086803152,15
AZT,36.0,PKL.STTSKC.QD,PKL..TTSK....,48.1890902959626,18
AZT,36.0,PKL.STTSKC.QD,PKL.H..SK..LD,48.5688444343548,18
AZT,36.0,PKL.STTSKC.QD,PKL.H..SK.M..,40.95093820634388,18
AZT,36.0,PKL.STTSKC.QD,PKL.H.T...MLD,51.98410016752967,18
AZT,36.0,PKL.STTSKC.QD,PKL.H.TS..MQ.,44.263740832622965,17
AZT,36.0,PKL.STTSKC.QD,PKL.H.TSK....,55.49007326684196,18
AZT,36.0,PKL.STTSKC.QD,PKL.HT.SK..Q.,51.62977368204,18
AZT,36.0,PKL.STTSKC.QD,PKL.HTT..CM.D,43.75280332625305,17
AZT,36.0,PKL.STTSKC.QD,PKL.HTT.KCM..,98.27775482730844,17
AZT,36.0,PKL.STTSKC.QD,PKL.HTTSKC...,44.235184516366324,17
AZT,36.0,PKL.STTSKC.QD,PKL.HTTSKCM.D,114.11089966769786,18
AZT,36.0,PKL.STTSKC.QD,PKL.HTTSKSMLD,41.321437847853346,17
AZT,36.0,PKL.STTSKC.QD,PKL.N.T.K....,24.605857175904234,17
AZT,36.0,PKL.STTSKC.QD,PKL.N.T.KSM..,51.421893464345075,17
AZT,36.0,PKL.STTSKC.QD,PKL.N.TS.S.LD,75.29093630857433,18
AZT,36.0,PKL.STTSKC.QD,PKL.NT..KS.LD,51.33832742553871,17
AZT,36.0,PKL.STTSKC.QD,PKL.NT.S.SMQD,73.92031857321659,18
AZT,36.0,PKL.STTSKC.QD,PKL.NTT..SM.D,61.35183903086099,17
AZT,36.0,PKL.STTSKC.QD,PKL.S..SKCM..,70.1660993537156,33
AZT,36.0,PKL.STTSKC.QD,PKL.S.T..CMQD,40.36809124566105,18
AZT,36.0,PKL.STTSKC.QD,PKL.ST...CMQ.,86.34025389979433,34
AZT,36.0,PKL.STTSKC.QD,PKL.ST..K..Q.,94.46812967081357,17
AZT,36.0,PKL.STTSKC.QD,PKL.ST..KCM.D,52.482764697968115,18
AZT,36.0,PKL.STTSKC.QD,PKL.ST.S...LD,38.65882332689691,16
AZT,36.0,PKL.STTSKC.QD,PKL.ST.SK..LD,62.37732086633283,16
AZT,36.0,PKL.STTSKC.QD,PKL.ST.SKSM.D,51.97949214136809,17
AZT,36.0,PKL.STTSKC.QD,PKL.STT.KC.L.,36.8964629767874,16
AZT,36.0,PKL.STTSKC.QD,PKL.STT.KCM..,58.837961733890985,16
AZT,36.0,PKL.STTSKC.QD,PKL.STT.KSMLD,81.38894626823532,18
AZT,36.0,PKL.STTSKC.QD,PKL.STTS.SMQD,51.84402598510684,18
AZT,36.0,PKL.STTSKC.QD,PKL.STTSKS...,67.89091867391271,18
AZT,36.0,PKL.STTSKC.QD,PKLK.....CMQ.,53.18059851892316,17
AZT,36.0,PKL.STTSKC.QD,PKLK....KC..D,32.60405918573244,17
AZT,36.0,PKL.STTSKC.QD,PKLK...S...L.,109.74127692218717,18
AZT,36.0,PKL.STTSKC.QD,PKLK...SKSMQ.,65.48408141860394,18
AZT,36.0,PKL.STTSKC.QD,PKLK.T..KCMLD,113.44991203852845,47
AZT,36.0,PKL.STTSKC.QD,PKLK.TTS....D,71.74296669005258,17
AZT,36.0,PKL.STTSKC.QD,PKLK.TTS.SML.,63.37474307363492,17
AZT,36.0,PKL.STTSKC.QD,PKLKH.T.KSM..,63.53590484258634,18
AZT,36.0,PKL.STTSKC.QD,PKLKH.TS...Q.,38.32990216907849,17
AZT,36.0,PKL.STTSKC.QD,PKLKHT.S...LD,43.347567559543315,17
AZT,36.0,PKL.STTSKC.QD,PKLKHTT...ML.,75.97475962445264,18
AZT,36.0,PKL.STTSKC.QD,PKLKN.T..C.LD,82.9011167142053,33
AZT,36.0,PKL.STTSKC.QD,PKLKN.TS.S..D,54.72881555614561,18
AZT,36.0,PKL.STTSKC.QD,PKLKNT...S.L.,36.399953104048784,17
AZT,36.0,PKL.STTSKC.QD,PKLKNTT..SM..,64.272005239195,18
AZT,36.0,PKL.STTSKC.QD,PKLKNTTSK.MQ.,66.21745490949769,17
AZT,36.0,PKL.STTSKC.QD,PKLKNTTSKCM..,56.1419712079791,17
AZT,36.0,PKL.STTSKC.QD,PKLKNTTSKSM.D,44.61274540204237,15
AZT,36.0,PKL.STTSKC.QD,PKLKS...KS.QD,43.283470986611285,17
AZT,36.0,PKL.STTSKC.QD,PKLKS.T....LD,49.820359139965994,18
AZT,36.0,PKL.STTSKC.QD,PKLKS.T.K....,34.253463938095365,18
AZT,36.0,PKL.STTSKC.QD,PKLKST..KCMLD,78.37564811877344,16
AZT,36.0,PKL.STTSKC.QD,PKLKST.SKS.LD,113.88538282404447,17
AZT,36.0,PKL.STTSKC.QD,PKLKSTT.KCMQD,49.41477627975112,18
AZT,36.0,PKL.STTSKC.QD,PKLKSTTS....D,42.00592693019936,16
AZT,36.0,PKL.STTSKC.QD,PKLKSTTS..M.D,66.30391769047982,16
AZT,36.0,PKL.STTSKC.QD,PKLKSTTS..ML.,52.29587134691754,18
AZT,36.0,PKL.STTSKC.QD,PKLKSTTS.CM..,84.50197734289392,17
AZT,36.0,PKL.STTSKC.QD,PKV........LD,38.857879895104205,18
AZT,36.0,PKL.STTSKC.QD,PKV.....K..L.,60.49665982640807,16
AZT,36.0,PKL.STTSKC.QD,PKV....SKCMQ.,57.93477754267921,18
AZT,36.0,PKL.STTSKC.QD,PKV...TSK..LD,45.16118111619536,18
AZT,36.0,PKL.STTSKC.QD,PKV...TSKCMLD,59.15489510810035,18
AZT,36.0,PKL.STTSKC.QD,PKV..T...S.Q.,85.11425397934372,14
AZT,36.0,PKL.STTSKC.QD,PKV..T.S.CMQ.,43.58680683768591,18
AZT,36.0,PKL.STTSKC.QD,PKV..TTSK..QD,98.01410857742276,17
AZT,36.0,PKL.STTSKC.QD,PKV..TTSKC.L.,63.48949178574957,17
AZT,36.0,PKL.STTSKC.QD,PKV.HT.SKC.LD,106.58564749013365,34
AZT,36.0,PKL.STTSKC.QD,PKV.HT.SKS.Q.,84.9255623809905,16
AZT,36.0,PKL.STTSKC.QD,PKV.HTT..S..D,72.71740291431257,17
AZT,36.0,PKL.STTSKC.QD,PKV.HTT.K.ML.,48.57262815100201,17
AZT,36.0,PKL.STTSKC.QD,PKV.NT.S.CML.,150.32204847369687,63
AZT,36.0,PKL.STTSKC.QD,PKV.NT.S.S..D,39.07092610953666,18
AZT,36.0,PKL.STTSKC.QD,PKV.NT.SK.MQD,150.38097972794066,34
AZT,36.0,PKL.STTSKC.QD,PKV.NTT..CMLD,38.25753181701224,16
AZT,36.0,PKL.STTSKC.QD,PKV.NTTS.....,53.018590444422436,16
AZT,36.0,PKL.STTSKC.QD,PKV.NTTSKSM..,57.0423783667663,15
AZT,36.0,PKL.STTSKC.QD,PKV.S....CMQD,37.58850689594994,16
AZT,36.0,PKL.STTSKC.QD,PKV.S...K.MQ.,92.05596349145051,18
AZT,36.0,PKL.STTSKC.QD,PKV.S..SKSMQ.,61.643363753579514,18
AZT,36.0,PKL.STTSKC.QD,PKV.S.T...MQD,92.13991642214478,34
AZT,36.0,PKL.STTSKC.QD,PKV.S.TS..M.D,44.49465079153143,18
AZT,36.0,PKL.STTSKC.QD,PKV.S.TS.C.QD,80.83629858959934,18
AZT,36.0,PKL.STTSKC.QD,PKV.S.TS.CML.,110.13564291477343,17
AZT,36.0,PKL.STTSKC.QD,PKV.S.TSKCML.,31.933826682250473,16
AZT,36.0,PKL.STTSKC.QD,PKV.ST....M..,57.76654193986393,17
AZT,36.0,PKL.STTSKC.QD,PKV.ST...SM.D,126.57939399013166,46
AZT,36.0,PKL.STTSKC.QD,PKV.STT..C.QD,51.8094838002266,18
AZT,36.0,PKL.STTSKC.QD,PKV.STT..SMLD,65.5688538618772,18
AZT,36.0,PKL.STTSKC.QD,PKV.STT.KSML.,66.8794230007725,18
AZT,36.0,PKL.STTSKC.QD,PKV.STTSKC..D,49.950829490593776,18
AZT,36.0,PKL.STTSKC.QD,PKVK.....CM..,64.18872595390731,18
AZT,36.0,PKL.STTSKC.QD,PKVK....K.MQD,101.0237114826714,34
AZT,36.0,PKL.STTSKC.QD,PKVK....KC.LD,52.37919928536886,16
AZT,36.0,PKL.STTSKC.QD,PKVK..TSKC.LD,50.747483513159985,18
AZT,36.0,PKL.STTSKC.QD,PKVK.T.S.SM.D,66.47829929988949,18
AZT,36.0,PKL.STTSKC.QD,PKVK.TT.KCM.D,108.87581313316988,30
AZT,36.0,PKL.STTSKC.QD,PKVK.TTSK..L.,82.26392162570687,17
AZT,36.0,PKL.STTSKC.QD,PKVKH....CM.D,37.20022181611868,18
AZT,36.0,PKL.STTSKC.QD,PKVKH..SKC.QD,50.56998198584364,18
AZT,36.0,PKL.STTSKC.QD,PKVKHT....MLD,161.96668990664315,34
AZT,36.0,PKL.STTSKC.QD,PKVKHT...S.Q.,99.6991689581097,17
AZT,36.0,PKL.STTSKC.QD,PKVKHT...S.QD,112.16498247564066,31
AZT,36.0,PKL.STTSKC.QD,PKVKHT..KSM.D,66.31443987674452,17
AZT,36.0,PKL.STTSKC.QD,PKVKHT.SK....,189.30645373061017,63
AZT,36.0,PKL.STTSKC.QD,PKVKHTTS.....,48.44656245772792,18
AZT,36.0,PKL.STTSKC.QD,PKVKN....CMLD,51.386850910710386,16
AZT,36.0,PKL.STTSKC.QD,PKVKN...KC.Q.,66.4465265983892,33
AZT,36.0,PKL.STTSKC.QD,PKVKN...KS..D,37.40178514602198,16
AZT,36.0,PKL.STTSKC.QD,PKVKN.T..CM..,53.794986982952075,17
AZT,36.0,PKL.STTSKC.QD,PKVKN.T.K.M..,15.317646532523124,18
AZT,36.0,PKL.STTSKC.QD,PKVKNT.SK.M..,52.23327352766017,16
AZT,36.0,PKL.STTSKC.QD,PKVKNTT..CM..,81.73297952154904,17
AZT,36.0,PKL.STTSKC.QD,PKVKNTTSKCMQD,75.23498621935464,17
AZT,36.0,PKL.STTSKC.QD,PKVKNTTSKS...,49.464969588898725,17
AZT,36.0,PKL.STTSKC.QD,PKVKS...KSMQD,74.74204857207388,17
AZT,36.0,PKL.STTSKC.QD,PKVKS..S.S...,42.75280451250737,16
AZT,36.0,PKL.STTSKC.QD,PKVKS.T.KS.LD,122.22747989232612,17
AZT,36.0,PKL.STTSKC.QD,PKVKS.TS...LD,46.220874343736185,18
AZT,36.0,PKL.STTSKC.QD,PKVKST...C.L.,75.25969957860043,16
AZT,36.0,PKL.STTSKC.QD,PKVKST...S...,77.2061810615957,18
AZT,36.0,PKL.STTSKC.QD,PKVKSTT.KC.LD,42.384513428949084,16
AZT,36.0,PKL.STTSKC.QD,PKVKSTT.KSMQD,55.17301799811544,18
AZT,36.0,PKL.STTSKC.QD,PKVKSTTS..M..,59.047099211843204,15
AZT,36.0,PKL.STTSKC.QD,PKVKSTTS..MQD,112.83995587201407,18
AZT,36.0,PKL.STTSKC.QD,PKVKSTTSKC.L.,100.95888707450395,34
AZT,36.0,PKLK.T..KCMLD,PKLKST..KCMLD,3.9312278223320676,2
AZT,36.0,PKLK.TT...MLD,P.LK.T..KC.L.,5.258711691543034,2
AZT,36.0,PKLK.TT...MLD,PKL.STTSKC.QD,42.02301141114841,16
AZT,36.0,PKLK.TT..CM.D,P.LK.T..KC.L.,5.683492232218946,2
AZT,36.0,PKLK.TT..CM.D,PKL.HTT..CM.D,5.982447627519537,1
AZT,36.0,PKLK.TT..CM.D,PKL.STTSKC.QD,70.41487831101347,30
AZT,36.0,PKLK.TT..CM.D,PKVK.TT.KCM.D,7.450142701065767,1
AZT,36.0,PKLKSTTS....D,PKLK.TTS....D,1.7007478402376057,1
AZT,36.0,PKLKSTTS....D,PKLKSTTS..M.D,1.6649216850753568,1
AZT,36.0,PKV..TT.KSMQD,P.LK.T..KC.L.,2.462997345218999,1
AZT,36.0,PKV..TT.KSMQD,PKL.STTSKC.QD,42.64392219460308,17
AZT,36.0,PKV.HTT.K..QD,P.LK.T..KC.L.,2.3819027482295234,1
AZT,36.0,PKV.HTT.K..QD,PKL.STTSKC.QD,36.69712946416653,17
AZT,36.0,PKV.NT.S.CML.,PK.KST.S.CML.,1.8503494829612472,1
AZT,36.0,PKV.S.TSKCML.,PKV.S.TS.CML.,2.698735841881328,1
AZT,36.0,PKVKHT...S.QD,PKVKHT...S.Q.,1.493058522575428,1
AZT,36.0,PKVKN.T..CM..,PKVKNTT..CM..,1.5300448862841969,1
AZT,108.0,.......SK.M..,.K.K.T..K.M..,3.8225746086100667,2
AZT,108.0,....HT..K.M..,P.LKN...K....,4.892032097140683,2
AZT,108.0,....N...K..QD,...KNT..K.MQD,2.3784152543695525,1
AZT,108.0,....S...K.M..,P.LKN...K....,7.696189578991271,4
AZT,108.0,...KHT..K.M.D,...KNT..K.MQD,4.196246376121405,2
AZT,108.0,...KHT..K.M.D,.K.KH...K.M.D,5.606527418369952,3
AZT,108.0,...KHT..K.M.D,P.LKN...K....,33.09471150825103,6
AZT,108.0,...KN..S.....,P.LKN...K....,5.627793341546963,2
AZT,108.0,...KNT....M.D,P.LKN...K....,11.54792632277606,2
AZT,108.0,...KNT...CM..,P.LKN...K....,3.750655314423506,1
AZT,108.0,...KNT..K.MQD,.K.KN...K..QD,11.827963036569962,6
AZT,108.0,...KNT..K.MQD,P.LKN...K....,49.03249221737493,14
AZT,108.0,...KNT.SK.M.D,.K.KNT.SK...D,2.329988798424121,1
AZT,108.0,...KNT.SK.M.D,.K.KNT.SK.M..,2.762417733771566,1
AZT,108.0,...KNT.SK.M.D,P.LKN...K....,34.74166848835296,3
AZT,108.0,...KNTT.K.M..,P.LKN...K....,11.594241245024913,4
AZT,108.0,...KS...K.MQ.,.K.KS...K.MQ.,1.6590830594029229,1
AZT,108.0,...KS...K.MQ.,P.LKN...K....,5.700827461285717,2
AZT,108.0,...KS...KS..D,...KST..KS...,2.209523895411644,1
AZT,108.0,...KS...KS..D,P.LKN...K....,6.859566429831923,1
AZT,108.0,...KS.T.KC.Q.,P..KS...K.MQ.,2.945829471452115,1
AZT,108.0,...KST..KS...,P.LKN...K....,7.237121512326479,2
AZT,108.0,...KST.SK....,P.LKN...K....,12.020046881776091,4
AZT,108.0,..L.STT..S..D,..L.STT..SM.D,2.869944164839121,1
AZT,108.0,..LK.T..K.M..,P.LKN...K....,9.17078152358678,2
AZT,108.0,..LKN..SK.M..,.K.KNT.SK.M..,1.9695244499035538,1
AZT,108.0,..LKN..SK.M..,P.LKN...K....,9.93683234066122,2
AZT,108.0,..V.NT.S.C.L.,..V.H..S.C.L.,2.0584304276179086,1
AZT,108.0,..V.S...K.M..,....S...K.M..,1.860420534448815,1
AZT,108.0,..V.S...K.M..,P.LKN...K....,17.463447693162088,5
AZT,108.0,..V.S..S.CML.,P.V.S..S.CML.,1.9213848357044796,1
AZT,108.0,..V.S..S.SML.,..V.S..S.CML.,2.7967578978024363,1
AZT,108.0,..V.S..S.SML.,.KV...TSKS.LD,21.914287543437297,17
AZT,108.0,..V.ST..K.M..,..V.S...K.M..,2.0824776308030755,1
AZT,108.0,..V.ST..K.M..,P.LKN...K....,6.396045600479395,1
AZT,108.0,..VK.TTS.C.LD,.KVKHTTS.C.LD,1.859540390211813,1
AZT,108.0,..VKNT....M..,P.LKN...K....,10.19499902080675,2
AZT,108.0,..VKNT..K.ML.,P.LKN...K....,5.8737888516089996,1
AZT,108.0,..VKS...K....,P.LKN...K....,27.332579716723636,11
AZT,108.0,..VKS.T....QD,.K.K.TT....QD,1.9784523040356112,1
AZT,108.0,..VKS.T....QD,.KV...TSKS.LD,20.834718700038284,17
AZT,108.0,.K.....SK.ML.,.K.K...SK.ML.,2.040775203521464,1
AZT,108.0,.K.....SK.ML.,.K.K.T..K.M..,3.754721772913282,1
AZT,108.0,.K.....SKS..D,PK..N..SKS..D,1.5133229101325478,1
AZT,108.0,.K..N...K.M.D,P.LKN...K....,7.074350880652702,2
AZT,108.0,.K..NT....M..,P.LKN...K....,13.650465256824821,2
AZT,108.0,.K.K....K.MQ.,.K.KH...K.M.D,3.5538268951974397,1
AZT,108.0,.K.K....K.MQ.,.K.KN...K..QD,6.33761978510707,1
AZT,108.0,.K.K....K.MQ.,.K.KS...K.MQ.,8.382983587885747,2
AZT,108.0,.K.K....K.MQ.,P.LKN...K....,18.871546102770843,3
AZT,108.0,.K.K..TSKCMQD,.KVK..TSKCMQD,2.3281071272402873,1
AZT,108.0,.K.K.T..K.M..,P.LKN...K....,7.814966892646314,3
AZT,108.0,.K.K.TT....QD,.......SK.M..,3.851404131353424,1
AZT,108.0,.K.K.TT....QD,....H...KC.L.,3.7787659596907597,1
AZT,108.0,.K.K.TT....QD,....HT..K.M..,13.438425249701377,4
AZT,108.0,.K.K.TT....QD,....NTT..CMLD,10.925221236690916,3
AZT,108.0,.K.K.TT....QD,....S...K.M..,12.992574141447253,2
AZT,108.0,.K.K.TT....QD,....S.T.....D,3.226816947605325,1
AZT,108.0,.K.K.TT....QD,....STT....L.,3.3018289140044805,2
AZT,108.0,.K.K.TT....QD,...K.T....MLD,2.579311463923546,1
AZT,108.0,.K.K.TT....QD,...KHT..K.M.D,9.16801355087199,4
AZT,108.0,.K.K.TT....QD,...KN.TS.CM.D,3.4900843596468416,1
AZT,108.0,.K.K.TT....QD,...KNT....M.D,4.878818755859852,2
AZT,108.0,.K.K.TT....QD,...KNT..K.MQD,19.38540007327377,5
AZT,108.0,.K.K.TT....QD,...KNTT.K.M..,11.635374755044227,3
AZT,108.0,.K.K.TT....QD,...KNTT.KSMQD,9.606093487326895,4
AZT,108.0,.K.K.TT....QD,...KNTTSKS...,2.4205605236012753,1
AZT,108.0,.K.K.TT....QD,...KS...K.MQ.,3.927584335394551,1
AZT,108.0,.K.K.TT....QD,...KS...KS..D,2.392403317435305,1
AZT,108.0,.K.K.TT....QD,...KST..KSMLD,3.110281815734572,1
AZT,108.0,.K.K.TT....QD,...KSTTS..M..,6.949786311292648,2
AZT,108.0,.K.K.TT....QD,...KSTTS.SM.D,2.8136871696052346,1
AZT,108.0,.K.K.TT....QD,..L.....K.M..,10.690631768055411,2
AZT,108.0,.K.K.TT....QD,..L...T..SMLD,1.9131964161052353,1
AZT,108.0,.K.K.TT....QD,..L..TTSKSML.,3.124710057834965,1
AZT,108.0,.K.K.TT....QD,..L.H.TSKC.Q.,2.002997402598335,1
AZT,108.0,.K.K.TT....QD,..L.S...KC...,1.6691350394191713,1
AZT,108.0,.K.K.TT....QD,..L.ST...S.Q.,2.368796285187471,1
AZT,108.0,.K.K.TT....QD,..L.ST.S.....,1.7813998051225468,1
AZT,108.0,.K.K.TT....QD,..L.STT..S..D,3.5298062009295936,2
AZT,108.0,.K.K.TT....QD,..L.STT..SM.D,10.939123980691692,2
AZT,108.0,.K.K.TT....QD,..L.STTSKCM..,3.4988514048381347,2
AZT,108.0,.K.K.TT....QD,..LK.T..K.M..,5.3454081326764715,2
AZT,108.0,.K.K.TT....QD,..LK.TT.K.MLD,12.677802850701102,4
AZT,108.0,.K.K.TT....QD,..LK.TT.KS.Q.,4.708572666602523,2
AZT,108.0,.K.K.TT....QD,..LKHTT..SMLD,7.291237553895431,2
AZT,108.0,.K.K.TT....QD,..LKN...KCML.,5.137574710994739,1
AZT,108.0,.K.K.TT....QD,..LKN..SK.M..,1.5935090669159895,1
AZT,108.0,.K.K.TT....QD,..V.H..S.C.L.,5.471330340532555,1
AZT,108.0,.K.K.TT....QD,..V.H.T.KCM..,7.9159609743052375,2
AZT,108.0,.K.K.TT....QD,..V.N.T..S.QD,4.447839149638273,1
AZT,108.0,.K.K.TT....QD,..V.NT..K..QD,6.854373920316176,2
AZT,108.0,.K.K.TT....QD,..V.NT.SK.M..,4.521290598637622,1
AZT,108.0,.K.K.TT....QD,..V.S...K.M..,3.1970590759495656,1
AZT,108.0,.K.K.TT....QD,..V.S..SKS.L.,3.234705136496112,1
AZT,108.0,.K.K.TT....QD,..V.ST..KC.LD,1.5829573831991848,1
AZT,108.0,.K.K.TT....QD,..V.STT..C.LD,3.6076480336808308,2
AZT,108.0,.K.K.TT....QD,..V.STTS...L.,4.181167494144891,2
AZT,108.0,.K.K.TT....QD,..VK..T......,4.008868455497706,2
AZT,108.0,.K.K.TT....QD,..VK.T...CM.D,3.8143437092457395,2
AZT,108.0,.K.K.TT....QD,..VK.TTS.C.LD,2.165196214736834,1
AZT,108.0,.K.K.TT....QD,..VKHT.S.CML.,1.9083165020408115,1
AZT,108.0,.K.K.TT....QD,..VKN..S...LD,1.6240934667372773,1
AZT,108.0,.K.K.TT....QD,..VKN.T.KS.LD,2.004391555959741,1
AZT,108.0,.K.K.TT....QD,..VKN.TS..ML.,5.738727690791529,1
AZT,108.0,.K.K.TT....QD,..VKNT....M..,2.7277002811778113,1
AZT,108.0,.K.K.TT....QD,..VKS...KSMLD,3.676934790714808,1
AZT,108.0,.K.K.TT....QD,..VKST.S.C.QD,1.9087997764192195,1
AZT,108.0,.K.K.TT....QD,.K......KSMLD,2.5625171489027387,1
AZT,108.0,.K.K.TT....QD,.K.....SK.ML.,1.900056954315911,1
AZT,108.0,.K.K.TT....QD,.K...T....M.D,14.085995421983885,3
AZT,108.0,.K.K.TT....QD,.K...TT.KS...,2.083912020653851,1
AZT,108.0,.K.K.TT....QD,.K...TTS..MQ.,7.055895262570151,3
AZT,108.0,.K.K.TT....QD,.K..HTT.KC..D,5.724221227777657,3
AZT,108.0,.K.K.TT....QD,.K..HTT.KC.L.,4.843524851947566,3
AZT,108.0,.K.K.TT....QD,.K..HTTSKCMLD,5.830207409078127,3
AZT,108.0,.K.K.TT....QD,.K..N...K.M.D,5.375430115676996,1
AZT,108.0,.K.K.TT....QD,.K..N.TSK.MLD,6.137328198497034,2
AZT,108.0,.K.K.TT....QD,.K..NT....M..,3.40294351089941,2
AZT,108.0,.K.K.TT....QD,.K..S...KC..D,3.1568064622242025,1
AZT,108.0,.K.K.TT....QD,.K..S...KC.L.,1.9320137816427796,1
AZT,108.0,.K.K.TT....QD,.K..S.T...M..,2.2707217115491343,1
AZT,108.0,.K.K.TT....QD,.K..S.TS.SMLD,2.895643583968098,1
AZT,108.0,.K.K.TT....QD,.K..ST..KCML.,2.9639621281693533,1
AZT,108.0,.K.K.TT....QD,.K.K....K.MQ.,3.7441683346128727,2
AZT,108.0,.K.K.TT....QD,.K.K...SK.ML.,3.787466886620895,1
AZT,108.0,.K.K.TT....QD,.K.K.T..K.M..,21.777293400580664,3
AZT,108.0,.K.K.TT....QD,.K.KH...K.M.D,22.757015964054947,7
AZT,108.0,.K.K.TT....QD,.K.KH...KS.LD,2.49798769844534,1
AZT,108.0,.K.K.TT....QD,.K.KHT..K..LD,4.4600003009016875,2
AZT,108.0,.K.K.TT....QD,.K.KHT.SKSMQ.,3.5055455193369816,1
AZT,108.0,.K.K.TT....QD,.K.KN.....MQD,6.284227014985786,3
AZT,108.0,.K.K.TT....QD,.K.KNT.SK.M..,6.490348015528362,3
AZT,108.0,.K.K.TT....QD,.K.KNTT.K..Q.,3.6715682470426696,2
AZT,108.0,.K.K.TT....QD,.K.KNTTS.SM.D,1.6474976304458808,1
AZT,108.0,.K.K.TT....QD,.K.KS.T.K.M..,5.5741833153879865,3
AZT,108.0,.K.K.TT....QD,.K.KS.TS.....,5.147812748362133,1
AZT,108.0,.K.K.TT....QD,.K.KST....M..,9.91915724112201,5
AZT,108.0,.K.K.TT....QD,.KL.....K....,14.208726975619797,5
AZT,108.0,.K.K.TT....QD,.KL....S...L.,2.5697965242641208,1
AZT,108.0,.K.K.TT....QD,.KL..T....MQ.,6.459115882385095,3
AZT,108.0,.K.K.TT....QD,.KL..T.SK.M.D,1.7557731720525067,1
AZT,108.0,.K.K.TT....QD,.KL.HTT.K.MQ.,9.323585194305434,2
AZT,108.0,.K.K.TT....QD,.KL.S...K.MQ.,1.5653728311584507,1
AZT,108.0,.K.K.TT....QD,.KL.S.T.KS...,4.383086076127041,1
AZT,108.0,.K.K.TT....QD,.KL.S.T.KS.L.,5.651886632260457,2
AZT,108.0,.K.K.TT....QD,.KL.ST..K.MQD,8.355743735806609,4
AZT,108.0,.K.K.TT....QD,.KL.ST.S..M..,2.4702759408721944,1
AZT,108.0,.K.K.TT....QD,.KLK...SKSMQ.,3.632526668109011,2
AZT,108.0,.K.K.TT....QD,.KLK.T..K....,36.023467092405845,9
AZT,108.0,.K.K.TT....QD,.KLK.T.S..MQ.,3.0623921419484437,1
AZT,108.0,.K.K.TT....QD,.KLKHT..KC.Q.,4.017752007815191,2
AZT,108.0,.K.K.TT....QD,.KLKHTTSK....,4.367973683300848,2
AZT,108.0,.K.K.TT....QD,.KLKNT.......,8.465697160795926,3
AZT,108.0,.K.K.TT....QD,.KLKNTTSKSMQ.,2.557170461080508,1
AZT,108.0,.K.K.TT....QD,.KLKS..S.SM..,3.189907032874285,1
AZT,108.0,.K.K.TT....QD,.KLKST.SK....,2.5064997572985033,1
AZT,108.0,.K.K.TT....QD,.KV..T...CML.,3.9098586944999916,1
AZT,108.0,.K.K.TT....QD,.KV..T..K.MQ.,2.8186097305927325,1
AZT,108.0,.K.K.TT....QD,.KV..T.SK.M..,1.7792618887045648,1
AZT,108.0,.K.K.TT....QD,.KV.H....SML.,3.540975165676286,1
AZT,108.0,.K.K.TT....QD,.KV.H.T...M..,7.843300672691843,2
AZT,108.0,.K.K.TT....QD,.KV.HTTS..ML.,7.1468953423417005,3
AZT,108.0,.K.K.TT....QD,.KV.HTTS.C...,2.0267094715802347,1
AZT,108.0,.K.K.TT....QD,.KV.NT...S.L.,2.7121889179558485,1
AZT,108.0,.K.K.TT....QD,.KV.NT..K.M..,3.838905093281647,1
AZT,108.0,.K.K.TT....QD,.KVK....KCMQD,1.5326162842621864,1
AZT,108.0,.K.K.TT....QD,.KVK.T..K.M..,2.1468005298653257,1
AZT,108.0,.K.K.TT....QD,.KVK.T..KCMQD,2.6095682325215046,1
AZT,108.0,.K.K.TT....QD,.KVKHTTS.C.LD,4.042063091246824,1
AZT,108.0,.K.K.TT....QD,.KVKHTTS.SML.,4.542264673572955,1
AZT,108.0,.K.K.TT....QD,.KVKN.T.KC.LD,3.240682826822022,1
AZT,108.0,.K.K.TT....QD,.KVKS.T.KSML.,1.6243905462317014,1
AZT,108.0,.K.K.TT....QD,.KVKSTT.KSMQD,4.017158660374509,2
AZT,108.0,.K.K.TT....QD,P......SK.ML.,3.987049148546216,2
AZT,108.0,.K.K.TT....QD,P....TT..SMQ.,1.9753951934865641,1
AZT,108.0,.K.K.TT....QD,P....TTSKC.L.,1.526559917319016,1
AZT,108.0,.K.K.TT....QD,P...H.....ML.,1.8374965489092137,1
AZT,108.0,.K.K.TT....QD,P...H.T.K.MLD,5.282950006459179,1
AZT,108.0,.K.K.TT....QD,P...HT....ML.,3.6943058351260256,1
AZT,108.0,.K.K.TT....QD,P...S.T.K..QD,2.2905569259667002,1
AZT,108.0,.K.K.TT....QD,P..K..TS.CM..,4.551818153792079,1
AZT,108.0,.K.K.TT....QD,P..K.T..KC.LD,2.4414920476577646,1
AZT,108.0,.K.K.TT....QD,P..KH.T.K..L.,2.694971069043894,1
AZT,108.0,.K.K.TT....QD,P..KN.T.K.M..,3.3930468859702887,1
AZT,108.0,.K.K.TT....QD,P..KS...K.MQ.,18.65303534598432,6
AZT,108.0,.K.K.TT....QD,P..KST..K...D,4.946027940502971,4
AZT,108.0,.K.K.TT....QD,P.L..TTSKSMQ.,2.417277549434752,1
AZT,108.0,.K.K.TT....QD,P.L.NT.S.CMQ.,1.5706708525725812,1
AZT,108.0,.K.K.TT....QD,P.L.NTTS.C.QD,7.418465354039779,1
AZT,108.0,.K.K.TT....QD,P.LK.T.S.C...,4.278970392899896,1
AZT,108.0,.K.K.TT....QD,P.LK.TT.KS.LD,2.8790007715061923,1
AZT,108.0,.K.K.TT....QD,P.LK.TTSKCM.D,1.6449815070112428,1
AZT,108.0,.K.K.TT....QD,P.LKHT..KS...,6.7907006206276,1
AZT,108.0,.K.K.TT....QD,P.LKN...K....,1107.1211280400455,111
AZT,108.0,.K.K.TT....QD,P.LKNTTS.SMQ.,4.598435268604486,1
AZT,108.0,.K.K.TT....QD,P.LKS......L.,5.7360857748913014,3
AZT,108.0,.K.K.TT....QD,P.V..TT.K....,2.416540403367097,1
AZT,108.0,.K.K.TT....QD,P.V.H...K.M.D,3.440733857544078,1
AZT,108.0,.K.K.TT....QD,P.V.HT....M..,4.633734728878961,1
AZT,108.0,.K.K.TT....QD,P.V.HTT..C.QD,1.6799328305050847,1
AZT,108.0,.K.K.TT....QD,P.V.HTTS..M.D,3.4282045183723975,1
AZT,108.0,.K.K.TT....QD,P.V.NT..K.M.D,2.2985794531114734,1
AZT,108.0,.K.K.TT....QD,P.VK.T..KCMQ.,3.500515597244844,2
AZT,108.0,.K.K.TT....QD,P.VK.TTS.CMLD,1.521640052165191,1
AZT,108.0,.K.K.TT....QD,P.VKHT..K..L.,12.726151011225127,2
AZT,108.0,.K.K.TT....QD,P.VKSTT...MQ.,8.292176151379891,2
AZT,108.0,.K.K.TT....QD,PK....TS.SMQD,1.9071422088144205,1
AZT,108.0,.K.K.TT....QD,PK..H...K.M..,5.272387142602906,2
AZT,108.0,.K.K.TT....QD,PK..HTT.K...D,10.589326909108767,4
AZT,108.0,.K.K.TT....QD,PK..N.T.K..LD,2.0995613950648147,1
AZT,108.0,.K.K.TT....QD,PK..NTTS..MQD,3.8157101920577494,2
AZT,108.0,.K.K.TT....QD,PK..ST..KSMLD,3.9864952702738186,1
AZT,108.0,.K.K.TT....QD,PK..STT.KS.L.,4.1005820385856895,2
AZT,108.0,.K.K.TT....QD,PK..STTSK.ML.,2.351659845667418,1
AZT,108.0,.K.K.TT....QD,PK..STTSKSM..,3.4590695876559767,2
AZT,108.0,.K.K.TT....QD,PK.K.T.....L.,4.836912359576217,1
AZT,108.0,.K.K.TT....QD,PK.KN.TS..M.D,2.007882765983308,1
AZT,108.0,.K.K.TT....QD,PK.KNTT.K..L.,12.595555336925111,2
AZT,108.0,.K.K.TT....QD,PK.KS.TSKSML.,1.8309987279120084,1
AZT,108.0,.K.K.TT....QD,PK.KST..K.M..,9.498715764146418,2
AZT,108.0,.K.K.TT....QD,PK.KST..KSMQ.,2.515322572245125,1
AZT,108.0,.K.K.TT....QD,PKL..T.S..M.D,2.610846018703525,1
AZT,108.0,.K.K.TT....QD,PKL..T.SKSM..,9.89436256026609,2
AZT,108.0,.K.K.TT....QD,PKL.H.T...MLD,3.0274590963805124,1
AZT,108.0,.K.K.TT....QD,PKL.N..SK.MLD,3.0853704151197223,1
AZT,108.0,.K.K.TT....QD,PKL.NTT.K..L.,1.6039909213440375,1
AZT,108.0,.K.K.TT....QD,PKL.ST.SK..LD,2.267980359102071,1
AZT,108.0,.K.K.TT....QD,PKLK....K.M..,1.652624743218409,1
AZT,108.0,.K.K.TT....QD,PKLK...SKS.Q.,4.319933300280826,2
AZT,108.0,.K.K.TT....QD,PKLKNT..KCMLD,1.6504801391572128,1
AZT,108.0,.K.K.TT....QD,PKLKNTTSK.MQ.,4.1502968424547655,1
AZT,108.0,.K.K.TT....QD,PKLKST..KCMLD,4.262930088429665,1
AZT,108.0,.K.K.TT....QD,PKV...TS.CM..,1.855780794716787,1
AZT,108.0,.K.K.TT....QD,PKV..T..K...D,4.0208496949978745,1
AZT,108.0,.K.K.TT....QD,PKV.NT..K....,2.289778842749247,1
AZT,108.0,.K.K.TT....QD,PKV.NTTS...LD,3.6370733800461235,1
AZT,108.0,.K.K.TT....QD,PKV.STTSKC..D,3.246274519793651,1
AZT,108.0,.K.K.TT....QD,PKVK....K.MQD,1.6983287491683854,1
AZT,108.0,.K.K.TT....QD,PKVK.TT..CM.D,3.6486604265094464,1
AZT,108.0,.K.K.TT....QD,PKVK.TT.KSML.,3.63565221420586,1
AZT,108.0,.K.K.TT....QD,PKVKHT....MLD,10.364785165369252,3
AZT,108.0,.K.K.TT....QD,PKVKHTT.K..Q.,2.6054493684623186,1
AZT,108.0,.K.K.TT....QD,PKVKHTTS.....,2.787626939980159,1
AZT,108.0,.K.K.TT....QD,PKVKN...K.M.D,2.751744132855383,1
AZT,108.0,.K.K.TT....QD,PKVKNT.S..M.D,5.065295002162824,2
AZT,108.0,.K.K.TT....QD,PKVKS.T.KS.LD,5.090892213847402,1
AZT,108.0,.K.KH...K.M.D,P.LKN...K....,47.60306681278589,15
AZT,108.0,.K.KHT...C.L.,P.LKN...K....,10.671053721130441,2
AZT,108.0,.K.KHT..K..LD,.K.KH...K.M.D,2.7478070824690475,1
AZT,108.0,.K.KN.....MQD,.K.KN...K..QD,3.3741634706014456,1
AZT,108.0,.K.KN.....MQD,P.LKN...K....,15.721208900631527,2
AZT,108.0,.K.KN...K..QD,P.LKN...K....,11.624975159971031,6
AZT,108.0,.K.KN...KCM..,P.LKN...K....,5.1764819217224,1
AZT,108.0,.K.KN...KSMQD,.K.KN...K..QD,5.4789951976338696,1
AZT,108.0,.K.KNT.SK...D,P.LKN...K....,11.080732695313593,2
AZT,108.0,.K.KNT.SK.M..,.K.K.T..K.M..,4.795714497602882,2
AZT,108.0,.K.KNT.SK.M..,P.LKN...K....,44.60846143482679,7
AZT,108.0,.K.KNTT.K..Q.,P.LKN...K....,11.539880373587087,2
AZT,108.0,.K.KS........,P.LKN...K....,5.83617701460655,2
AZT,108.0,.K.KS...K..Q.,.K.KS...K.MQ.,2.0329672925458713,1
AZT,108.0,.K.KS...K..Q.,P.LKN...K....,6.35241714819187,2
AZT,108.0,.K.KS...K.MQ.,P.LKN...K....,3.5606174440567027,2
AZT,108.0,.K.KS...KCM..,.K.KN...KCM..,2.163960253018802,1
AZT,108.0,.K.KS...KCM..,P.LKN...K....,10.81144199333594,1
AZT,108.0,.K.KS..S.....,.K.KS........,3.2634196300215734,1
AZT,108.0,.K.KS..S.....,.K.KS.TS.....,3.138243046183793,1
AZT,108.0,.K.KS..S.....,PK.KS..SK....,1.747470798410133,1
AZT,108.0,.K.KS.T.K.M..,...KNTT.K.M..,1.5487986534478422,1
AZT,108.0,.K.KS.T.K.M..,P..KN.T.K.M..,1.6428801256308072,1
AZT,108.0,.K.KS.T.K.M..,P.LKN...K....,27.59300764208174,5
AZT,108.0,.K.KST....M..,.K.KHT...C.L.,3.112689994366847,2
AZT,108.0,.K.KST....M..,.K.KS........,4.323009348062566,2
AZT,108.0,.K.KST....M..,P.LKN...K....,71.17924331076689,11
AZT,108.0,.K.KSTTSKC.LD,.K.KST..KC.LD,2.5654042861554474,1
AZT,108.0,.KL.....K....,P.LKN...K....,32.28801076311109,6
AZT,108.0,.KL.....K....,PKV.NT..K....,1.591588406361086,1
AZT,108.0,.KL.N.T..C.LD,.KV...TSKS.LD,23.93973648801303,18
AZT,108.0,.KL.S.T.KS.L.,.KL.S.T.KS...,1.616169472413891,1
AZT,108.0,.KLK.T..K....,P.LKHT..KS...,1.6589480454116035,1
AZT,108.0,.KLK.T..K....,P.LKN...K....,67.40265853932938,24
AZT,108.0,.KLKN...KS...,.KLKN....S...,2.610903182586774,1
AZT,108.0,.KLKN...KS...,P.LKN...K....,9.590333743362518,1
AZT,108.0,.KLKNT.......,.KLK.T..K....,2.2073919293365845,1
AZT,108.0,.KLKNT.......,.KLKN....S...,2.641442538357145,1
AZT,108.0,.KLKNT.......,P.LKN...K....,39.638613627976476,6
AZT,108.0,.KLKNTT.K....,P.LKN...K....,25.137206712053825,5
AZT,108.0,.KLKST.SK....,P.LKN...K....,13.851262956665462,2
AZT,108.0,.KV...TSKS.LD,.......S.S..D,66.07147537287372,34
AZT,108.0,.KV...TSKS.LD,.......SK.M..,69.06518646245343,15
AZT,108.0,.KV...TSKS.LD,.....T...SMQ.,33.730654558150235,18
AZT,108.0,.KV...TSKS.LD,....H....S.L.,35.134940332392624,18
AZT,108.0,.KV...TSKS.LD,....H...KC.L.,74.78424745057768,17
AZT,108.0,.KV...TSKS.LD,....H...KS...,65.42589844557597,18
AZT,108.0,.KV...TSKS.LD,....H..SKCMQD,41.06922523159193,18
AZT,108.0,.KV...TSKS.LD,....H.TSKS..D,63.6068442763264,18
AZT,108.0,.KV...TSKS.LD,....H.TSKSMQ.,45.670111562633544,18
AZT,108.0,.KV...TSKS.LD,....HT..K.M..,60.706400287709045,12
AZT,108.0,.KV...TSKS.LD,....HT..KS.QD,57.25632257062306,18
AZT,108.0,.KV...TSKS.LD,....HTT....Q.,49.07613291425636,18
AZT,108.0,.KV...TSKS.LD,....N....CMQ.,68.02970705560044,18
AZT,108.0,.KV...TSKS.LD,....N...K..QD,40.16100178047064,17
AZT,108.0,.KV...TSKS.LD,....N...KCMLD,35.95063460592128,18
AZT,108.0,.KV...TSKS.LD,....N.TS....D,95.02141966578806,18
AZT,108.0,.KV...TSKS.LD,....NT.SKSMLD,39.044179165628,18
AZT,108.0,.KV...TSKS.LD,....NTT..CMLD,67.24416098292347,15
AZT,108.0,.KV...TSKS.LD,....S...K.M..,74.79648399708877,11
AZT,108.0,.KV...TSKS.LD,....S.T.....D,79.48923497395656,17
AZT,108.0,.KV...TSKS.LD,....STT....L.,34.01163807027796,16
AZT,108.0,.KV...TSKS.LD,...K.....C.LD,37.93404322499985,18
AZT,108.0,.KV...TSKS.LD,...K...SKSMLD,80.24123741373886,18
AZT,108.0,.KV...TSKS.LD,...K..TS.S.L.,66.24308055217239,18
AZT,108.0,.KV...TSKS.LD,...K..TSKSM..,53.65459207921651,18
AZT,108.0,.KV...TSKS.LD,...K.T....MLD,106.7794171213382,33
AZT,108.0,.KV...TSKS.LD,...K.TTSKSMQ.,36.675897205248425,18
AZT,108.0,.KV...TSKS.LD,...KH....C.Q.,64.22827226552931,18
AZT,108.0,.KV...TSKS.LD,...KH...KSMQD,46.591168701252364,18
AZT,108.0,.KV...TSKS.LD,...KH.TSK.MQ.,88.20774794453655,34
AZT,108.0,.KV...TSKS.LD,...KH.TSKC...,197.5322227597009,34
AZT,108.0,.KV...TSKS.LD,...KHT..K.M.D,135.84135967745797,50
AZT,108.0,.KV...TSKS.LD,...KN..S.....,30.28691093737735,16
AZT,108.0,.KV...TSKS.LD,...KN..S..ML.,37.23615329853148,18
AZT,108.0,.KV...TSKS.LD,...KN.T..SMQ.,34.984646965277236,18
AZT,108.0,.KV...TSKS.LD,...KN.TS.CM.D,66.77706792318598,17
AZT,108.0,.KV...TSKS.LD,...KNT....M.D,43.91561122236592,14
AZT,108.0,.KV...TSKS.LD,...KNT...CM..,51.88381116147219,17
AZT,108.0,.KV...TSKS.LD,...KNT..K.MQD,417.481785455099,82
AZT,108.0,.KV...TSKS.LD,...KNT.SK.M.D,50.26550184427614,29
AZT,108.0,.KV...TSKS.LD,...KNTT.K.M..,144.9030019096099,26
AZT,108.0,.KV...TSKS.LD,...KNTT.KSMQD,77.55232217513996,30
AZT,108.0,.KV...TSKS.LD,...KNTTSKS...,63.72083565421826,17
AZT,108.0,.KV...TSKS.LD,...KS...K.MQ.,75.86854056309568,12
AZT,108.0,.KV...TSKS.LD,...KS...KS..D,29.786910817168366,15
AZT,108.0,.KV...TSKS.LD,...KS.T.KC.Q.,29.504161965525324,17
AZT,108.0,.KV...TSKS.LD,...KST...SMQ.,51.134567015015364,18
AZT,108.0,.KV...TSKS.LD,...KST..KS...,138.4523654175147,31
AZT,108.0,.KV...TSKS.LD,...KST..KSMLD,63.45514247840023,17
AZT,108.0,.KV...TSKS.LD,...KST.SK....,65.01303561111678,14
AZT,108.0,.KV...TSKS.LD,...KSTTS..M..,67.18535367158148,16
AZT,108.0,.KV...TSKS.LD,...KSTTS.SM.D,55.440182979791246,17
AZT,108.0,.KV...TSKS.LD,..L.....K..QD,36.114028223908356,18
AZT,108.0,.KV...TSKS.LD,..L.....K.M..,129.25852917948205,16
AZT,108.0,.KV...TSKS.LD,..L....S.S.Q.,42.56202426639249,18
AZT,108.0,.KV...TSKS.LD,..L...T..SMLD,67.43646351064487,33
AZT,108.0,.KV...TSKS.LD,..L..T.S.C.Q.,60.935757837463285,18
AZT,108.0,.KV...TSKS.LD,..L..TTSKSML.,62.01143543848464,17
AZT,108.0,.KV...TSKS.LD,..L.H..SKS.Q.,74.90211871393079,18
AZT,108.0,.KV...TSKS.LD,..L.H.T..CM..,39.067549839821396,18
AZT,108.0,.KV...TSKS.LD,..L.H.T..S.QD,82.80762118472106,34
AZT,108.0,.KV...TSKS.LD,..L.H.TSKC.Q.,112.71105108348628,33
AZT,108.0,.KV...TSKS.LD,..L.H.TSKSM..,61.73068329960299,18
AZT,108.0,.KV...TSKS.LD,..L.HT.S.S.LD,53.65089379183989,18
AZT,108.0,.KV...TSKS.LD,..L.N.T..S.L.,45.204281246889586,18
AZT,108.0,.KV...TSKS.LD,..L.N.TS.SM.D,73.3011726897469,18
AZT,108.0,.KV...TSKS.LD,..L.NT.SKS...,71.28834513369537,18
AZT,108.0,.KV...TSKS.LD,..L.S.....MQ.,38.68366492020289,18
AZT,108.0,.KV...TSKS.LD,..L.S...KC...,34.710469617149705,17
AZT,108.0,.KV...TSKS.LD,..L.S.T....Q.,27.400621689005924,18
AZT,108.0,.KV...TSKS.LD,..L.S.T.KSMQD,84.34812189350289,18
AZT,108.0,.KV...TSKS.LD,..L.ST...S.Q.,51.617596094081144,17
AZT,108.0,.KV...TSKS.LD,..L.ST.S.....,39.1644093909479,17
AZT,108.0,.KV...TSKS.LD,..L.STT..S..D,31.466874805510155,15
AZT,108.0,.KV...TSKS.LD,..L.STT..SM.D,91.0333240677196,15
AZT,108.0,.KV...TSKS.LD,..L.STTSKCM..,34.07435091382739,16
AZT,108.0,.KV...TSKS.LD,..LK.....C.QD,65.60388700609548,18
AZT,108.0,.KV...TSKS.LD,..LK.....CML.,35.81155844888427,18
AZT,108.0,.KV...TSKS.LD,..LK.....S..D,63.93962027980198,18
AZT,108.0,.KV...TSKS.LD,..LK..T.....D,81.85844501936292,18
AZT,108.0,.KV...TSKS.LD,..LK..TSK..Q.,38.95829876632188,18
AZT,108.0,.KV...TSKS.LD,..LK.T..K.M..,55.919993669129894,14
AZT,108.0,.KV...TSKS.LD,..LK.T..KC...,29.230564522146256,18
AZT,108.0,.KV...TSKS.LD,..LK.T.SK....,55.8997099976279,18
AZT,108.0,.KV...TSKS.LD,..LK.TT..SM..,48.82774986332997,18
AZT,108.0,.KV...TSKS.LD,..LK.TT.K.MLD,111.58585765796988,30
AZT,108.0,.KV...TSKS.LD,..LK.TT.KS.Q.,105.75307817203475,32
AZT,108.0,.KV...TSKS.LD,..LKH.TS.SM.D,39.82222022808308,18
AZT,108.0,.KV...TSKS.LD,..LKHT.....Q.,63.82336943476683,18
AZT,108.0,.KV...TSKS.LD,..LKHTT..SMLD,68.76294256142354,16
AZT,108.0,.KV...TSKS.LD,..LKN...KCML.,98.640843987325,17
AZT,108.0,.KV...TSKS.LD,..LKN..SK.M..,148.6604662824211,62
AZT,108.0,.KV...TSKS.LD,..LKN.TSKC.QD,67.09223299600544,18
AZT,108.0,.KV...TSKS.LD,..LKNT....MLD,44.69123384693132,18
AZT,108.0,.KV...TSKS.LD,..LKNT.SKC...,33.33598876498545,18
AZT,108.0,.KV...TSKS.LD,..LKNTTS.C...,94.84750852765816,18
AZT,108.0,.KV...TSKS.LD,..LKS......QD,42.14568336643634,18
AZT,108.0,.KV...TSKS.LD,..LKS..S.S...,32.78239278480106,18
AZT,108.0,.KV...TSKS.LD,..LKS.TSKS...,59.34178350175246,18
AZT,108.0,.KV...TSKS.LD,..LKST...S...,52.53839480707018,18
AZT,108.0,.KV...TSKS.LD,..LKSTTSK..Q.,51.99424074633161,18
AZT,108.0,.KV...TSKS.LD,..V....S.S.LD,38.02144109819951,18
AZT,108.0,.KV...TSKS.LD,..V..T..KSMLD,77.1083013113496,18
AZT,108.0,.KV...TSKS.LD,..V.H.......D,37.79517980679394,18
AZT,108.0,.KV...TSKS.LD,..V.H..S.C.L.,172.95899973562814,32
AZT,108.0,.KV...TSKS.LD,..V.H..SKSM..,73.63027646925046,18
AZT,108.0,.KV...TSKS.LD,..V.H.T.KCM..,74.14525665489123,16
AZT,108.0,.KV...TSKS.LD,..V.HT..K...D,96.97196298195159,18
AZT,108.0,.KV...TSKS.LD,..V.HT..K.MQD,37.661402626891615,18
AZT,108.0,.KV...TSKS.LD,..V.HT.S.SM..,62.50380600988941,18
AZT,108.0,.KV...TSKS.LD,..V.HTT.KC.LD,49.57298697205714,18
AZT,108.0,.KV...TSKS.LD,..V.N....S...,42.56420396319421,18
AZT,108.0,.KV...TSKS.LD,..V.N.T..S.QD,81.58533355687578,17
AZT,108.0,.KV...TSKS.LD,..V.N.T..SM..,106.37210084268568,18
AZT,108.0,.KV...TSKS.LD,..V.NT.....LD,43.02255806493994,18
AZT,108.0,.KV...TSKS.LD,..V.NT..K..QD,55.6334575202843,16
AZT,108.0,.KV...TSKS.LD,..V.NT.S.C.L.,35.54595956329078,17
AZT,108.0,.KV...TSKS.LD,..V.NT.SK.M..,83.74461119166025,17
AZT,108.0,.KV...TSKS.LD,..V.S......LD,67.72855757106048,18
AZT,108.0,.KV...TSKS.LD,..V.S....CM..,30.602133199697114,18
AZT,108.0,.KV...TSKS.LD,..V.S...K.M..,343.55191449494583,74
AZT,108.0,.KV...TSKS.LD,..V.S..S.CML.,34.95666997025264,16
AZT,108.0,.KV...TSKS.LD,..V.S..SKS.L.,65.27810218052221,17
AZT,108.0,.KV...TSKS.LD,..V.S.T.KC.LD,57.07569005273164,18
AZT,108.0,.KV...TSKS.LD,..V.S.TSKS...,61.69388012936816,18
AZT,108.0,.KV...TSKS.LD,..V.ST..K.M..,30.417783078569297,16
AZT,108.0,.KV...TSKS.LD,..V.ST..KC.LD,34.5398717480873,17
AZT,108.0,.KV...TSKS.LD,..V.ST..KCMQD,139.11779163542207,18
AZT,108.0,.KV...TSKS.LD,..V.ST.S.CM.D,47.0375994445152,18
AZT,108.0,.KV...TSKS.LD,..V.STT..C.LD,33.95638499404852,16
AZT,108.0,.KV...TSKS.LD,..V.STTS...L.,42.149986889326755,16
AZT,108.0,.KV...TSKS.LD,..VK.....C..D,44.22462748049847,18
AZT,108.0,.KV...TSKS.LD,..VK.....SM.D,35.75034929661168,18
AZT,108.0,.KV...TSKS.LD,..VK....K.ML.,86.3475901303582,18
AZT,108.0,.KV...TSKS.LD,..VK..T......,35.93310853706684,16
AZT,108.0,.KV...TSKS.LD,..VK.T...CM.D,37.7935562990597,16
AZT,108.0,.KV...TSKS.LD,..VK.TTS.C.LD,40.60465286560091,16
AZT,108.0,.KV...TSKS.LD,..VKH.TS.CMLD,28.31201386094592,18
AZT,108.0,.KV...TSKS.LD,..VKH.TS.CMQ.,26.495054263144105,18
AZT,108.0,.KV...TSKS.LD,..VKHT.S.CML.,36.098874159768165,17
AZT,108.0,.KV...TSKS.LD,..VKHT.S.S.Q.,36.88418143107369,18
AZT,108.0,.KV...TSKS.LD,..VKHTTS.S...,44.03383945360216,18
AZT,108.0,.KV...TSKS.LD,..VKN....S.QD,46.81393026634464,18
AZT,108.0,.KV...TSKS.LD,..VKN..S...LD,30.91755720704755,17
AZT,108.0,.KV...TSKS.LD,..VKN..S..M..,122.69841125340722,18
AZT,108.0,.KV...TSKS.LD,..VKN.T.KS.LD,37.616425944446654,17
AZT,108.0,.KV...TSKS.LD,..VKN.TS..ML.,110.86674694118913,17
AZT,108.0,.KV...TSKS.LD,..VKNT....M..,46.53706389286509,15
AZT,108.0,.KV...TSKS.LD,..VKNT..K.ML.,44.44109321617486,17
AZT,108.0,.KV...TSKS.LD,..VKNT..KS.QD,89.14880617083665,18
AZT,108.0,.KV...TSKS.LD,..VKNT.SKC..D,74.00892020382166,18
AZT,108.0,.KV...TSKS.LD,..VKS...K....,116.92772443210956,21
AZT,108.0,.KV...TSKS.LD,..VKS...KSMLD,49.00210871733057,17
AZT,108.0,.KV...TSKS.LD,..VKS...KSMQ.,32.73514461371428,18
AZT,108.0,.KV...TSKS.LD,..VKS..SKSML.,53.877454592940666,18
AZT,108.0,.KV...TSKS.LD,..VKS.TS..M.D,68.12493001128553,18
AZT,108.0,.KV...TSKS.LD,..VKST.S.C.QD,69.34380243457443,17
AZT,108.0,.KV...TSKS.LD,.K......KSMLD,54.70036582655003,17
AZT,108.0,.KV...TSKS.LD,.K.....S.C.L.,62.08518360092797,18
AZT,108.0,.KV...TSKS.LD,.K.....SK.ML.,35.518813993448475,15
AZT,108.0,.KV...TSKS.LD,.K.....SKS..D,34.17293131332966,17
AZT,108.0,.KV...TSKS.LD,.K....T...MQD,105.80627911747655,18
AZT,108.0,.KV...TSKS.LD,.K....T..SML.,91.73133075385803,18
AZT,108.0,.KV...TSKS.LD,.K...T....M.D,85.23455357743542,15
AZT,108.0,.KV...TSKS.LD,.K...TT.KS...,40.335116502451214,17
AZT,108.0,.KV...TSKS.LD,.K...TTS..MQ.,84.82684673172632,31
AZT,108.0,.KV...TSKS.LD,.K..H....S.LD,45.94377275844395,18
AZT,108.0,.KV...TSKS.LD,.K..H.TS.CM..,47.493611493900254,18
AZT,108.0,.KV...TSKS.LD,.K..HT.S.S..D,46.67063462383328,18
AZT,108.0,.KV...TSKS.LD,.K..HTT.KC..D,34.47396192871425,15
AZT,108.0,.KV...TSKS.LD,.K..HTT.KC.L.,31.486622246201023,15
AZT,108.0,.KV...TSKS.LD,.K..HTTSKCMLD,34.426320486403,15
AZT,108.0,.KV...TSKS.LD,.K..N...K.M.D,75.45225032509836,15
AZT,108.0,.KV...TSKS.LD,.K..N..S.C..D,60.24933058626139,18
AZT,108.0,.KV...TSKS.LD,.K..N.TSK.MLD,59.56506895556848,16
AZT,108.0,.KV...TSKS.LD,.K..NT....M..,28.787670546295754,14
AZT,108.0,.KV...TSKS.LD,.K..S...KC..D,65.23912070970769,17
AZT,108.0,.KV...TSKS.LD,.K..S...KC.L.,36.93077722607854,17
AZT,108.0,.KV...TSKS.LD,.K..S.T...M..,43.05161489024327,17
AZT,108.0,.KV...TSKS.LD,.K..S.TS.SMLD,61.2478533623063,17
AZT,108.0,.KV...TSKS.LD,.K..ST..KCML.,65.7174615242509,17
AZT,108.0,.KV...TSKS.LD,.K..ST..KSM..,38.933381392365355,18
AZT,108.0,.KV...TSKS.LD,.K.K....K.MQ.,97.52866369014343,41
AZT,108.0,.KV...TSKS.LD,.K.K....KS.Q.,94.38353451699066,34
AZT,108.0,.KV...TSKS.LD,.K.K...SK.ML.,67.38413145011816,16
AZT,108.0,.KV...TSKS.LD,.K.K...SKC.QD,80.00424345738735,18
AZT,108.0,.KV...TSKS.LD,.K.K..TSKCMQD,37.608437893047835,17
AZT,108.0,.KV...TSKS.LD,.K.K.T...S..D,79.69917611071345,18
AZT,108.0,.KV...TSKS.LD,.K.K.T..K.M..,631.5520548115122,81
AZT,108.0,.KV...TSKS.LD,.K.K.TT....QD,25274.855241470133,24208
AZT,108.0,.KV...TSKS.LD,.K.KH...K.M.D,312.62851407317464,53
AZT,108.0,.KV...TSKS.LD,.K.KH...KS.LD,37.80924991124389,17
AZT,108.0,.KV...TSKS.LD,.K.KHT...C.L.,116.1036279306767,46
AZT,108.0,.KV...TSKS.LD,.K.KHT..K..LD,36.72716896098647,15
AZT,108.0,.KV...TSKS.LD,.K.KHT.SKSMQ.,63.53919354070501,17
AZT,108.0,.KV...TSKS.LD,.K.KHTT.KCM.D,37.838417849156556,18
AZT,108.0,.KV...TSKS.LD,.K.KHTTSKSML.,56.37140408889416,18
AZT,108.0,.KV...TSKS.LD,.K.KN.....MQD,83.68487299910113,28
AZT,108.0,.KV...TSKS.LD,.K.KN....S.QD,50.06510799131315,18
AZT,108.0,.KV...TSKS.LD,.K.KN...K..QD,311.2423031355554,34
AZT,108.0,.KV...TSKS.LD,.K.KN...KCM..,66.35175830982664,16
AZT,108.0,.KV...TSKS.LD,.K.KN...KSMQD,38.44969762804311,17
AZT,108.0,.KV...TSKS.LD,.K.KN.T..SML.,28.241912863048377,18
AZT,108.0,.KV...TSKS.LD,.K.KN.TS.SM..,34.17772522386714,18
AZT,108.0,.KV...TSKS.LD,.K.KNT.SK...D,54.7324833430651,15
AZT,108.0,.KV...TSKS.LD,.K.KNT.SK.M..,234.4106012085815,68
AZT,108.0,.KV...TSKS.LD,.K.KNTT.K..Q.,31.14301753872744,14
AZT,108.0,.KV...TSKS.LD,.K.KNTTS.SM.D,31.972930291666668,17
AZT,108.0,.KV...TSKS.LD,.K.KS........,68.18150295956653,13
AZT,108.0,.KV...TSKS.LD,.K.KS....C.QD,50.30584410746538,18
AZT,108.0,.KV...TSKS.LD,.K.KS...K..Q.,60.71803506381406,12
AZT,108.0,.KV...TSKS.LD,.K.KS...K.MQ.,114.4511987933071,12
AZT,108.0,.KV...TSKS.LD,.K.KS...KCM..,32.25789825048738,16
AZT,108.0,.KV...TSKS.LD,.K.KS..S.....,26.82046871457364,15
AZT,108.0,.KV...TSKS.LD,.K.KS.T..S.L.,27.49921565640659,18
AZT,108.0,.KV...TSKS.LD,.K.KS.T.K.M..,110.12557671911038,40
AZT,108.0,.KV...TSKS.LD,.K.KS.TS.....,82.27961328979374,16
AZT,108.0,.KV...TSKS.LD,.K.KS.TS.C.Q.,63.66704025414844,18
AZT,108.0,.KV...TSKS.LD,.K.KST....M..,179.44427006340436,76
AZT,108.0,.KV...TSKS.LD,.K.KST..KC.LD,198.45435111755887,33
AZT,108.0,.KV...TSKS.LD,.K.KSTTSKC.LD,98.79313402737259,33
AZT,108.0,.KV...TSKS.LD,.KL......C.L.,80.88471354142112,18
AZT,108.0,.KV...TSKS.LD,.KL.....K....,189.8175269388008,54
AZT,108.0,.KV...TSKS.LD,.KL....S...L.,52.490363329223115,17
AZT,108.0,.KV...TSKS.LD,.KL...TSKCMQD,43.17549688956786,18
AZT,108.0,.KV...TSKS.LD,.KL..T....MQ.,87.92488837414611,31
AZT,108.0,.KV...TSKS.LD,.KL..T.S.CM.D,48.356005940567854,18
AZT,108.0,.KV...TSKS.LD,.KL..T.SK.M.D,31.56605787700692,17
AZT,108.0,.KV...TSKS.LD,.KL.H.....MQ.,38.3210084280799,18
AZT,108.0,.KV...TSKS.LD,.KL.H..S.SMQD,36.06699310283728,18
AZT,108.0,.KV...TSKS.LD,.KL.H.T..S...,52.606513056992476,18
AZT,108.0,.KV...TSKS.LD,.KL.H.TSK.ML.,47.26890939378436,18
AZT,108.0,.KV...TSKS.LD,.KL.HT.SK..L.,33.292192473449084,18
AZT,108.0,.KV...TSKS.LD,.KL.HTT.K.MQ.,86.04116670890052,16
AZT,108.0,.KV...TSKS.LD,.KL.N.T..CMQ.,82.55612647949788,18
AZT,108.0,.KV...TSKS.LD,.KL.NTTSK..LD,44.99361658736465,18
AZT,108.0,.KV...TSKS.LD,.KL.NTTSKCML.,76.28083897728024,18
AZT,108.0,.KV...TSKS.LD,.KL.NTTSKS.QD,47.3980545692938,18
AZT,108.0,.KV...TSKS.LD,.KL.S...K.MQ.,34.466779691837196,17
AZT,108.0,.KV...TSKS.LD,.KL.S..S..MQD,87.31511517791421,18
AZT,108.0,.KV...TSKS.LD,.KL.S.T.KS...,75.01467312176008,16
AZT,108.0,.KV...TSKS.LD,.KL.S.T.KS.L.,47.78550683420574,15
AZT,108.0,.KV...TSKS.LD,.KL.S.TSKCML.,79.03310135890035,18
AZT,108.0,.KV...TSKS.LD,.KL.ST..K.MQD,33.526424361704485,14
AZT,108.0,.KV...TSKS.LD,.KL.ST.S..M..,49.20552037331782,17
AZT,108.0,.KV...TSKS.LD,.KL.ST.S.C.QD,45.20613704401744,18
AZT,108.0,.KV...TSKS.LD,.KLK...SKSMQ.,41.70241766486997,16
AZT,108.0,.KV...TSKS.LD,.KLK..TSKS...,41.10792731760639,18
AZT,108.0,.KV...TSKS.LD,.KLK.T...S.LD,66.90329510379719,18
AZT,108.0,.KV...TSKS.LD,.KLK.T..K....,584.5194203748202,91
AZT,108.0,.KV...TSKS.LD,.KLK.T.S..MQ.,129.47879223740907,33
AZT,108.0,.KV...TSKS.LD,.KLK.TT.KSM.D,35.746139060143854,18
AZT,108.0,.KV...TSKS.LD,.KLK.TTSKC.QD,31.852211698969143,18
AZT,108.0,.KV...TSKS.LD,.KLKH.T.K..QD,38.53564219218276,18
AZT,108.0,.KV...TSKS.LD,.KLKH.T.KS.LD,37.070473189705986,18
AZT,108.0,.KV...TSKS.LD,.KLKH.TS.SM..,33.12482629449538,18
AZT,108.0,.KV...TSKS.LD,.KLKH.TSKCMQ.,41.04964403727517,18
AZT,108.0,.KV...TSKS.LD,.KLKHT..KC.Q.,35.80263393833921,16
AZT,108.0,.KV...TSKS.LD,.KLKHTT..SMQ.,32.5300946109333,18
AZT,108.0,.KV...TSKS.LD,.KLKHTTSK....,39.69141218273965,16
AZT,108.0,.KV...TSKS.LD,.KLKN....S...,106.42938334379129,16
AZT,108.0,.KV...TSKS.LD,.KLKN...KS...,37.27375037765436,16
AZT,108.0,.KV...TSKS.LD,.KLKN.TS.S.QD,85.32195345144699,18
AZT,108.0,.KV...TSKS.LD,.KLKNT.......,153.1896277768968,55
AZT,108.0,.KV...TSKS.LD,.KLKNTT.K....,82.69567308859116,29
AZT,108.0,.KV...TSKS.LD,.KLKNTTSK.MQD,68.19889184275846,18
AZT,108.0,.KV...TSKS.LD,.KLKNTTSKSMQ.,57.59361904675504,17
AZT,108.0,.KV...TSKS.LD,.KLKS..S.SM..,66.0833736080076,17
AZT,108.0,.KV...TSKS.LD,.KLKS.T..C.LD,54.464648494611076,18
AZT,108.0,.KV...TSKS.LD,.KLKS.T.KS..D,45.19046599374431,18
AZT,108.0,.KV...TSKS.LD,.KLKST.SK....,42.23738672735924,15
AZT,108.0,.KV...TSKS.LD,.KV......SM..,43.39781200151149,18
AZT,108.0,.KV...TSKS.LD,.KV...T.KSMLD,107.76957726675987,18
AZT,108.0,.KV...TSKS.LD,.KV...TS.S...,34.41684742827404,18
AZT,108.0,.KV...TSKS.LD,.KV..T...CML.,82.58966558918141,17
AZT,108.0,.KV...TSKS.LD,.KV..T..K.MQ.,71.56448932442574,17
AZT,108.0,.KV...TSKS.LD,.KV..T.SK.M..,40.49309513370234,16
AZT,108.0,.KV...TSKS.LD,.KV.H....SML.,71.88101558700883,17
AZT,108.0,.KV...TSKS.LD,.KV.H..SKS.Q.,35.59515896174931,18
AZT,108.0,.KV...TSKS.LD,.KV.H.T...M..,71.85354466895883,16
AZT,108.0,.KV...TSKS.LD,.KV.HT..K..Q.,67.80789410393477,18
AZT,108.0,.KV...TSKS.LD,.KV.HT.SKCML.,39.40847949084439,18
AZT,108.0,.KV...TSKS.LD,.KV.HTTS..ML.,41.727762727166855,15
AZT,108.0,.KV...TSKS.LD,.KV.HTTS.C...,39.59409134934099,17
AZT,108.0,.KV...TSKS.LD,.KV.N...KSMQD,40.2230684264182,18
AZT,108.0,.KV...TSKS.LD,.KV.NT...S.L.,63.03796787322949,17
AZT,108.0,.KV...TSKS.LD,.KV.NT..K.M..,60.06313366917123,15
AZT,108.0,.KV...TSKS.LD,.KV.S.....M..,84.20925615298337,18
AZT,108.0,.KV...TSKS.LD,.KV.STT..S...,38.64335100812861,18
AZT,108.0,.KV...TSKS.LD,.KV.STTSK..LD,43.90067877197144,18
AZT,108.0,.KV...TSKS.LD,.KVK....KCMQD,85.12902196483512,32
AZT,108.0,.KV...TSKS.LD,.KVK..T..C.L.,43.35919553085598,18
AZT,108.0,.KV...TSKS.LD,.KVK..TSKC.L.,52.44046272008028,18
AZT,108.0,.KV...TSKS.LD,.KVK..TSKCMQD,83.08033833136889,17
AZT,108.0,.KV...TSKS.LD,.KVK.T..K.M..,32.99405217563144,12
AZT,108.0,.KV...TSKS.LD,.KVK.T..KCMQD,97.93697956168182,32
AZT,108.0,.KV...TSKS.LD,.KVKH.T......,48.783361215618335,18
AZT,108.0,.KV...TSKS.LD,.KVKH.TS.C..D,85.50701979572104,18
AZT,108.0,.KV...TSKS.LD,.KVKHT..KSM..,47.546858125514795,17
AZT,108.0,.KV...TSKS.LD,.KVKHTTS.C.LD,150.21772942402612,32
AZT,108.0,.KV...TSKS.LD,.KVKHTTS.SML.,86.60409014888032,17
AZT,108.0,.KV...TSKS.LD,.KVKHTTSKC.QD,69.49475281847377,18
AZT,108.0,.KV...TSKS.LD,.KVKN..S.CM..,41.25330833369615,18
AZT,108.0,.KV...TSKS.LD,.KVKN.T.KC.LD,132.88950954711711,33
AZT,108.0,.KV...TSKS.LD,.KVKNTTSK.MQ.,43.41840919535487,18
AZT,108.0,.KV...TSKS.LD,.KVKS...KS...,82.61630650823433,17
AZT,108.0,.KV...TSKS.LD,.KVKS..SKS..D,68.18145865308053,18
AZT,108.0,.KV...TSKS.LD,.KVKS.T.KSML.,31.423433159260444,17
AZT,108.0,.KV...TSKS.LD,.KVKS.TSK..QD,48.904113310244334,18
AZT,108.0,.KV...TSKS.LD,.KVKS.TSKS.L.,56.122158197460465,18
AZT,108.0,.KV...TSKS.LD,.KVKSTT.KSMQD,36.809528854192685,16
AZT,108.0,.KV...TSKS.LD,P......SK.ML.,36.65436591733196,15
AZT,108.0,.KV...TSKS.LD,P.....T.KC..D,44.516518954271085,18
AZT,108.0,.KV...TSKS.LD,P.....TS.SM..,36.019918119717545,18
AZT,108.0,.KV...TSKS.LD,P.....TSKS.QD,84.16521866073208,18
AZT,108.0,.KV...TSKS.LD,P....TT..SMQ.,42.2798778146219,17
AZT,108.0,.KV...TSKS.LD,P....TTSKC.L.,35.74492447089213,17
AZT,108.0,.KV...TSKS.LD,P...H.....ML.,37.23269703111806,16
AZT,108.0,.KV...TSKS.LD,P...H..S.....,117.69553399671952,18
AZT,108.0,.KV...TSKS.LD,P...H.T.K.MLD,113.16698795063671,16
AZT,108.0,.KV...TSKS.LD,P...H.TSKS.L.,48.19844229277512,18
AZT,108.0,.KV...TSKS.LD,P...HT....ML.,73.11479551579436,16
AZT,108.0,.KV...TSKS.LD,P...HTTSK.M..,38.7076024025022,18
AZT,108.0,.KV...TSKS.LD,P...N.TS..MQD,99.65456350059601,18
AZT,108.0,.KV...TSKS.LD,P...N.TSK.M.D,54.282083146772656,18
AZT,108.0,.KV...TSKS.LD,P...NT...SM..,55.105336665019955,18
AZT,108.0,.KV...TSKS.LD,P...NTT.KS.Q.,78.9448271827503,18
AZT,108.0,.KV...TSKS.LD,P...S..SKCM..,71.16627959572638,34
AZT,108.0,.KV...TSKS.LD,P...S.T.K..QD,42.87340452500422,17
AZT,108.0,.KV...TSKS.LD,P...ST.S...QD,46.24151071071665,18
AZT,108.0,.KV...TSKS.LD,P...ST.S.SMLD,34.996700042821836,18
AZT,108.0,.KV...TSKS.LD,P...STT..CML.,54.81286977558616,18
AZT,108.0,.KV...TSKS.LD,P..K.........,72.7551329183977,17
AZT,108.0,.KV...TSKS.LD,P..K...S.C.LD,56.49057752821889,18
AZT,108.0,.KV...TSKS.LD,P..K..TS.CM..,90.4938843995337,17
AZT,108.0,.KV...TSKS.LD,P..K.T..KC.LD,47.93715440502547,17
AZT,108.0,.KV...TSKS.LD,P..K.T.SKC...,147.60855760093048,33
AZT,108.0,.KV...TSKS.LD,P..KH....SM..,45.92089823286588,18
AZT,108.0,.KV...TSKS.LD,P..KH.T.K..L.,62.28489353314219,17
AZT,108.0,.KV...TSKS.LD,P..KH.T.KSML.,63.1119187279615,18
AZT,108.0,.KV...TSKS.LD,P..KHTT.KCM..,136.19673347309515,18
AZT,108.0,.KV...TSKS.LD,P..KHTTS.SML.,72.37372108801154,18
AZT,108.0,.KV...TSKS.LD,P..KN....S..D,45.35950948382291,18
AZT,108.0,.KV...TSKS.LD,P..KN...K.ML.,40.95391505669418,15
AZT,108.0,.KV...TSKS.LD,P..KN...KSM.D,68.17826855694722,17
AZT,108.0,.KV...TSKS.LD,P..KN..S.C..D,66.23984442882168,18
AZT,108.0,.KV...TSKS.LD,P..KN..SKC.L.,40.438007728892835,18
AZT,108.0,.KV...TSKS.LD,P..KN.T.K.M..,70.81869720886019,15
AZT,108.0,.KV...TSKS.LD,P..KNT..K...D,78.8387912425287,11
AZT,108.0,.KV...TSKS.LD,P..KNT..K..Q.,41.786605027280046,14
AZT,108.0,.KV...TSKS.LD,P..KNTT.KC.QD,51.874613780170755,18
AZT,108.0,.KV...TSKS.LD,P..KS....SM.D,78.95576679393261,18
AZT,108.0,.KV...TSKS.LD,P..KS...K.MQ.,356.49527273925895,90
AZT,108.0,.KV...TSKS.LD,P..KS..S..ML.,43.74122878333681,18
AZT,108.0,.KV...TSKS.LD,P..KST..K...D,118.98868005538876,48
AZT,108.0,.KV...TSKS.LD,P..KSTT.....D,48.305454092765906,18
AZT,108.0,.KV...TSKS.LD,P..KSTTSKC.Q.,64.82249379560761,18
AZT,108.0,.KV...TSKS.LD,P.L.....K.MQ.,60.40774155038832,18
AZT,108.0,.KV...TSKS.LD,P.L....S..MLD,37.209696482237746,18
AZT,108.0,.KV...TSKS.LD,P.L...T.KC.L.,49.305984874428184,18
AZT,108.0,.KV...TSKS.LD,P.L...TS.CMQD,47.49420772747685,18
AZT,108.0,.KV...TSKS.LD,P.L..T..K..QD,33.45990699859385,18
AZT,108.0,.KV...TSKS.LD,P.L..TTSKSMQ.,55.52256854708054,17
AZT,108.0,.KV...TSKS.LD,P.L.H....S...,67.37248726428578,18
AZT,108.0,.KV...TSKS.LD,P.L.H..SKS.QD,68.17622238856309,18
AZT,108.0,.KV...TSKS.LD,P.L.HT.SKCMLD,132.22179736132938,18
AZT,108.0,.KV...TSKS.LD,P.L.NT.S..M..,58.016496820455515,18
AZT,108.0,.KV...TSKS.LD,P.L.NT.S.CMQ.,32.824611746449946,17
AZT,108.0,.KV...TSKS.LD,P.L.NT.SKC.LD,41.04849476325626,18
AZT,108.0,.KV...TSKS.LD,P.L.NTTS...L.,118.42954234030428,18
AZT,108.0,.KV...TSKS.LD,P.L.NTTS.C.QD,132.12349192534705,17
AZT,108.0,.KV...TSKS.LD,P.L.S........,49.2006665127477,18
AZT,108.0,.KV...TSKS.LD,P.L.S.T..SMQ.,39.53585290268734,18
AZT,108.0,.KV...TSKS.LD,P.L.S.T.K...D,43.747323357518596,18
AZT,108.0,.KV...TSKS.LD,P.L.ST..K...D,89.90345903617815,18
AZT,108.0,.KV...TSKS.LD,P.LK...SKC...,69.88417572591779,17
AZT,108.0,.KV...TSKS.LD,P.LK.T.S.C...,81.55831010507139,17
AZT,108.0,.KV...TSKS.LD,P.LK.T.SKS.LD,53.811385753852235,18
AZT,108.0,.KV...TSKS.LD,P.LK.TT.KS.LD,53.4869557453291,17
AZT,108.0,.KV...TSKS.LD,P.LK.TTS.C.LD,95.69248150767015,18
AZT,108.0,.KV...TSKS.LD,P.LK.TTSKCM.D,50.26535373188856,17
AZT,108.0,.KV...TSKS.LD,P.LKHT....MQD,113.98357417211496,18
AZT,108.0,.KV...TSKS.LD,P.LKHT..KS...,151.6128392344021,16
AZT,108.0,.KV...TSKS.LD,P.LKHT.SK....,36.94714894040044,16
AZT,108.0,.KV...TSKS.LD,P.LKHT.SK.MLD,34.63497317860605,18
AZT,108.0,.KV...TSKS.LD,P.LKHT.SKCML.,79.74200181240444,18
AZT,108.0,.KV...TSKS.LD,P.LKN...K....,22252.1257732641,1789
AZT,108.0,.KV...TSKS.LD,P.LKN...K..QD,71.66202917573648,17
AZT,108.0,.KV...TSKS.LD,P.LKN...KCMQD,40.3645981822512,18
AZT,108.0,.KV...TSKS.LD,P.LKN...KS...,38.95713700417848,17
AZT,108.0,.KV...TSKS.LD,P.LKN.TS..M..,40.39882943234994,18
AZT,108.0,.KV...TSKS.LD,P.LKN.TS.C.LD,35.80184128419822,18
AZT,108.0,.KV...TSKS.LD,P.LKNT...CM..,32.948523037865876,18
AZT,108.0,.KV...TSKS.LD,P.LKNT.S...L.,47.218039010442716,18
AZT,108.0,.KV...TSKS.LD,P.LKNT.S.SM..,47.09736812243851,18
AZT,108.0,.KV...TSKS.LD,P.LKNT.SK..Q.,77.29054387330136,17
AZT,108.0,.KV...TSKS.LD,P.LKNTTS.SMQ.,84.50810330540327,17
AZT,108.0,.KV...TSKS.LD,P.LKS......L.,36.95210546384826,15
AZT,108.0,.KV...TSKS.LD,P.LKS..SKSMQ.,61.57345315228029,18
AZT,108.0,.KV...TSKS.LD,P.LKS.TS.C...,72.25198919402611,18
AZT,108.0,.KV...TSKS.LD,P.LKS.TS.CMLD,35.95629474664524,18
AZT,108.0,.KV...TSKS.LD,P.LKST.S.CM.D,99.71993528602327,18
AZT,108.0,.KV...TSKS.LD,P.LKST.SK..Q.,45.1218650907234,17
AZT,108.0,.KV...TSKS.LD,P.V....S..M..,273.10774533117905,18
AZT,108.0,.KV...TSKS.LD,P.V...T..SM.D,90.73959302995962,18
AZT,108.0,.KV...TSKS.LD,P.V..TT.K....,51.1586745073235,17
AZT,108.0,.KV...TSKS.LD,P.V..TT.K..QD,63.116721101928405,17
AZT,108.0,.KV...TSKS.LD,P.V.H...K.M.D,54.0442081949146,17
AZT,108.0,.KV...TSKS.LD,P.V.H.T.KSMQD,36.461359937046645,18
AZT,108.0,.KV...TSKS.LD,P.V.H.TSKC..D,54.71618801204333,18
AZT,108.0,.KV...TSKS.LD,P.V.HT....M..,98.74066479821114,17
AZT,108.0,.KV...TSKS.LD,P.V.HT...S...,81.85978307960167,18
AZT,108.0,.KV...TSKS.LD,P.V.HTT..C.QD,36.38698615634337,17
AZT,108.0,.KV...TSKS.LD,P.V.HTT.K.M.D,42.480063948701606,18
AZT,108.0,.KV...TSKS.LD,P.V.HTTS..M.D,66.2369200305146,17
AZT,108.0,.KV...TSKS.LD,P.V.N.....M..,86.3687096265256,18
AZT,108.0,.KV...TSKS.LD,P.V.N.T..C.LD,42.47487718195228,18
AZT,108.0,.KV...TSKS.LD,P.V.NT.....Q.,43.11717504896516,18
AZT,108.0,.KV...TSKS.LD,P.V.NT..K.M..,110.12417520551045,16
AZT,108.0,.KV...TSKS.LD,P.V.NT..K.M.D,38.640334382261614,16
AZT,108.0,.KV...TSKS.LD,P.V.NT.SKC.Q.,38.350277366827264,18
AZT,108.0,.KV...TSKS.LD,P.V.NTTSK.MQD,77.94679703527383,18
AZT,108.0,.KV...TSKS.LD,P.V.S...KSMLD,68.39036513509045,18
AZT,108.0,.KV...TSKS.LD,P.V.S..S.CML.,70.30673891822565,17
AZT,108.0,.KV...TSKS.LD,P.V.ST.S....D,135.04329803356782,18
AZT,108.0,.KV...TSKS.LD,P.VK.....S.Q.,35.7623419502916,18
AZT,108.0,.KV...TSKS.LD,P.VK...S...LD,75.0816418252335,18
AZT,108.0,.KV...TSKS.LD,P.VK...SKCML.,35.64911586592802,18
AZT,108.0,.KV...TSKS.LD,P.VK.T..K....,208.6114534207318,59
AZT,108.0,.KV...TSKS.LD,P.VK.T..KCMQ.,36.471352195591955,16
AZT,108.0,.KV...TSKS.LD,P.VK.T.S.SMLD,139.05116024833535,18
AZT,108.0,.KV...TSKS.LD,P.VK.TTS.CMLD,34.55841886618216,17
AZT,108.0,.KV...TSKS.LD,P.VK.TTS.S..D,42.764748443578775,18
AZT,108.0,.KV...TSKS.LD,P.VKH....C.LD,102.02702877538624,18
AZT,108.0,.KV...TSKS.LD,P.VKH..S.S.L.,56.89552058586054,18
AZT,108.0,.KV...TSKS.LD,P.VKH.T.KCM..,63.81231477707423,18
AZT,108.0,.KV...TSKS.LD,P.VKH.TS.S.Q.,163.88497072648786,34
AZT,108.0,.KV...TSKS.LD,P.VKHT..K..L.,143.39254790578298,16
AZT,108.0,.KV...TSKS.LD,P.VKHT.SKC.QD,78.25440173255596,18
AZT,108.0,.KV...TSKS.LD,P.VKN..SK.M..,103.42387834846518,16
AZT,108.0,.KV...TSKS.LD,P.VKN..SK.M.D,39.418379582808065,17
AZT,108.0,.KV...TSKS.LD,P.VKNT..K.M..,40.76273644354859,13
AZT,108.0,.KV...TSKS.LD,P.VKNTTSKSM.D,98.35955065505303,18
AZT,108.0,.KV...TSKS.LD,P.VKS...KC...,39.51332806710528,17
AZT,108.0,.KV...TSKS.LD,P.VKS..SK.MQD,60.45286581875102,18
AZT,108.0,.KV...TSKS.LD,P.VKS.TS.S..D,39.129679108119035,18
AZT,108.0,.KV...TSKS.LD,P.VKS.TS.S.L.,65.30302585818053,18
AZT,108.0,.KV...TSKS.LD,P.VKST.S.C.LD,47.63350204737814,18
AZT,108.0,.KV...TSKS.LD,P.VKST.SKCMLD,38.30593192623012,18
AZT,108.0,.KV...TSKS.LD,P.VKSTT...MQ.,78.82573398419194,16
AZT,108.0,.KV...TSKS.LD,PK........M.D,52.105995263772535,18
AZT,108.0,.KV...TSKS.LD,PK.......CML.,38.6610608951136,18
AZT,108.0,.KV...TSKS.LD,PK....TS.SMQD,35.52967282496428,17
AZT,108.0,.KV...TSKS.LD,PK..H....CM..,40.68491064829422,18
AZT,108.0,.KV...TSKS.LD,PK..H...K....,87.48853603338787,13
AZT,108.0,.KV...TSKS.LD,PK..H...K.M..,352.0235236404792,77
AZT,108.0,.KV...TSKS.LD,PK..H.T.K.MLD,64.18248134108781,17
AZT,108.0,.KV...TSKS.LD,PK..H.TSKC.L.,35.79346192149215,18
AZT,108.0,.KV...TSKS.LD,PK..HT..KC.L.,62.90695819210235,18
AZT,108.0,.KV...TSKS.LD,PK..HTT.K...D,42.78300444222101,14
AZT,108.0,.KV...TSKS.LD,PK..HTT.KSMQ.,39.968774655155954,18
AZT,108.0,.KV...TSKS.LD,PK..N..SK....,168.5195942186847,46
AZT,108.0,.KV...TSKS.LD,PK..N..SKC.Q.,80.690509794757,18
AZT,108.0,.KV...TSKS.LD,PK..N..SKS..D,96.330365964025,33
AZT,108.0,.KV...TSKS.LD,PK..N.T.K..LD,41.92950904180637,17
AZT,108.0,.KV...TSKS.LD,PK..NT.S.C.Q.,36.45043428832635,18
AZT,108.0,.KV...TSKS.LD,PK..NTTS..MQD,36.92882249331337,16
AZT,108.0,.KV...TSKS.LD,PK..S..SK.M..,56.363637640623814,16
AZT,108.0,.KV...TSKS.LD,PK..S.TS.SML.,26.213500611312877,18
AZT,108.0,.KV...TSKS.LD,PK..ST..KSMLD,74.59981369803566,16
AZT,108.0,.KV...TSKS.LD,PK..ST.SK....,33.98973549748421,17
AZT,108.0,.KV...TSKS.LD,PK..STT.KS.L.,37.962285521078016,16
AZT,108.0,.KV...TSKS.LD,PK..STTSK.ML.,40.01592217048352,16
AZT,108.0,.KV...TSKS.LD,PK..STTSKSM..,33.157650528864416,16
AZT,108.0,.KV...TSKS.LD,PK.K.....C.LD,37.00681598981067,18
AZT,108.0,.KV...TSKS.LD,PK.K...SKSMLD,78.91464674664809,18
AZT,108.0,.KV...TSKS.LD,PK.K.T.....L.,99.18450491595675,17
AZT,108.0,.KV...TSKS.LD,PK.K.T.S.SM..,50.20167404669919,18
AZT,108.0,.KV...TSKS.LD,PK.K.TT..C...,39.638050659169956,18
AZT,108.0,.KV...TSKS.LD,PK.KH....C.QD,77.90046677097503,34
AZT,108.0,.KV...TSKS.LD,PK.KH...KCMQ.,35.66634052618352,18
AZT,108.0,.KV...TSKS.LD,PK.KH..SK.MQD,67.60519833251728,18
AZT,108.0,.KV...TSKS.LD,PK.KHT.SK.M.D,39.197773926464066,18
AZT,108.0,.KV...TSKS.LD,PK.KHT.SKC.L.,40.996142483437986,18
AZT,108.0,.KV...TSKS.LD,PK.KN...K..L.,56.21431457683402,15
AZT,108.0,.KV...TSKS.LD,PK.KN...K..QD,44.160720996737325,14
AZT,108.0,.KV...TSKS.LD,PK.KN...K.ML.,23.479298000692538,14
AZT,108.0,.KV...TSKS.LD,PK.KN...K.MQ.,84.50029332009925,13
AZT,108.0,.KV...TSKS.LD,PK.KN..SKC.QD,62.85963678347421,18
AZT,108.0,.KV...TSKS.LD,PK.KN.T..C..D,64.2078523457676,18
AZT,108.0,.KV...TSKS.LD,PK.KN.TS..M.D,40.381144892472875,16
AZT,108.0,.KV...TSKS.LD,PK.KN.TS..MQD,95.54153838566282,17
AZT,108.0,.KV...TSKS.LD,PK.KN.TS.S.L.,36.32441303301377,18
AZT,108.0,.KV...TSKS.LD,PK.KNT..K..Q.,73.91895675364897,13
AZT,108.0,.KV...TSKS.LD,PK.KNTT.K..L.,116.79649911776717,16
AZT,108.0,.KV...TSKS.LD,PK.KNTT.KSM..,67.76554289032477,18
AZT,108.0,.KV...TSKS.LD,PK.KNTTS.CMQD,47.46895238761683,18
AZT,108.0,.KV...TSKS.LD,PK.KNTTSKS.Q.,44.95098980502627,18
AZT,108.0,.KV...TSKS.LD,PK.KS...K..Q.,27.951080825414735,14
AZT,108.0,.KV...TSKS.LD,PK.KS..SK....,81.79468822411494,27
AZT,108.0,.KV...TSKS.LD,PK.KS..SKS.L.,110.17299989193901,18
AZT,108.0,.KV...TSKS.LD,PK.KS.TSKS...,70.69310697498047,18
AZT,108.0,.KV...TSKS.LD,PK.KS.TSKS.LD,46.78850525236997,18
AZT,108.0,.KV...TSKS.LD,PK.KS.TSKSML.,45.65312601472584,17
AZT,108.0,.KV...TSKS.LD,PK.KST..K.M..,330.560860539616,58
AZT,108.0,.KV...TSKS.LD,PK.KST..KSMQ.,86.95769580901852,33
AZT,108.0,.KV...TSKS.LD,PK.KST.S...QD,133.92696132834877,18
AZT,108.0,.KV...TSKS.LD,PKL...TSKS..D,137.1073831515518,18
AZT,108.0,.KV...TSKS.LD,PKL..T.S..M.D,56.93550457691684,17
AZT,108.0,.KV...TSKS.LD,PKL..T.SKSM..,107.90403201171684,16
AZT,108.0,.KV...TSKS.LD,PKL..TT..SMQ.,91.9122192921989,17
AZT,108.0,.KV...TSKS.LD,PKL..TTSK....,78.94474933033368,18
AZT,108.0,.KV...TSKS.LD,PKL.H..S.CML.,50.576341879585726,18
AZT,108.0,.KV...TSKS.LD,PKL.H.T...MLD,68.33010417636197,17
AZT,108.0,.KV...TSKS.LD,PKL.N.....M..,38.82866300214874,18
AZT,108.0,.KV...TSKS.LD,PKL.N..SK.MLD,57.29604644544294,17
AZT,108.0,.KV...TSKS.LD,PKL.NTT..SM.D,80.08458952706657,18
AZT,108.0,.KV...TSKS.LD,PKL.NTT.K..L.,32.83827958103457,17
AZT,108.0,.KV...TSKS.LD,PKL.NTT.K..QD,44.545906949528316,18
AZT,108.0,.KV...TSKS.LD,PKL.S..SK.MQ.,83.95787877220934,18
AZT,108.0,.KV...TSKS.LD,PKL.ST...S..D,59.27695298617453,18
AZT,108.0,.KV...TSKS.LD,PKL.ST..KC.L.,95.02189403571887,18
AZT,108.0,.KV...TSKS.LD,PKL.ST.SK..LD,86.82142719075686,33
AZT,108.0,.KV...TSKS.LD,PKL.STT.KCM..,47.62785816229237,18
AZT,108.0,.KV...TSKS.LD,PKLK.....CMQ.,32.67921405869224,18
AZT,108.0,.KV...TSKS.LD,PKLK....K.M..,39.442517529508606,15
AZT,108.0,.KV...TSKS.LD,PKLK...S...L.,89.9711390537539,18
AZT,108.0,.KV...TSKS.LD,PKLK...SKS.Q.,46.909894472865524,16
AZT,108.0,.KV...TSKS.LD,PKLK.T..KC.QD,37.74520040260266,18
AZT,108.0,.KV...TSKS.LD,PKLKH...KC.Q.,51.21481365058436,18
AZT,108.0,.KV...TSKS.LD,PKLKN.TS.CMQD,71.60595763084501,18
AZT,108.0,.KV...TSKS.LD,PKLKNT..KCMLD,30.713308256964392,16
AZT,108.0,.KV...TSKS.LD,PKLKNTT..S...,46.20070085579965,18
AZT,108.0,.KV...TSKS.LD,PKLKNTTSK.MQ.,71.07300567659118,17
AZT,108.0,.KV...TSKS.LD,PKLKNTTSKCM..,75.91622299855007,18
AZT,108.0,.KV...TSKS.LD,PKLKS...K.ML.,48.36086925213564,17
AZT,108.0,.KV...TSKS.LD,PKLKS...KS...,84.24404452468416,32
AZT,108.0,.KV...TSKS.LD,PKLKS..SKCMLD,82.39453476683042,18
AZT,108.0,.KV...TSKS.LD,PKLKS.T.K.MLD,51.1951828617503,18
AZT,108.0,.KV...TSKS.LD,PKLKST..KCMLD,71.03826092858833,16
AZT,108.0,.KV...TSKS.LD,PKV........LD,91.80268771681143,18
AZT,108.0,.KV...TSKS.LD,PKV....SKCMQ.,90.27035670107915,18
AZT,108.0,.KV...TSKS.LD,PKV...TS.CM..,36.78098911071908,17
AZT,108.0,.KV...TSKS.LD,PKV..T...S.Q.,244.48869931131176,18
AZT,108.0,.KV...TSKS.LD,PKV..T..K...D,111.23951821538424,17
AZT,108.0,.KV...TSKS.LD,PKV..T.S.CML.,37.34007977464263,18
AZT,108.0,.KV...TSKS.LD,PKV..TT.K..QD,40.26001391913703,17
AZT,108.0,.KV...TSKS.LD,PKV..TTSKC.L.,98.6923784108471,18
AZT,108.0,.KV...TSKS.LD,PKV.HT.SK.ML.,62.86177261199535,18
AZT,108.0,.KV...TSKS.LD,PKV.N..S.SML.,53.85617053942182,18
AZT,108.0,.KV...TSKS.LD,PKV.N.TSKC.LD,32.70723620664133,18
AZT,108.0,.KV...TSKS.LD,PKV.NT..K....,775.9710997476233,223
AZT,108.0,.KV...TSKS.LD,PKV.NT.SK.MQD,299.5590370611787,34
AZT,108.0,.KV...TSKS.LD,PKV.NTTS...LD,74.84781712819965,17
AZT,108.0,.KV...TSKS.LD,PKV.S....CMQD,48.71831625173046,18
AZT,108.0,.KV...TSKS.LD,PKV.S...K.MQ.,53.783370203377345,18
AZT,108.0,.KV...TSKS.LD,PKV.S..SK.ML.,40.322237131486155,18
AZT,108.0,.KV...TSKS.LD,PKV.S.T...MQD,73.46153491279168,18
AZT,108.0,.KV...TSKS.LD,PKV.S.TS..M.D,40.087750073894874,18
AZT,108.0,.KV...TSKS.LD,PKV.S.TS.C.QD,89.64118335564018,18
AZT,108.0,.KV...TSKS.LD,PKV.S.TS.CML.,156.39936816347932,18
AZT,108.0,.KV...TSKS.LD,PKV.ST...SM.D,78.5379771564588,18
AZT,108.0,.KV...TSKS.LD,PKV.STTSK....,34.782412257490854,18
AZT,108.0,.KV...TSKS.LD,PKV.STTSKC..D,60.63805119378083,17
AZT,108.0,.KV...TSKS.LD,PKV.STTSKSMLD,57.2320968447894,18
AZT,108.0,.KV...TSKS.LD,PKVK....K.MQD,44.35956115447248,17
AZT,108.0,.KV...TSKS.LD,PKVK...SK.ML.,92.47581696778163,17
AZT,108.0,.KV...TSKS.LD,PKVK...SK.MQ.,41.43861666330563,17
AZT,108.0,.KV...TSKS.LD,PKVK.TT..CM.D,89.05175123824917,17
AZT,108.0,.KV...TSKS.LD,PKVK.TT.KSML.,91.44145025166807,16
AZT,108.0,.KV...TSKS.LD,PKVK.TTSK..L.,87.1487090701739,18
AZT,108.0,.KV...TSKS.LD,PKVKH..SKC.QD,107.19483069199751,18
AZT,108.0,.KV...TSKS.LD,PKVKHT....MLD,61.48564628841364,15
AZT,108.0,.KV...TSKS.LD,PKVKHT.SK....,48.56600680780501,16
AZT,108.0,.KV...TSKS.LD,PKVKHTT.K..Q.,48.421254365506016,17
AZT,108.0,.KV...TSKS.LD,PKVKHTTS.....,51.55186232600615,17
AZT,108.0,.KV...TSKS.LD,PKVKN....CMLD,68.10841958249904,18
AZT,108.0,.KV...TSKS.LD,PKVKN...K.M.D,51.44319300568524,14
AZT,108.0,.KV...TSKS.LD,PKVKN...KC.Q.,37.21872273067362,18
AZT,108.0,.KV...TSKS.LD,PKVKN..S...QD,84.49057032474171,18
AZT,108.0,.KV...TSKS.LD,PKVKNT.S..M.D,58.42452488185398,16
AZT,108.0,.KV...TSKS.LD,PKVKNTTSKCMQD,130.76637917869982,18
AZT,108.0,.KV...TSKS.LD,PKVKS...K.MLD,38.09631689291543,18
AZT,108.0,.KV...TSKS.LD,PKVKS..S.S...,46.056935033614785,18
AZT,108.0,.KV...TSKS.LD,PKVKS.T.KS.LD,115.49076055647737,17
AZT,108.0,.KV...TSKS.LD,PKVKS.T.KS.Q.,54.189260865591116,18
AZT,108.0,.KV...TSKS.LD,PKVKST...C.L.,131.29386147183885,18
AZT,108.0,.KV...TSKS.LD,PKVKST..K.MQ.,109.90538713757013,34
AZT,108.0,.KV...TSKS.LD,PKVKSTTS.CMQ.,57.617897516986474,18
AZT,108.0,.KV..T.SK.M..,.K.K.T..K.M..,2.6427980273972844,1
AZT,108.0,.KV.NT..K.M..,P.LKN...K....,8.460429364046375,2
AZT,108.0,.KVK....KCMQD,.KVK.T..KCMQD,1.7271426904399183,1
AZT,108.0,.KVK.T..K.M..,.K.K.T..K.M..,3.06723897336825,1
AZT,108.0,.KVK.T..K.M..,P.LKN...K....,18.1466589019319,4
AZT,108.0,.KVKH..S..MLD,.KV...TSKS.LD,28.35822340670413,18
AZT,108.0,.KVKHT..KSM..,P.LKN...K....,3.819630153925203,1
AZT,108.0,.KVKS...KS...,P.LKN...K....,2.8594551073891967,1
AZT,108.0,P......SK.ML.,.K.K.T..K.M..,3.982188907537633,1
AZT,108.0,P...H.....ML.,P...HT....ML.,1.8978521576469798,1
AZT,108.0,P..K.........,P.LKN...K....,1.8618649623262475,1
AZT,108.0,P..K.T.SKC...,P.LKN...K....,2.415745696089861,1
AZT,108.0,P..KN...K.ML.,P.LKN...K....,9.596523022277086,2
AZT,108.0,P..KN...KSM.D,P.LKN...K....,4.700913137388542,1
AZT,108.0,P..KN.T.K.M..,P.LKN...K....,4.603108130279659,1
AZT,108.0,P..KNT..K...D,P.LKN...K....,8.692923531751973,3
AZT,108.0,P..KNT..K..Q.,P.LKN...K....,16.750284734282566,3
AZT,108.0,P..KNT..K..Q.,PK.KNT..K..Q.,1.8746201167352934,1
AZT,108.0,P..KS...K.MQ.,...KS...K.MQ.,3.5854299971620303,2
AZT,108.0,P..KS...K.MQ.,.K.KS...K..Q.,3.3395501118485935,2
AZT,108.0,P..KS...K.MQ.,P.LKN...K....,45.83061241411804,10
AZT,108.0,P..KST..K...D,...KHT..K.M.D,1.7620200392761196,1
AZT,108.0,P..KST..K...D,P..KNT..K...D,9.539807520513003,3
AZT,108.0,P..KST..K...D,P.LKN...K....,59.11917895875745,9
AZT,108.0,P..KST..K...D,PK.KST..K.M..,2.521596599049431,1
AZT,108.0,P.L..T...CM..,.K.K.TT....QD,1.9664337674617274,1
AZT,108.0,P.L..T...CM..,.KV...TSKS.LD,28.253631713009085,17
AZT,108.0,P.LKHT.SK....,.KLK.T..K....,2.3670498432903875,1
AZT,108.0,P.LKHT.SK....,P.LKN...K....,4.702296273147229,1
AZT,108.0,P.LKN...K..QD,...KNT..K.MQD,1.5182086464258298,1
AZT,108.0,P.LKN...KS...,P.LKN...K....,12.233061068631821,1
AZT,108.0,P.LKST.SK..Q.,P.LKNT.SK..Q.,1.7790625745395314,1
AZT,108.0,P.V.NT..K.M.D,P.V.NT..K.M..,2.840795063909641,1
AZT,108.0,P.VK...SKC...,.KV...TSKS.LD,31.5870768064179,17
AZT,108.0,P.VK...SKC...,P.LK...SKC...,7.89651080405753,1
AZT,108.0,P.VK.T..K....,..VKS...K....,1.8439353714521216,1
AZT,108.0,P.VK.T..K....,.KLK.T..K....,2.131325604691122,1
AZT,108.0,P.VK.T..K....,P.LKN...K....,14.086583510687671,5
AZT,108.0,P.VK.T.S.S.Q.,.KV...TSKS.LD,45.694060301958885,18
AZT,108.0,P.VKHTTSKSML.,.KV...TSKS.LD,32.40829748985993,18
AZT,108.0,P.VKN..SK.M..,P.LKN...K....,2.6977760724681623,1
AZT,108.0,P.VKN..SK.M.D,P.VKN..SK.M..,2.5463555852779605,1
AZT,108.0,P.VKNT..K.M..,P.LKN...K....,16.580966584532653,4
AZT,108.0,P.VKNT..K.M..,P.V.NT..K.M..,1.9278089478013893,1
AZT,108.0,P.VKS...KC...,..VKS...K....,3.0486922830981773,1
AZT,108.0,PK...T..KSMLD,.K.K.TT....QD,4.7590789248895025,2
AZT,108.0,PK...T..KSMLD,.KV...TSKS.LD,30.58359466975845,15
AZT,108.0,PK...T..KSMLD,PK..ST..KSMLD,9.11886217839881,1
AZT,108.0,PK..H...K....,P.LKN...K....,6.305923001105946,3
AZT,108.0,PK..H...K.M..,.K.K.T..K.M..,2.109948731266143,1
AZT,108.0,PK..H...K.M..,P.LKN...K....,50.063319252963424,16
AZT,108.0,PK..H...K.M..,PK..H...K....,3.4218409332801203,2
AZT,108.0,PK..H.T.K.MLD,P...H.T.K.MLD,1.8250222623345056,1
AZT,108.0,PK..N..SK....,.K.K.T..K.M..,2.99112112994038,1
AZT,108.0,PK..N..SK....,P.LKN...K....,10.349437659413955,3
AZT,108.0,PK..S..SK.M..,.K.K.T..K.M..,2.9733196975762843,1
AZT,108.0,PK..S..SK.M..,P.LKN...K....,3.2140737206832215,1
AZT,108.0,PK..ST.SK....,PK.KST..K.M..,2.53477233771978,1
AZT,108.0,PK..STT.K.ML.,.K.K.TT....QD,7.369298582390365,2
AZT,108.0,PK..STT.K.ML.,.KV...TSKS.LD,46.439664949367454,15
AZT,108.0,PK..STT.K.ML.,PK..STTSK.ML.,7.710592314266732,1
AZT,108.0,PK.KN...K..L.,P.LKN...K....,6.843925130693059,2
AZT,108.0,PK.KN...K..QD,...KNT..K.MQD,2.0976996428430943,1
AZT,108.0,PK.KN...K..QD,.K.KN...K..QD,3.208348094235004,1
AZT,108.0,PK.KN...K..QD,P.LKN...K....,9.205582823152893,2
AZT,108.0,PK.KN...K.ML.,P..KN...K.ML.,1.5938689199106038,1
AZT,108.0,PK.KN...K.ML.,P.LKN...K....,8.641701777183894,1
AZT,108.0,PK.KN...K.ML.,PK.KN...K..L.,2.044988615607484,1
AZT,108.0,PK.KN...K.ML.,PK.KN...K.MQ.,2.8976581864342186,1
AZT,108.0,PK.KN...K.MQ.,P.LKN...K....,9.072330023724676,4
AZT,108.0,PK.KN.TS..M.D,PK.KN.TS..MQD,2.2236662355136003,1
AZT,108.0,PK.KNT..K..Q.,P.LKN...K....,7.459926057155922,3
AZT,108.0,PK.KS...K..Q.,.K.KS...K..Q.,2.920427155144995,1
AZT,108.0,PK.KS...K..Q.,P..KS...K.MQ.,2.949268759688104,1
AZT,108.0,PK.KS...K..Q.,P.LKN...K....,13.858052271094534,2
AZT,108.0,PK.KS..SK....,P.LKN...K....,20.448805747682872,5
AZT,108.0,PK.KS..SK....,PK.KST..K.M..,1.6581121310199376,1
AZT,108.0,PK.KST..K.M..,P.LKN...K....,50.32359250205986,19
AZT,108.0,PKL..T....MQD,.K.K.TT....QD,2.421938560475017,1
AZT,108.0,PKL..T....MQD,.KV...TSKS.LD,42.27984499901122,17
AZT,108.0,PKL.STT.K..Q.,.KV...TSKS.LD,26.519628220429258,18
AZT,108.0,PKLK....K.M..,P.LKN...K....,8.419728929296468,2
AZT,108.0,PKLK.TT..SML.,.K.K.TT....QD,2.81588967016999,1
AZT,108.0,PKLK.TT..SML.,.KV...TSKS.LD,38.96230197452496,16
AZT,108.0,PKLKNT..KCMLD,PKLKST..KCMLD,2.381429343373938,1
AZT,108.0,PKLKS...K.ML.,P.LKN...K....,2.9494637831664385,1
AZT,108.0,PKLKS...KS...,P.LKN...K....,13.433250120719489,2
AZT,108.0,PKV..TT.K..QD,P.V..TT.K..QD,1.6224643787602593,1
AZT,108.0,PKV.NT..K....,P..KNT..K...D,2.0611315062626994,1
AZT,108.0,PKV.NT..K....,P.LKN...K....,100.66980424880093,26
AZT,108.0,PKV.NT..K....,PK.KNT..K..Q.,1.7413992246868537,1
AZT,108.0,PKV.NT..K....,PKVKN...K.M.D,1.9709243078346705,1
AZT,108.0,PKVK...SK.MQ.,PKVK...SK.ML.,2.265660684121666,1
AZT,108.0,PKVKHT.SK....,P.LKN...K....,5.868856821650223,2
AZT,108.0,PKVKN...K.M.D,P.LKN...K....,6.993490485521773,2
AZT,108.0,PKVKN.TS.C.QD,.KV...TSKS.LD,32.65728281416885,18
AZT,324.0,....HTT..S.L.,..VKNTTSKSM..,21.136338712512323,18
AZT,324.0,....HTTSKC.LD,..VKNTTSKSM..,21.91816827262435,18
AZT,324.0,....N.T..SMQD,..VKNTTSKSM..,21.65672711651429,18
AZT,324.0,...K.T...SMQ.,...KST...SMQ.,2.863279138893809,1
AZT,324.0,...KNT..K.M.D,.K.KN...K.M.D,5.687582744628177,3
AZT,324.0,...KNT..K.M.D,.K.KNT..K.M..,42.74693661882874,9
AZT,324.0,...KST..KS...,.K.KNT..K.M..,2.210574313151731,1
AZT,324.0,..L..TT..CML.,..VKNTTSKSM..,20.722787845013215,18
AZT,324.0,..L.NT..K.M..,..LKNT..K.M..,5.569753354621449,1
AZT,324.0,..L.S.T.....D,....S.T.....D,3.7043478732682438,1
AZT,324.0,..L.S.T.....D,..VKNTTSKSM..,9.77921528690371,17
AZT,324.0,..L.ST.S....D,..VKNTTSKSM..,21.994363835507414,18
AZT,324.0,..LKN...K....,..LKNT..K.M..,1.972221590816136,1
AZT,324.0,..LKN...K....,.K.KNT..K.M..,7.702871403356472,3
AZT,324.0,..LKNT..K.M..,.K.KNT..K.M..,7.2808794347346755,3
AZT,324.0,..LKNT.SK.M..,..LKNT..K.M..,1.5409305045437867,1
AZT,324.0,..LKS...K....,..L.S...K....,2.4520513252554825,1
AZT,324.0,..LKS...K....,..LKN...K....,2.6209873166414233,1
AZT,324.0,..LKS...K....,..LKNT..K.M..,5.209743992274988,1
AZT,324.0,..LKS...K....,.K.KNT..K.M..,15.5345557710077,4
AZT,324.0,..LKS...K....,.KLKS...K....,2.457404370669918,1
AZT,324.0,..LKS...K....,.KLKST..K....,3.918788792075375,1
AZT,324.0,..LKS...K....,P..KST..K....,1.7351574857926184,1
AZT,324.0,..LKS...K....,P.LKNT..K....,3.002057431833822,1
AZT,324.0,..V..TT..CMQ.,..VKNTTSKSM..,20.61040717965585,18
AZT,324.0,..V.NT.SKCM.D,..VKNTTSKSM..,20.359043794507926,18
AZT,324.0,..V.STT...M..,..VKNTTSKSM..,20.62507585066895,18
AZT,324.0,..VKNT...C..D,..VKNTTSKSM..,17.836932258002623,18
AZT,324.0,..VKNTTSKSM..,........K.MLD,22.673657275630827,18
AZT,324.0,..VKNTTSKSM..,.....T.SKC...,54.83715853870336,18
AZT,324.0,..VKNTTSKSM..,.....TT.KC.L.,28.06810123654592,16
AZT,324.0,..VKNTTSKSM..,....H...KC.L.,74.94801534502514,15
AZT,324.0,..VKNTTSKSM..,....HT..K.M..,48.47818458595257,16
AZT,324.0,..VKNTTSKSM..,....HTTSKCM..,108.2228398284977,18
AZT,324.0,..VKNTTSKSM..,....N....CMQ.,41.38348731120249,18
AZT,324.0,..VKNTTSKSM..,....N.TS....D,50.316848856067494,16
AZT,324.0,..VKNTTSKSM..,....S..SK..L.,21.521365966354,18
AZT,324.0,..VKNTTSKSM..,....S.T.....D,60.47241624864012,17
AZT,324.0,..VKNTTSKSM..,...K.T...SMQ.,19.388174052422375,17
AZT,324.0,..VKNTTSKSM..,...K.T.S.S.L.,22.720304340199828,18
AZT,324.0,..VKNTTSKSM..,...KH...KSM.D,20.418259806729438,18
AZT,324.0,..VKNTTSKSM..,...KH..SKCM..,36.62648754677865,18
AZT,324.0,..VKNTTSKSM..,...KNT...CM..,60.76748711791794,17
AZT,324.0,..VKNTTSKSM..,...KNT..K.M.D,833.6315685381926,113
AZT,324.0,..VKNTTSKSM..,...KNTT.KSMQD,72.96156163205974,18
AZT,324.0,..VKNTTSKSM..,...KS....SM..,21.890932696490946,18
AZT,324.0,..VKNTTSKSM..,...KST...SMQ.,50.47526343451512,16
AZT,324.0,..VKNTTSKSM..,...KST..KS...,88.4654278730852,17
AZT,324.0,..VKNTTSKSM..,...KST.S....D,21.50311643997135,18
AZT,324.0,..VKNTTSKSM..,..L.....K.M..,169.36765537075752,15
AZT,324.0,..VKNTTSKSM..,..L..T.S.C.Q.,68.41605907486569,15
AZT,324.0,..VKNTTSKSM..,..L.H..SKS.Q.,30.263844921083393,17
AZT,324.0,..VKNTTSKSM..,..L.H.TSKC.Q.,39.00962708302907,16
AZT,324.0,..VKNTTSKSM..,..L.N..SK..L.,30.84507085685102,17
AZT,324.0,..VKNTTSKSM..,..L.N.T.K.M.D,20.465991101279702,18
AZT,324.0,..VKNTTSKSM..,..L.NT..K.M..,31.620591668499042,16
AZT,324.0,..VKNTTSKSM..,..L.NTT..S.QD,22.789810111478474,15
AZT,324.0,..VKNTTSKSM..,..L.S...K....,126.16273466155081,17
AZT,324.0,..VKNTTSKSM..,..L.ST..KCM..,22.668494076457765,18
AZT,324.0,..VKNTTSKSM..,..L.STT..SM.D,99.92196938620634,15
AZT,324.0,..VKNTTSKSM..,..LKN...K....,98.25906812610536,13
AZT,324.0,..VKNTTSKSM..,..LKNT..K.M..,314.57586034129616,26
AZT,324.0,..VKNTTSKSM..,..LKNT.SK.M..,122.34275517587476,17
AZT,324.0,..VKNTTSKSM..,..LKNTT.....D,22.120317535455765,17
AZT,324.0,..VKNTTSKSM..,..LKS...K....,142.37747829781227,48
AZT,324.0,..VKNTTSKSM..,..LKS...K.MQD,44.56670778246011,18
AZT,324.0,..VKNTTSKSM..,..LKST.S.C.Q.,48.96324663785392,15
AZT,324.0,..VKNTTSKSM..,..V....S.C.QD,16.803570414101877,13
AZT,324.0,..VKNTTSKSM..,..V.H.T.KCM..,55.50355421464516,17
AZT,324.0,..VKNTTSKSM..,..V.N.T..SM..,26.967138872842,15
AZT,324.0,..VKNTTSKSM..,..V.NT.....Q.,33.65316630956694,17
AZT,324.0,..VKNTTSKSM..,..V.S.T.KC.LD,37.06950992004467,17
AZT,324.0,..VKNTTSKSM..,..V.ST..KCMQD,83.60697059930357,17
AZT,324.0,..VKNTTSKSM..,..VKHT..K.M..,156.04398243328666,18
AZT,324.0,..VKNTTSKSM..,..VKN..S..M..,79.99246595129266,17
AZT,324.0,..VKNTTSKSM..,..VKNT..KS.QD,142.07547147736364,17
AZT,324.0,..VKNTTSKSM..,..VKSTT...MQ.,3.2918097214929087,17
AZT,324.0,..VKNTTSKSM..,.K......KSMLD,25.935616269932783,15
AZT,324.0,..VKNTTSKSM..,.K...T....M.D,180.25377986679908,17
AZT,324.0,..VKNTTSKSM..,.K..HTT..SMQD,23.435254078917104,17
AZT,324.0,..VKNTTSKSM..,.K..N...K.M..,36.18526591348657,15
AZT,324.0,..VKNTTSKSM..,.K..NTTSK..LD,23.550646737211988,18
AZT,324.0,..VKNTTSKSM..,.K..S.TS.SMLD,75.81718186891914,16
AZT,324.0,..VKNTTSKSM..,.K.K..T..SM..,21.16151025801751,18
AZT,324.0,..VKNTTSKSM..,.K.KH...K....,24.670496036491798,14
AZT,324.0,..VKNTTSKSM..,.K.KH.T..SMQ.,20.902968859910068,18
AZT,324.0,..VKNTTSKSM..,.K.KHT..K....,87.17240304699422,11
AZT,324.0,..VKNTTSKSM..,.K.KHT.SK....,36.16795824079213,15
AZT,324.0,..VKNTTSKSM..,.K.KHT.SKSMQ.,60.92301169736709,16
AZT,324.0,..VKNTTSKSM..,.K.KHTTS.CM.D,68.97423914367859,14
AZT,324.0,..VKNTTSKSM..,.K.KN.....M..,41.13622954986631,16
AZT,324.0,..VKNTTSKSM..,.K.KN.....MQD,105.35266133116166,18
AZT,324.0,..VKNTTSKSM..,.K.KN...K.M.D,189.00747457994765,11
AZT,324.0,..VKNTTSKSM..,.K.KN...K.MQ.,53.68503506007461,16
AZT,324.0,..VKNTTSKSM..,.K.KNT..K.M..,5386.969421684993,271
AZT,324.0,..VKNTTSKSM..,.K.KNT.SK....,69.616155318164,16
AZT,324.0,..VKNTTSKSM..,.K.KS...K.M.D,44.99675231698022,15
AZT,324.0,..VKNTTSKSM..,.K.KS.TS.....,76.96239777069509,14
AZT,324.0,..VKNTTSKSM..,.K.KST..KC.LD,74.36525104970713,16
AZT,324.0,..VKNTTSKSM..,.KLKHT.SK.M..,88.39386590329053,17
AZT,324.0,..VKNTTSKSM..,.KLKHT.SKCMQD,20.551195190298884,17
AZT,324.0,..VKNTTSKSM..,.KLKHT.SKS.QD,19.73824900926345,18
AZT,324.0,..VKNTTSKSM..,.KLKN....S...,108.65651214807198,16
AZT,324.0,..VKNTTSKSM..,.KLKS...K....,80.51872192508658,11
AZT,324.0,..VKNTTSKSM..,.KLKS...K.M..,58.004045563747034,16
AZT,324.0,..VKNTTSKSM..,.KLKS..S.SM..,42.72155927753478,30
AZT,324.0,..VKNTTSKSM..,.KLKST..K....,146.16100856579672,13
AZT,324.0,..VKNTTSKSM..,.KV.H.TS.S.LD,20.047403460573143,17
AZT,324.0,..VKNTTSKSM..,.KVK.....C...,21.22016423510578,13
AZT,324.0,..VKNTTSKSM..,.KVK..TSKCMQD,43.00791768218441,15
AZT,324.0,..VKNTTSKSM..,.KVKHT..K....,28.350801432759575,15
AZT,324.0,..VKNTTSKSM..,.KVKNT..KC.LD,0.16947943837406942,18
AZT,324.0,..VKNTTSKSM..,.KVKS...KS...,104.56658456651553,30
AZT,324.0,..VKNTTSKSM..,.KVKS.T..CMLD,20.051064015879067,17
AZT,324.0,..VKNTTSKSM..,.KVKS.TSKS.L.,29.943185398814162,16
AZT,324.0,..VKNTTSKSM..,P...H.T.K.MLD,247.76918255278213,18
AZT,324.0,..VKNTTSKSM..,P...HT.SK.MQD,64.31657988346672,13
AZT,324.0,..VKNTTSKSM..,P...N...K....,225.1681805521493,57
AZT,324.0,..VKNTTSKSM..,P...N..SK....,126.89105883866065,16
AZT,324.0,..VKNTTSKSM..,P...N.TS.S..D,98.83106731689024,14
AZT,324.0,..VKNTTSKSM..,P..K....KCM..,46.90842090848308,15
AZT,324.0,..VKNTTSKSM..,P..K.T.....QD,31.41932601716209,15
AZT,324.0,..VKNTTSKSM..,P..KHT..K.M..,95.85485398046025,16
AZT,324.0,..VKNTTSKSM..,P..KHTT.KCM..,146.22553598900706,15
AZT,324.0,..VKNTTSKSM..,P..KN...KSM.D,29.294952254617556,17
AZT,324.0,..VKNTTSKSM..,P..KNT..K....,143.00026976839473,13
AZT,324.0,..VKNTTSKSM..,P..KNT..K.M..,42.20906700488989,11
AZT,324.0,..VKNTTSKSM..,P..KST..K....,50.52749215005865,14
AZT,324.0,..VKNTTSKSM..,P.L.....K.M..,73.64624070966535,12
AZT,324.0,..VKNTTSKSM..,P.L.H.TS.SMQ.,24.956092364536506,13
AZT,324.0,..VKNTTSKSM..,P.L.HTT.....D,29.701944737425517,14
AZT,324.0,..VKNTTSKSM..,P.L.NTTS...L.,182.3514501035503,16
AZT,324.0,..VKNTTSKSM..,P.L.NTTS.C.QD,90.42930779219375,18
AZT,324.0,..VKNTTSKSM..,P.L.ST....MLD,16.97513625655868,12
AZT,324.0,..VKNTTSKSM..,P.LK....KC.L.,24.132417806260552,13
AZT,324.0,..VKNTTSKSM..,P.LKHT..KS...,126.223304786172,17
AZT,324.0,..VKNTTSKSM..,P.LKN...K..QD,35.692005897494106,17
AZT,324.0,..VKNTTSKSM..,P.LKNT..K....,91.2549102438691,14
AZT,324.0,..VKNTTSKSM..,P.LKS.TS.C...,45.058515955674714,16
AZT,324.0,..VKNTTSKSM..,P.V....S..M..,105.73408542665244,17
AZT,324.0,..VKNTTSKSM..,P.V.HT..K..Q.,22.458446694120138,15
AZT,324.0,..VKNTTSKSM..,P.V.S...K.M..,36.4388953773884,17
AZT,324.0,..VKNTTSKSM..,P.V.ST.S....D,59.999768384497706,16
AZT,324.0,..VKNTTSKSM..,P.VKH..S.C.QD,30.808301274123075,14
AZT,324.0,..VKNTTSKSM..,P.VKH.TS.S.Q.,33.47648974770692,17
AZT,324.0,..VKNTTSKSM..,P.VKHT..K..L.,146.6889728901732,16
AZT,324.0,..VKNTTSKSM..,P.VKN...K....,57.024517552717626,10
AZT,324.0,..VKNTTSKSM..,P.VKN...K.M..,124.29199917324479,13
AZT,324.0,..VKNTTSKSM..,P.VKS...K.M..,58.736311518901296,13
AZT,324.0,..VKNTTSKSM..,P.VKSTT...MQ.,51.60169123889831,12
AZT,324.0,..VKNTTSKSM..,P.VKSTTS.SM.D,30.422302074515226,16
AZT,324.0,..VKNTTSKSM..,PK...TT...MLD,22.850811660057374,12
AZT,324.0,..VKNTTSKSM..,PK..HT.S...QD,30.806044401019278,16
AZT,324.0,..VKNTTSKSM..,PK..N...K....,85.1814130897703,45
AZT,324.0,..VKNTTSKSM..,PK..NTTS..MQD,30.060546120067478,14
AZT,324.0,..VKNTTSKSM..,PK.KH.TS.S..D,17.21767011083413,13
AZT,324.0,..VKNTTSKSM..,PK.KHTTS.SM.D,27.024188983055986,18
AZT,324.0,..VKNTTSKSM..,PK.KN...K...D,64.93560192838771,23
AZT,324.0,..VKNTTSKSM..,PK.KNTT.K..L.,89.15619480172792,13
AZT,324.0,..VKNTTSKSM..,PK.KS...K.M..,177.42582080871287,24
AZT,324.0,..VKNTTSKSM..,PK.KS.TSKS...,40.93719893945416,15
AZT,324.0,..VKNTTSKSM..,PK.KST..K.M..,107.63471297761356,40
AZT,324.0,..VKNTTSKSM..,PK.KST.S...QD,41.81675358597525,17
AZT,324.0,..VKNTTSKSM..,PKL..T.S.SMQD,22.30703460610196,12
AZT,324.0,..VKNTTSKSM..,PKL..TT..SMQ.,106.06809985142328,9
AZT,324.0,..VKNTTSKSM..,PKL.STT.KCM..,24.56915176571688,11
AZT,324.0,..VKNTTSKSM..,PKLKN.TSK.ML.,21.33498138955675,18
AZT,324.0,..VKNTTSKSM..,PKLKS...K....,19.566086292579108,13
AZT,324.0,..VKNTTSKSM..,PKV....SKS.L.,20.85066677157094,16
AZT,324.0,..VKNTTSKSM..,PKV..T...S.Q.,25.158225448753633,13
AZT,324.0,..VKNTTSKSM..,PKV.HT.SK.ML.,152.70095706247645,16
AZT,324.0,..VKNTTSKSM..,PKV.NT.SK.MQD,58.2351675586212,15
AZT,324.0,..VKNTTSKSM..,PKV.ST.....L.,26.737624555017856,14
AZT,324.0,..VKNTTSKSM..,PKV.ST...SM.D,74.27113771477421,12
AZT,324.0,..VKNTTSKSM..,PKV.STTSKSMLD,26.977735854626058,13
AZT,324.0,..VKNTTSKSM..,PKVK.TTS..MLD,23.818954617000355,13
AZT,324.0,..VKNTTSKSM..,PKVKH..SKC.QD,120.48976939442377,15
AZT,324.0,..VKNTTSKSM..,PKVKHT..K....,135.5976964845636,13
AZT,324.0,..VKNTTSKSM..,PKVKHTT.K..LD,29.66142048403717,17
AZT,324.0,..VKNTTSKSM..,PKVKSTT...MQD,29.909084760534114,15
AZT,324.0,..VKSTT...MQ.,P.VKSTT...MQ.,4.431063933456442,1
AZT,324.0,.K..N...K.M..,.K.KNT..K.M..,13.787361961000094,1
AZT,324.0,.K..N...K.M..,P...N...K....,1.6798910696106613,1
AZT,324.0,.K..S..SKSMLD,..VKNTTSKSM..,21.01016131796584,18
AZT,324.0,.K.K....KCMLD,.....TT.KC.L.,4.191093929003631,2
AZT,324.0,.K.K....KCMLD,....H...KC.L.,18.107156193695864,3
AZT,324.0,.K.K....KCMLD,....HT..K.M..,7.281372277123798,2
AZT,324.0,.K.K....KCMLD,....N.TS....D,7.562037645069494,2
AZT,324.0,.K.K....KCMLD,...KNT...CM..,3.9344195648130853,1
AZT,324.0,.K.K....KCMLD,...KNT..K.M.D,64.16843265586148,9
AZT,324.0,.K.K....KCMLD,...KST...SMQ.,3.7654751278944736,1
AZT,324.0,.K.K....KCMLD,..L.....K.M..,22.987407258573626,2
AZT,324.0,.K.K....KCMLD,..L..T.S.C.Q.,14.352680898761871,3
AZT,324.0,.K.K....KCMLD,..L.H..SKS.Q.,2.276101733757632,1
AZT,324.0,.K.K....KCMLD,..L.H.TSKC.Q.,5.7664873469611795,2
AZT,324.0,.K.K....KCMLD,..L.N..SK..L.,2.021080750845355,1
AZT,324.0,.K.K....KCMLD,..L.NT..K.M..,2.3996446789105867,1
AZT,324.0,.K.K....KCMLD,..L.NTT..S.QD,5.237900285500778,3
AZT,324.0,.K.K....KCMLD,..L.STT..SM.D,20.323954283709135,3
AZT,324.0,.K.K....KCMLD,..LKNTT.....D,1.497900372269172,1
AZT,324.0,.K.K....KCMLD,..LKS...K....,16.32604865720922,4
AZT,324.0,.K.K....KCMLD,..LKST.S.C.Q.,10.852805439133355,3
AZT,324.0,.K.K....KCMLD,..V....S.C.QD,8.18377397037607,5
AZT,324.0,.K.K....KCMLD,..V.H.T.KCM..,3.9573521953912727,1
AZT,324.0,.K.K....KCMLD,..V.N.T..SM..,6.38134755965064,3
AZT,324.0,.K.K....KCMLD,..V.NT.....Q.,2.2290175272211177,1
AZT,324.0,.K.K....KCMLD,..V.S.T.KC.LD,2.7051971230081966,1
AZT,324.0,.K.K....KCMLD,..V.ST..KCMQD,5.653920283100366,1
AZT,324.0,.K.K....KCMLD,..VKN..S..M..,5.313226639883972,1
AZT,324.0,.K.K....KCMLD,..VKNT..KS.QD,7.566575354124476,1
AZT,324.0,.K.K....KCMLD,..VKNTTSKSM..,116467.56024197492,117007
AZT,324.0,.K.K....KCMLD,.K......KSMLD,5.57979848217005,3
AZT,324.0,.K.K....KCMLD,.K...T....M.D,12.270575024390492,1
AZT,324.0,.K.K....KCMLD,.K..HTT..SMQD,1.5183312134058486,1
AZT,324.0,.K.K....KCMLD,.K..N...K.M..,2.7310721939368854,1
AZT,324.0,.K.K....KCMLD,.K..S.TS.SMLD,11.263570576190471,2
AZT,324.0,.K.K....KCMLD,.K.KH...K....,1.8758150119236945,1
AZT,324.0,.K.K....KCMLD,.K.KHT..K....,20.49450416936688,2
AZT,324.0,.K.K....KCMLD,.K.KHT.SK....,2.8089234710888293,1
AZT,324.0,.K.K....KCMLD,.K.KHT.SKSMQ.,9.15437809816181,2
AZT,324.0,.K.K....KCMLD,.K.KHTTS.CM.D,23.545556099431813,4
AZT,324.0,.K.K....KCMLD,.K.KN.....M..,3.099070162305772,1
AZT,324.0,.K.K....KCMLD,.K.KN...K.M.D,20.395132811375603,1
AZT,324.0,.K.K....KCMLD,.K.KN...K.MQ.,3.863148857354314,1
AZT,324.0,.K.K....KCMLD,.K.KNT..K.M..,446.46862233701927,19
AZT,324.0,.K.K....KCMLD,.K.KS...K.M.D,3.485963612878979,1
AZT,324.0,.K.K....KCMLD,.K.KS.TS.....,24.848842191711455,4
AZT,324.0,.K.K....KCMLD,.K.KST..KC.LD,10.776630303084277,2
AZT,324.0,.K.K....KCMLD,.KLKHT.SK.M..,6.255199291339364,1
AZT,324.0,.K.K....KCMLD,.KLKHT.SKCMQD,1.493685752197605,1
AZT,324.0,.K.K....KCMLD,.KLKN....S...,13.803888480852383,2
AZT,324.0,.K.K....KCMLD,.KLKS..S.SM..,8.374546280930101,4
AZT,324.0,.K.K....KCMLD,.KLKST..K....,12.748140860615596,1
AZT,324.0,.K.K....KCMLD,.KV.H.TS.S.LD,1.4960066414630795,1
AZT,324.0,.K.K....KCMLD,.KVK.....C...,9.978792713240011,5
AZT,324.0,.K.K....KCMLD,.KVK..TSKCMQD,10.34121444260536,3
AZT,324.0,.K.K....KCMLD,.KVKHT..K....,2.45081515061072,1
AZT,324.0,.K.K....KCMLD,.KVKS...KS...,6.1010783085831495,2
AZT,324.0,.K.K....KCMLD,.KVKS.T..CMLD,1.7661783269145934,1
AZT,324.0,.K.K....KCMLD,.KVKS.TSKS.L.,4.3223603079648925,2
AZT,324.0,.K.K....KCMLD,P...HT.SK.MQD,27.916627076136116,5
AZT,324.0,.K.K....KCMLD,P...N...K....,7.2621385198401125,2
AZT,324.0,.K.K....KCMLD,P...N..SK....,8.056503345093905,1
AZT,324.0,.K.K....KCMLD,P...N.TS.S..D,33.266109536111756,4
AZT,324.0,.K.K....KCMLD,P..K....KCM..,10.563229442842841,3
AZT,324.0,.K.K....KCMLD,P..K.T.....QD,7.018984864766254,3
AZT,324.0,.K.K....KCMLD,P..KHT..K.M..,6.784955246863749,1
AZT,324.0,.K.K....KCMLD,P..KHTT.KCM..,31.128199837419036,3
AZT,324.0,.K.K....KCMLD,P..KNT..K.M..,9.238815143990768,2
AZT,324.0,.K.K....KCMLD,P.L.....K.M..,36.79649397167982,5
AZT,324.0,.K.K....KCMLD,P.L.H.TS.SMQ.,10.289089710249325,5
AZT,324.0,.K.K....KCMLD,P.L.HTT.....D,10.20038538767298,4
AZT,324.0,.K.K....KCMLD,P.L.NTTS...L.,26.995211105313587,2
AZT,324.0,.K.K....KCMLD,P.L.ST....MLD,10.331078802940874,6
AZT,324.0,.K.K....KCMLD,P.LK....KC.L.,10.914580126703386,5
AZT,324.0,.K.K....KCMLD,P.LKHT..KS...,8.345524231140553,1
AZT,324.0,.K.K....KCMLD,P.LKN...K..QD,2.4725726167103246,1
AZT,324.0,.K.K....KCMLD,P.LKS.TS.C...,6.690984619838225,2
AZT,324.0,.K.K....KCMLD,P.V....S..M..,8.103050279688478,1
AZT,324.0,.K.K....KCMLD,P.V.HT..K..Q.,5.194015532377908,3
AZT,324.0,.K.K....KCMLD,P.V.ST.S....D,8.79846830832236,2
AZT,324.0,.K.K....KCMLD,P.VKH..S.C.QD,10.68735966849235,4
AZT,324.0,.K.K....KCMLD,P.VKH.TS.S.Q.,2.1734416449095746,1
AZT,324.0,.K.K....KCMLD,P.VKHT..K..L.,20.721415066683722,2
AZT,324.0,.K.K....KCMLD,P.VKN...K....,40.14812350579348,5
AZT,324.0,.K.K....KCMLD,P.VKN...K.M..,27.330672900783092,2
AZT,324.0,.K.K....KCMLD,P.VKS...K.M..,12.185967617489155,2
AZT,324.0,.K.K....KCMLD,P.VKSTT...MQ.,26.242350940013598,5
AZT,324.0,.K.K....KCMLD,P.VKSTTS.SM.D,4.514250178854757,2
AZT,324.0,.K.K....KCMLD,PK...TT...MLD,13.256092163682522,6
AZT,324.0,.K.K....KCMLD,PK..HT.S...QD,4.935726329768562,2
AZT,324.0,.K.K....KCMLD,PK..N...K....,4.489981871320619,2
AZT,324.0,.K.K....KCMLD,PK..NTTS..MQD,11.34639938589426,4
AZT,324.0,.K.K....KCMLD,PK.KH.TS.S..D,8.293494573911568,5
AZT,324.0,.K.K....KCMLD,PK.KN...K...D,14.233704969076003,5
AZT,324.0,.K.K....KCMLD,PK.KNTT.K..L.,44.690839923554606,5
AZT,324.0,.K.K....KCMLD,PK.KS...K.M..,18.496983950567238,2
AZT,324.0,.K.K....KCMLD,PK.KS.TSKS...,9.427090481931998,3
AZT,324.0,.K.K....KCMLD,PK.KST..K.M..,16.949029489893405,5
AZT,324.0,.K.K....KCMLD,PK.KST.S...QD,2.962950544273972,1
AZT,324.0,.K.K....KCMLD,PKL..T.S.SMQD,13.687225478227203,6
AZT,324.0,.K.K....KCMLD,PKL..TT..SMQ.,121.78943029035801,8
AZT,324.0,.K.K....KCMLD,PKL.STT.KCM..,20.01848985396055,7
AZT,324.0,.K.K....KCMLD,PKLKS...K....,4.645275509832485,2
AZT,324.0,.K.K....KCMLD,PKV....SKS.L.,2.8709046219605705,2
AZT,324.0,.K.K....KCMLD,PKV..T...S.Q.,13.755635481108474,5
AZT,324.0,.K.K....KCMLD,PKV.HT.SK.ML.,25.034607706536633,2
AZT,324.0,.K.K....KCMLD,PKV.NT.SK.MQD,14.113382468274708,3
AZT,324.0,.K.K....KCMLD,PKV.ST.....L.,9.151471116429676,4
AZT,324.0,.K.K....KCMLD,PKV.ST...SM.D,40.53557214353342,6
AZT,324.0,.K.K....KCMLD,PKV.STTSKSMLD,12.120851073025017,5
AZT,324.0,.K.K....KCMLD,PKVK.TTS..MLD,11.705616801989429,5
AZT,324.0,.K.K....KCMLD,PKVKH..SKC.QD,25.432961851933797,3
AZT,324.0,.K.K....KCMLD,PKVKHT..K....,50.441976479394995,4
AZT,324.0,.K.K....KCMLD,PKVKHTT.K..LD,2.1007510155673774,1
AZT,324.0,.K.K....KCMLD,PKVKSTT...MQD,7.317089619801033,3
AZT,324.0,.K.KH...K....,.K.KHT..K....,4.821300814047607,1
AZT,324.0,.K.KH...K....,.K.KNT..K.M..,26.339805074891853,2
AZT,324.0,.K.KHT..K....,.K.KNT..K.M..,6.102411032293519,2
AZT,324.0,.K.KHT.SK....,.K.KHT..K....,3.6018633032290506,1
AZT,324.0,.K.KHT.SK....,.K.KNT.SK....,1.817833546825747,1
AZT,324.0,.K.KN.....M..,.K.KNT..K.M..,12.954668441304038,1
AZT,324.0,.K.KN...K.M.D,.K.KNT..K.M..,1.9685281921004747,1
AZT,324.0,.K.KN...K.MQ.,.K.KNT..K.M..,10.04361137602146,1
AZT,324.0,.K.KNT.SK....,.K.KNT..K.M..,6.970851322831866,1
AZT,324.0,.K.KS...K.M.D,.K.KN...K.M.D,5.688392857424136,1
AZT,324.0,.K.KS...K.M.D,.K.KNT..K.M..,5.865565518738541,1
AZT,324.0,.KL..T.S.S...,..VKNTTSKSM..,22.818415169744643,18
AZT,324.0,.KLKS...K....,.K.KNT..K.M..,4.557750332550013,2
AZT,324.0,.KLKS...K....,.KLKST..K....,1.5822659295135655,1
AZT,324.0,.KLKS...K.M..,.K.KNT..K.M..,4.44865788087174,1
AZT,324.0,.KLKS...K.M..,.KLKS...K....,1.8068486358127156,1
AZT,324.0,.KLKST..K....,.K.KNT..K.M..,4.345098038847597,2
AZT,324.0,.KVKHT..K....,.K.KHT..K....,4.128160530414736,1
AZT,324.0,.KVKHT..K....,PKVKHT..K....,5.065081376800916,1
AZT,324.0,.KVKS...KS...,.K.KNT..K.M..,5.150701403548493,1
AZT,324.0,.KVKS...KS...,.KLKS...K....,2.523535896417459,1
AZT,324.0,P...N...K....,.K.KNT..K.M..,20.84976456540418,3
AZT,324.0,P...N...K....,P...N..SK....,2.133411014356217,1
AZT,324.0,P...S....SM..,..VKNTTSKSM..,21.35457298646352,18
AZT,324.0,P..KN...KSM.D,...KNT..K.M.D,3.2248579364418917,1
AZT,324.0,P..KNT..K....,.K.KNT..K.M..,4.779519926585088,2
AZT,324.0,P..KNT..K.M..,.K.KNT..K.M..,16.79478631309744,2
AZT,324.0,P..KNT..K.M..,P..KHT..K.M..,1.5475678271516118,1
AZT,324.0,P..KNT..K.M..,P..KNT..K....,2.9899092690038054,1
AZT,324.0,P..KST..K....,.K.KNT..K.M..,6.7820891499638325,2
AZT,324.0,P..KST..K....,P..KNT..K....,3.1265063057319584,1
AZT,324.0,P.L.....K.M..,..L.....K.M..,1.8115470886619138,1
AZT,324.0,P.LKNT..K....,..LKNT..K.M..,2.3021383391345105,1
AZT,324.0,P.LKNT..K....,.K.KNT..K.M..,2.986633795983566,1
AZT,324.0,P.LKNT..K....,P..KNT..K....,1.8070876203906452,1
AZT,324.0,P.V.S...K.M..,P.VKS...K.M..,2.1770722644164513,1
AZT,324.0,P.VKN...K....,.K.KNT..K.M..,5.926966789063888,2
AZT,324.0,P.VKN...K....,P.VKN...K.M..,1.659408257353483,1
AZT,324.0,P.VKN...K.M..,.K.KNT..K.M..,2.8623733992660196,1
AZT,324.0,P.VKS...K.M..,.K.KNT..K.M..,2.922416370229719,1
AZT,324.0,P.VKS...K.M..,P.VKN...K.M..,2.3940406433103134,1
AZT,324.0,PK.......SMLD,..VKNTTSKSM..,24.125725615483052,18
AZT,324.0,PK..N...K....,.K.KNT..K.M..,10.334007195978032,1
AZT,324.0,PK..N...K....,P...N...K....,3.6359837731408584,2
AZT,324.0,PK..NTT.KC..D,..VKNTTSKSM..,24.866085349396844,18
AZT,324.0,PK.K.T.S.CM..,..VKNTTSKSM..,29.79473697821868,14
AZT,324.0,PK.K.T.S.CM..,.K.K....KCMLD,6.840052323894792,4
AZT,324.0,PK.KHTT.K.MLD,..VKNTTSKSM..,34.030179340562796,17
AZT,324.0,PK.KHTT.K.MLD,.K.K....KCMLD,1.5795072060515518,1
AZT,324.0,PK.KN...K...D,...KNT..K.M.D,7.067299943120443,3
AZT,324.0,PK.KN...K...D,.K.KN...K.M.D,7.5528767385601085,1
AZT,324.0,PK.KN...K...D,.K.KNT..K.M..,15.075731007702737,2
AZT,324.0,PK.KS...K.M..,.K.KNT..K.M..,13.761312229350663,6
AZT,324.0,PK.KST..K.M..,.K.KNT..K.M..,26.38149396403125,3
AZT,324.0,PK.KST..K.M..,P..KNT..K.M..,1.5552218348522386,1
AZT,324.0,PK.KST..K.M..,PK.KS...K.M..,2.336522562738014,1
AZT,324.0,PKL.ST..KCMQ.,..VKNTTSKSM..,35.77852697047611,15
AZT,324.0,PKL.ST..KCMQ.,.K.K....KCMLD,5.290761767691395,3
AZT,324.0,PKL.STTS.SML.,..VKNTTSKSM..,33.1411911705062,15
AZT,324.0,PKL.STTS.SML.,.K.K....KCMLD,5.3213478250695685,3
AZT,324.0,PKLK.TT.KCMQD,..VKNTTSKSM..,94.68541435352986,13
AZT,324.0,PKLK.TT.KCMQD,.K.K....KCMLD,27.2697653292506,5
AZT,324.0,PKLKS...K....,..LKS...K....,2.036422669247177,1
AZT,324.0,PKLKS...K....,.KLKS...K....,3.570624840870074,1
AZT,324.0,PKLKS...K....,PK.KS...K.M..,3.8420729850799122,1
AZT,324.0,PKVK..TSK.M..,..VKNTTSKSM..,47.87512393637513,15
AZT,324.0,PKVK..TSK.M..,.K.K....KCMLD,8.023372378264812,3
