concentration,neutral_threshold,source,target,weight,count
108.0,0.42,....N...K..QD,...KNT..K.MQD,2.3784152543695525,1
108.0,0.42,...KHT..K.M.D,...KNT..K.MQD,4.196246376121405,2
108.0,0.42,...KHT..K.M.D,.K.KH...K.M.D,5.606527418369952,3
108.0,0.42,...KHT..K.M.D,P.LKN...K....,33.09471150825103,6
108.0,0.42,...KNT....M.D,P.LKN...K....,11.54792632277606,2
108.0,0.42,...KNT...CM..,P.LKN...K....,3.750655314423506,1
108.0,0.42,...KNT..K.MQD,P.LKN...K....,60.860455253944885,20
108.0,0.42,...KNT.SK...D,.K.KNT.SK...D,2.329988798424121,1
108.0,0.42,...KNT.SK...D,P.LKN...K....,34.74166848835296,3
108.0,0.42,...KNTT.K.M..,P.LKN...K....,11.59424124502491,4
108.0,0.42,...KS...K.MQ.,.K.KS...K.MQ.,1.6590830594029229,1
108.0,0.42,...KS...K.MQ.,P.LKN...K....,5.700827461285717,2
108.0,0.42,...KS...KS..D,...KST..KS..D,2.209523895411644,1
108.0,0.42,...KS...KS..D,P.LKN...K....,6.859566429831923,1
108.0,0.42,...KST..KS..D,P.LKN...K....,7.237121512326479,2
108.0,0.42,...KST.SK....,P.LKN...K....,12.020046881776091,4
108.0,0.42,...KSTTSK..LD,....H...KC.L.,3.7787659596907597,1
108.0,0.42,...KSTTSK..LD,....NTT..CMLD,10.925221236690916,3
108.0,0.42,...KSTTSK..LD,....S.T.....D,3.226816947605325,1
108.0,0.42,...KSTTSK..LD,....STT....L.,3.3018289140044805,2
108.0,0.42,...KSTTSK..LD,...K.T....MLD,2.579311463923546,1
108.0,0.42,...KSTTSK..LD,...KHT..K.M.D,9.16801355087199,4
108.0,0.42,...KSTTSK..LD,...KN.TS.CM.D,3.4900843596468416,1
108.0,0.42,...KSTTSK..LD,...KNT....M.D,4.878818755859852,2
108.0,0.42,...KSTTSK..LD,...KNT..K.MQD,19.38540007327377,5
108.0,0.42,...KSTTSK..LD,...KNTT.K.M..,11.635374755044227,3
108.0,0.42,...KSTTSK..LD,...KNTT.KSMQD,9.606093487326895,4
108.0,0.42,...KSTTSK..LD,...KNTTSKS...,2.4205605236012753,1
108.0,0.42,...KSTTSK..LD,...KS...K.MQ.,3.927584335394551,1
108.0,0.42,...KSTTSK..LD,...KS...KS..D,2.392403317435305,1
108.0,0.42,...KSTTSK..LD,...KST..KSMLD,3.110281815734572,1
108.0,0.42,...KSTTSK..LD,...KSTTS..M..,6.949786311292648,2
108.0,0.42,...KSTTSK..LD,...KSTTS.SM.D,2.8136871696052346,1
108.0,0.42,...KSTTSK..LD,..L.....K.M..,10.690631768055411,2
108.0,0.42,...KSTTSK..LD,..L...T..SMLD,1.9131964161052353,1
108.0,0.42,...KSTTSK..LD,..L..TTSKSML.,3.124710057834965,1
108.0,0.42,...KSTTSK..LD,..L.H.TSKC.Q.,2.002997402598335,1
108.0,0.42,...KSTTSK..LD,..L.S...KC...,1.6691350394191713,1
108.0,0.42,...KSTTSK..LD,..L.ST...S.Q.,2.368796285187471,1
108.0,0.42,...KSTTSK..LD,..L.ST.S.....,1.7813998051225468,1
108.0,0.42,...KSTTSK..LD,..L.STT..S..D,3.5298062009295936,2
108.0,0.42,...KSTTSK..LD,..L.STT..SM.D,10.939123980691692,2
108.0,0.42,...KSTTSK..LD,..L.STTSKCM..,3.4988514048381347,2
108.0,0.42,...KSTTSK..LD,..LK.T..K.M..,5.3454081326764715,2
108.0,0.42,...KSTTSK..LD,..LK.TT.K.MLD,12.677802850701102,4
108.0,0.42,...KSTTSK..LD,..LK.TT.KS.Q.,4.708572666602523,2
108.0,0.42,...KSTTSK..LD,..LKHTT..SMLD,7.291237553895431,2
108.0,0.42,...KSTTSK..LD,..LKN...KCML.,5.137574710994739,1
108.0,0.42,...KSTTSK..LD,..LKN..SK.M..,1.5935090669159895,1
108.0,0.42,...KSTTSK..LD,..V.H..S.C.L.,5.471330340532555,1
108.0,0.42,...KSTTSK..LD,..V.H.T.KCM..,7.9159609743052375,2
108.0,0.42,...KSTTSK..LD,..V.N.T..S.QD,4.447839149638273,1
108.0,0.42,...KSTTSK..LD,..V.NT..K..QD,6.854373920316176,2
108.0,0.42,...KSTTSK..LD,..V.NT.SK.M..,4.521290598637622,1
108.0,0.42,...KSTTSK..LD,..V.S...K.M..,3.1970590759495656,1
108.0,0.42,...KSTTSK..LD,..V.S..SKS.L.,3.234705136496112,1
108.0,0.42,...KSTTSK..LD,..V.ST..KC.LD,1.5829573831991848,1
108.0,0.42,...KSTTSK..LD,..V.STT..C.LD,3.6076480336808308,2
108.0,0.42,...KSTTSK..LD,..V.STTS...L.,4.181167494144891,2
108.0,0.42,...KSTTSK..LD,..VK..T......,4.008868455497706,2
108.0,0.42,...KSTTSK..LD,..VK.T...CM.D,3.8143437092457395,2
108.0,0.42,...KSTTSK..LD,..VK.TTS.C.LD,2.165196214736834,1
108.0,0.42,...KSTTSK..LD,..VKHT.S.CML.,1.9083165020408115,1
108.0,0.42,...KSTTSK..LD,..VKN..S...LD,1.6240934667372773,1
108.0,0.42,...KSTTSK..LD,..VKN.T.KS.LD,2.004391555959741,1
108.0,0.42,...KSTTSK..LD,..VKN.TS..ML.,5.738727690791529,1
108.0,0.42,...KSTTSK..LD,..VKNT....M..,2.7277002811778113,1
108.0,0.42,...KSTTSK..LD,..VKS...KSMLD,3.676934790714808,1
108.0,0.42,...KSTTSK..LD,..VKST.S.C.QD,1.9087997764192195,1
108.0,0.42,...KSTTSK..LD,.K......KSMLD,2.5625171489027387,1
108.0,0.42,...KSTTSK..LD,.K.....SK.ML.,1.900056954315911,1
108.0,0.42,...KSTTSK..LD,.K...T....M.D,14.085995421983885,3
108.0,0.42,...KSTTSK..LD,.K...TT.KS...,2.083912020653851,1
108.0,0.42,...KSTTSK..LD,.K...TTS..MQ.,7.055895262570151,3
108.0,0.42,...KSTTSK..LD,.K..HTT.KC..D,5.724221227777657,3
108.0,0.42,...KSTTSK..LD,.K..HTTSKCMLD,5.830207409078127,3
108.0,0.42,...KSTTSK..LD,.K..N...K.M.D,5.375430115676996,1
108.0,0.42,...KSTTSK..LD,.K..N.TSK.MLD,6.137328198497034,2
108.0,0.42,...KSTTSK..LD,.K..NT....M..,3.40294351089941,2
108.0,0.42,...KSTTSK..LD,.K..S...KC..D,3.1568064622242025,1
108.0,0.42,...KSTTSK..LD,.K..S...KC.L.,1.9320137816427796,1
108.0,0.42,...KSTTSK..LD,.K..S.T...M..,2.2707217115491343,1
108.0,0.42,...KSTTSK..LD,.K..S.TS.SMLD,2.895643583968098,1
108.0,0.42,...KSTTSK..LD,.K..ST..KCML.,2.9639621281693533,1
108.0,0.42,...KSTTSK..LD,.K.K....K.MQ.,3.7441683346128727,2
108.0,0.42,...KSTTSK..LD,.K.K...SK.ML.,3.787466886620895,1
108.0,0.42,...KSTTSK..LD,.K.K.T..K.M..,21.777293400580664,3
108.0,0.42,...KSTTSK..LD,.K.KH...K.M.D,22.757015964054947,7
108.0,0.42,...KSTTSK..LD,.K.KH...KS.LD,2.49798769844534,1
108.0,0.42,...KSTTSK..LD,.K.KHT..K..LD,4.4600003009016875,2
108.0,0.42,...KSTTSK..LD,.K.KHT.SKSMQ.,3.5055455193369816,1
108.0,0.42,...KSTTSK..LD,.K.KN.....MQD,6.284227014985786,3
108.0,0.42,...KSTTSK..LD,.K.KNTTS.SM.D,1.6474976304458808,1
108.0,0.42,...KSTTSK..LD,.K.KS.T.K.M..,5.5741833153879865,3
108.0,0.42,...KSTTSK..LD,.K.KS.TS.....,5.147812748362133,1
108.0,0.42,...KSTTSK..LD,.KL.....K....,14.208726975619797,5
108.0,0.42,...KSTTSK..LD,.KL....S...L.,2.5697965242641208,1
108.0,0.42,...KSTTSK..LD,.KL..T....MQ.,6.459115882385095,3
108.0,0.42,...KSTTSK..LD,.KL..T.SK.M.D,1.7557731720525067,1
108.0,0.42,...KSTTSK..LD,.KL.HTT.K.MQ.,9.323585194305434,2
108.0,0.42,...KSTTSK..LD,.KL.S...K.MQ.,1.5653728311584507,1
108.0,0.42,...KSTTSK..LD,.KL.S.T.KS...,4.383086076127041,1
108.0,0.42,...KSTTSK..LD,.KL.S.T.KS.L.,5.651886632260457,2
108.0,0.42,...KSTTSK..LD,.KL.ST..K.MQD,8.355743735806609,4
108.0,0.42,...KSTTSK..LD,.KL.ST.S..M..,2.4702759408721944,1
108.0,0.42,...KSTTSK..LD,.KLK...SKSMQ.,3.632526668109011,2
108.0,0.42,...KSTTSK..LD,.KLK.T..K....,36.023467092405845,9
108.0,0.42,...KSTTSK..LD,.KLK.T.S..MQ.,3.0623921419484437,1
108.0,0.42,...KSTTSK..LD,.KLKHT..KC.Q.,4.017752007815191,2
108.0,0.42,...KSTTSK..LD,.KLKHTTSK....,4.367973683300848,2
108.0,0.42,...KSTTSK..LD,.KLKNT.......,8.465697160795926,3
108.0,0.42,...KSTTSK..LD,.KLKNTTSKSMQ.,2.557170461080508,1
108.0,0.42,...KSTTSK..LD,.KLKS..S.SM..,3.189907032874285,1
108.0,0.42,...KSTTSK..LD,.KLKST.SK....,2.5064997572985033,1
108.0,0.42,...KSTTSK..LD,.KV..T...CML.,3.9098586944999916,1
108.0,0.42,...KSTTSK..LD,.KV..T..K.MQ.,2.8186097305927325,1
108.0,0.42,...KSTTSK..LD,.KV..T.SK.M..,1.7792618887045648,1
108.0,0.42,...KSTTSK..LD,.KV.H....SML.,3.540975165676286,1
108.0,0.42,...KSTTSK..LD,.KV.H.T...M..,7.843300672691843,2
108.0,0.42,...KSTTSK..LD,.KV.HTTS..ML.,7.1468953423417005,3
108.0,0.42,...KSTTSK..LD,.KV.HTTS.C...,2.0267094715802347,1
108.0,0.42,...KSTTSK..LD,.KV.NT...S.L.,2.7121889179558485,1
108.0,0.42,...KSTTSK..LD,.KV.NT..K.M..,3.838905093281647,1
108.0,0.42,...KSTTSK..LD,.KVK....KCMQD,1.5326162842621864,1
108.0,0.42,...KSTTSK..LD,.KVK.T..KCMQD,2.6095682325215046,1
108.0,0.42,...KSTTSK..LD,.KVKHTTS.C.LD,4.042063091246824,1
108.0,0.42,...KSTTSK..LD,.KVKHTTS.SML.,4.542264673572955,1
108.0,0.42,...KSTTSK..LD,.KVKN.T.KC.LD,3.240682826822022,1
108.0,0.42,...KSTTSK..LD,.KVKS.T.KSML.,1.6243905462317014,1
108.0,0.42,...KSTTSK..LD,.KVKSTT.KSMQD,4.017158660374509,2
108.0,0.42,...KSTTSK..LD,P......SK.ML.,3.987049148546216,2
108.0,0.42,...KSTTSK..LD,P....TT..SMQ.,1.9753951934865641,1
108.0,0.42,...KSTTSK..LD,P....TTSKC.L.,1.526559917319016,1
108.0,0.42,...KSTTSK..LD,P...H.....ML.,1.8374965489092137,1
108.0,0.42,...KSTTSK..LD,P...H.T.K.MLD,5.282950006459179,1
108.0,0.42,...KSTTSK..LD,P...HT....ML.,3.6943058351260256,1
108.0,0.42,...KSTTSK..LD,P...S.T.K..QD,2.2905569259667002,1
108.0,0.42,...KSTTSK..LD,P..K..TS.CM..,4.551818153792079,1
108.0,0.42,...KSTTSK..LD,P..K.T..KC.LD,2.4414920476577646,1
108.0,0.42,...KSTTSK..LD,P..KH.T.K..L.,2.694971069043894,1
108.0,0.42,...KSTTSK..LD,P..KN.T.K.M..,3.3930468859702887,1
108.0,0.42,...KSTTSK..LD,P..KS...K.MQ.,18.65303534598432,6
108.0,0.42,...KSTTSK..LD,P..KST..K...D,4.946027940502971,4
108.0,0.42,...KSTTSK..LD,P.L..TTSKSMQ.,2.417277549434752,1
108.0,0.42,...KSTTSK..LD,P.L.NT.S.CMQ.,1.5706708525725812,1
108.0,0.42,...KSTTSK..LD,P.L.NTTS.C.QD,7.418465354039779,1
108.0,0.42,...KSTTSK..LD,P.LK.T.S.C...,4.278970392899896,1
108.0,0.42,...KSTTSK..LD,P.LK.TT.KS.LD,2.8790007715061923,1
108.0,0.42,...KSTTSK..LD,P.LK.TTSKCM.D,1.6449815070112428,1
108.0,0.42,...KSTTSK..LD,P.LKHT..KS...,6.7907006206276,1
108.0,0.42,...KSTTSK..LD,P.LKN...K....,1120.113702181493,113
108.0,0.42,...KSTTSK..LD,P.LKNTTS.SMQ.,4.598435268604486,1
108.0,0.42,...KSTTSK..LD,P.LKS......L.,5.7360857748913014,3
108.0,0.42,...KSTTSK..LD,P.V..TT.K....,2.416540403367097,1
108.0,0.42,...KSTTSK..LD,P.V.H...K.M.D,3.440733857544078,1
108.0,0.42,...KSTTSK..LD,P.V.HT....M..,4.633734728878961,1
108.0,0.42,...KSTTSK..LD,P.V.HTT..C.QD,1.6799328305050847,1
108.0,0.42,...KSTTSK..LD,P.V.HTTS..M.D,3.4282045183723975,1
108.0,0.42,...KSTTSK..LD,P.V.NT..K.M.D,2.2985794531114734,1
108.0,0.42,...KSTTSK..LD,P.VK.T..KCMQ.,3.500515597244844,2
108.0,0.42,...KSTTSK..LD,P.VKHT..K..L.,12.726151011225127,2
108.0,0.42,...KSTTSK..LD,P.VKSTT...MQ.,8.292176151379891,2
108.0,0.42,...KSTTSK..LD,PK....TS.SMQD,1.9071422088144205,1
108.0,0.42,...KSTTSK..LD,PK..H...K.M..,5.272387142602906,2
108.0,0.42,...KSTTSK..LD,PK..HTT.K...D,10.589326909108767,4
108.0,0.42,...KSTTSK..LD,PK..N.T.K..LD,2.0995613950648147,1
108.0,0.42,...KSTTSK..LD,PK..NTTS..MQD,3.8157101920577494,2
108.0,0.42,...KSTTSK..LD,PK..ST..KSMLD,3.9864952702738186,1
108.0,0.42,...KSTTSK..LD,PK..STT.KS.L.,4.1005820385856895,2
108.0,0.42,...KSTTSK..LD,PK..STTSK.ML.,2.351659845667418,1
108.0,0.42,...KSTTSK..LD,PK..STTSKSM..,3.4590695876559767,2
108.0,0.42,...KSTTSK..LD,PK.K.T.....L.,4.836912359576217,1
108.0,0.42,...KSTTSK..LD,PK.KN.TS..M.D,2.007882765983308,1
108.0,0.42,...KSTTSK..LD,PK.KNTT.K..L.,12.595555336925111,2
108.0,0.42,...KSTTSK..LD,PK.KS.TSKSML.,1.8309987279120084,1
108.0,0.42,...KSTTSK..LD,PK.KST..K.M..,9.498715764146418,2
108.0,0.42,...KSTTSK..LD,PK.KST..KSMQ.,2.515322572245125,1
108.0,0.42,...KSTTSK..LD,PKL..T.S..M.D,2.610846018703525,1
108.0,0.42,...KSTTSK..LD,PKL..T.SKSM..,9.89436256026609,2
108.0,0.42,...KSTTSK..LD,PKL.H.T...MLD,3.0274590963805124,1
108.0,0.42,...KSTTSK..LD,PKL.N..SK.MLD,3.0853704151197223,1
108.0,0.42,...KSTTSK..LD,PKL.ST.SK..LD,2.267980359102071,1
108.0,0.42,...KSTTSK..LD,PKLK....K.M..,1.652624743218409,1
108.0,0.42,...KSTTSK..LD,PKLK...SKS.Q.,4.319933300280826,2
108.0,0.42,...KSTTSK..LD,PKLKNTTSK.MQ.,4.1502968424547655,1
108.0,0.42,...KSTTSK..LD,PKLKST..KCMLD,4.262930088429665,1
108.0,0.42,...KSTTSK..LD,PKV...TS.CM..,1.855780794716787,1
108.0,0.42,...KSTTSK..LD,PKV..T..K...D,4.0208496949978745,1
108.0,0.42,...KSTTSK..LD,PKV.NTTS...LD,3.6370733800461235,1
108.0,0.42,...KSTTSK..LD,PKV.STTSKC..D,3.246274519793651,1
108.0,0.42,...KSTTSK..LD,PKVK....K.MQD,1.6983287491683854,1
108.0,0.42,...KSTTSK..LD,PKVK.TT..CM.D,3.6486604265094464,1
108.0,0.42,...KSTTSK..LD,PKVK.TT.KSML.,3.63565221420586,1
108.0,0.42,...KSTTSK..LD,PKVKHT....MLD,10.364785165369252,3
108.0,0.42,...KSTTSK..LD,PKVKHTT.K..Q.,2.6054493684623186,1
108.0,0.42,...KSTTSK..LD,PKVKHTTS.....,2.787626939980159,1
108.0,0.42,...KSTTSK..LD,PKVKN...K.M.D,2.751744132855383,1
108.0,0.42,...KSTTSK..LD,PKVKNT.S..M.D,5.065295002162824,2
108.0,0.42,...KSTTSK..LD,PKVKS.T.KS.LD,5.090892213847402,1
108.0,0.42,..L.STT..S..D,..L.STT..SM.D,2.869944164839121,1
108.0,0.42,..LK.T..K.M..,P.LKN...K....,9.17078152358678,2
108.0,0.42,..LKN..SK.M..,P.LKN...K....,9.93683234066122,2
108.0,0.42,..V.NT.S.C.L.,..V.H..S.C.L.,2.0584304276179086,1
108.0,0.42,..V.S...K.M..,P.LKN...K....,19.323868227610905,6
108.0,0.42,..V.S..S.CML.,P.V.S..S.CML.,1.9213848357044796,1
108.0,0.42,..V.S..S.SML.,..V.S..S.CML.,2.7967578978024363,1
108.0,0.42,..V.S..S.SML.,P.....TS.SMQD,21.914287543437297,17
108.0,0.42,..V.ST..K.M..,..V.S...K.M..,2.0824776308030755,1
108.0,0.42,..V.ST..K.M..,P.LKN...K....,6.396045600479395,1
108.0,0.42,..VK.TTS.C.LD,.KVKHTTS.C.LD,1.859540390211813,1
108.0,0.42,..VKNT....M..,P.LKN...K....,10.19499902080675,2
108.0,0.42,..VKNT..K.ML.,P.LKN...K....,5.8737888516089996,1
108.0,0.42,..VKS.T....QD,...KSTTSK..LD,1.9784523040356112,1
108.0,0.42,..VKS.T....QD,P.....TS.SMQD,20.834718700038284,17
108.0,0.42,.K.....SK.ML.,.K.K...SK.ML.,2.040775203521464,1
108.0,0.42,.K.....SK.ML.,.K.K.T..K.M..,3.754721772913282,1
108.0,0.42,.K..N...K.M.D,P.LKN...K....,7.074350880652702,2
108.0,0.42,.K..NT....M..,P.LKN...K....,13.650465256824821,2
108.0,0.42,.K.K....K.MQ.,.K.KH...K.M.D,3.5538268951974397,1
108.0,0.42,.K.K....K.MQ.,.K.KS...K.MQ.,8.382983587885747,2
108.0,0.42,.K.K....K.MQ.,P.LKN...K....,25.209165887877912,4
108.0,0.42,.K.K..TSKCMQD,.KVK..TSKCMQD,2.3281071272402873,1
108.0,0.42,.K.K.T..K.M..,P.LKN...K....,7.814966892646314,3
108.0,0.42,.K.KH...K.M.D,P.LKN...K....,47.60306681278589,15
108.0,0.42,.K.KHT...C.L.,P.LKN...K....,10.671053721130441,2
108.0,0.42,.K.KHT..K..LD,.K.KH...K.M.D,2.7478070824690475,1
108.0,0.42,.K.KN.....MQD,P.LKN...K....,19.095372371232973,3
108.0,0.42,.K.KN...KCM..,P.LKN...K....,5.1764819217224,1
108.0,0.42,.K.KN...KSMQD,P.LKN...K....,5.4789951976338696,1
108.0,0.42,.K.KNT.SK...D,P.LKN...K....,11.080732695313593,2
108.0,0.42,.K.KS........,P.LKN...K....,5.83617701460655,2
108.0,0.42,.K.KS...K..Q.,.K.KS...K.MQ.,2.0329672925458713,1
108.0,0.42,.K.KS...K..Q.,P.LKN...K....,6.35241714819187,2
108.0,0.42,.K.KS...K.MQ.,P.LKN...K....,3.5606174440567027,2
108.0,0.42,.K.KS...KCM..,.K.KN...KCM..,2.163960253018802,1
108.0,0.42,.K.KS...KCM..,P.LKN...K....,10.81144199333594,1
108.0,0.42,.K.KS..S.....,.K.KS........,3.2634196300215734,1
108.0,0.42,.K.KS..S.....,.K.KS.TS.....,3.138243046183793,1
108.0,0.42,.K.KS..S.....,PK.KS..SK....,1.747470798410133,1
108.0,0.42,.K.KS.T.K.M..,...KNTT.K.M..,1.5487986534478422,1
108.0,0.42,.K.KS.T.K.M..,P..KN.T.K.M..,1.6428801256308072,1
108.0,0.42,.K.KS.T.K.M..,P.LKN...K....,27.59300764208174,5
108.0,0.42,.K.KSTTSKC.LD,.K.KST..KC.LD,2.5654042861554474,1
108.0,0.42,.KL.....K....,P.LKN...K....,32.28801076311109,6
108.0,0.42,.KL.S.T.KS.L.,.KL.S.T.KS...,1.616169472413891,1
108.0,0.42,.KLK.T..K....,P.LKHT..KS...,1.6589480454116035,1
108.0,0.42,.KLK.T..K....,P.LKN...K....,67.40265853932938,24
108.0,0.42,.KLKN...KS...,.KLKN....S...,2.610903182586774,1
108.0,0.42,.KLKN...KS...,P.LKN...K....,9.590333743362518,1
108.0,0.42,.KLKN.T.K....,P.LKN...K....,25.137206712053825,5
108.0,0.42,.KLKNT.......,.KLK.T..K....,2.2073919293365845,1
108.0,0.42,.KLKNT.......,.KLKN....S...,2.641442538357145,1
108.0,0.42,.KLKNT.......,P.LKN...K....,39.638613627976476,6
108.0,0.42,.KLKST.SK....,P.LKN...K....,13.851262956665462,2
108.0,0.42,.KV..T.SK.M..,.K.K.T..K.M..,2.6427980273972844,1
108.0,0.42,.KV.NT..K.M..,P.LKN...K....,8.460429364046375,2
108.0,0.42,.KVK....KCMQD,.KVK.T..KCMQD,1.7271426904399183,1
108.0,0.42,.KVKH..S..MLD,P.....TS.SMQD,28.35822340670413,18
108.0,0.42,.KVKHT..KSM..,P.LKN...K....,3.819630153925203,1
108.0,0.42,.KVKS...KS...,P.LKN...K....,2.8594551073891967,1
108.0,0.42,P......SK.ML.,.K.K.T..K.M..,3.982188907537633,1
108.0,0.42,P.....TS.SMQD,.......S.S..D,66.07147537287372,34
108.0,0.42,P.....TS.SMQD,.....T...SMQ.,33.730654558150235,18
108.0,0.42,P.....TS.SMQD,....H....S.L.,35.134940332392624,18
108.0,0.42,P.....TS.SMQD,....H...KC.L.,74.78424745057768,17
108.0,0.42,P.....TS.SMQD,....H...KS...,65.42589844557597,18
108.0,0.42,P.....TS.SMQD,....H..SKCMQD,41.06922523159193,18
108.0,0.42,P.....TS.SMQD,....H.TSKS..D,63.6068442763264,18
108.0,0.42,P.....TS.SMQD,....H.TSKSMQ.,45.670111562633544,18
108.0,0.42,P.....TS.SMQD,....HT..KS.QD,57.25632257062306,18
108.0,0.42,P.....TS.SMQD,....HTT....Q.,49.07613291425636,18
108.0,0.42,P.....TS.SMQD,....N....CMQ.,68.02970705560044,18
108.0,0.42,P.....TS.SMQD,....N...K..QD,40.16100178047064,17
108.0,0.42,P.....TS.SMQD,....N...KCMLD,35.95063460592128,18
108.0,0.42,P.....TS.SMQD,....N.TS....D,95.02141966578806,18
108.0,0.42,P.....TS.SMQD,....NT.SKSMLD,39.044179165628,18
108.0,0.42,P.....TS.SMQD,....NTT..CMLD,67.24416098292347,15
108.0,0.42,P.....TS.SMQD,....S.T.....D,79.48923497395656,17
108.0,0.42,P.....TS.SMQD,....STT....L.,34.01163807027796,16
108.0,0.42,P.....TS.SMQD,...K.....C.LD,37.93404322499985,18
108.0,0.42,P.....TS.SMQD,...K...SKSMLD,80.24123741373886,18
108.0,0.42,P.....TS.SMQD,...K..TS.S.L.,66.24308055217239,18
108.0,0.42,P.....TS.SMQD,...K..TSKSM..,53.65459207921651,18
108.0,0.42,P.....TS.SMQD,...K.T....MLD,106.7794171213382,33
108.0,0.42,P.....TS.SMQD,...KH....C.Q.,64.22827226552931,18
108.0,0.42,P.....TS.SMQD,...KH...KSMQD,46.591168701252364,18
108.0,0.42,P.....TS.SMQD,...KH.TSK.MQ.,88.20774794453655,34
108.0,0.42,P.....TS.SMQD,...KH.TSKC...,197.5322227597009,34
108.0,0.42,P.....TS.SMQD,...KHT..K.M.D,135.84135967745797,50
108.0,0.42,P.....TS.SMQD,...KN..S..ML.,37.23615329853148,18
108.0,0.42,P.....TS.SMQD,...KN.TS.CM.D,66.77706792318598,17
108.0,0.42,P.....TS.SMQD,...KNT....M.D,43.91561122236592,14
108.0,0.42,P.....TS.SMQD,...KNT...CM..,51.88381116147219,17
108.0,0.42,P.....TS.SMQD,...KNT..K.MQD,489.14381463083555,99
108.0,0.42,P.....TS.SMQD,...KNT.SK...D,47.503084110504574,30
108.0,0.42,P.....TS.SMQD,...KNTT.K.M..,144.9030019096099,26
108.0,0.42,P.....TS.SMQD,...KNTT.KSMQD,77.55232217513996,30
108.0,0.42,P.....TS.SMQD,...KNTTSKS...,63.72083565421826,17
108.0,0.42,P.....TS.SMQD,...KS...K.MQ.,75.86854056309568,12
108.0,0.42,P.....TS.SMQD,...KS...KS..D,29.786910817168366,15
108.0,0.42,P.....TS.SMQD,...KST...SMQ.,51.134567015015364,18
108.0,0.42,P.....TS.SMQD,...KST..KS..D,138.4523654175147,31
108.0,0.42,P.....TS.SMQD,...KST..KSMLD,63.45514247840023,17
108.0,0.42,P.....TS.SMQD,...KST.SK....,65.01303561111678,14
108.0,0.42,P.....TS.SMQD,...KSTTS..M..,67.18535367158148,16
108.0,0.42,P.....TS.SMQD,...KSTTS.SM.D,55.440182979791246,17
108.0,0.42,P.....TS.SMQD,...KSTTSK..LD,25297.804763032113,24260
108.0,0.42,P.....TS.SMQD,..L.....K..QD,36.114028223908356,18
108.0,0.42,P.....TS.SMQD,..L.....K.M..,129.25852917948205,16
108.0,0.42,P.....TS.SMQD,..L....S.S.Q.,42.56202426639249,18
108.0,0.42,P.....TS.SMQD,..L...T..SMLD,67.43646351064487,33
108.0,0.42,P.....TS.SMQD,..L..T.S.C.Q.,60.935757837463285,18
108.0,0.42,P.....TS.SMQD,..L..TTSKSML.,62.01143543848464,17
108.0,0.42,P.....TS.SMQD,..L.H..SKS.Q.,74.90211871393079,18
108.0,0.42,P.....TS.SMQD,..L.H.T..CM..,39.067549839821396,18
108.0,0.42,P.....TS.SMQD,..L.H.T..S.QD,82.80762118472106,34
108.0,0.42,P.....TS.SMQD,..L.H.TSKC.Q.,112.71105108348628,33
108.0,0.42,P.....TS.SMQD,..L.H.TSKSM..,61.73068329960299,18
108.0,0.42,P.....TS.SMQD,..L.HT.S.S.LD,53.65089379183989,18
108.0,0.42,P.....TS.SMQD,..L.N.T..S.L.,45.204281246889586,18
108.0,0.42,P.....TS.SMQD,..L.N.TS.SM.D,73.3011726897469,18
108.0,0.42,P.....TS.SMQD,..L.NT.SKS...,71.28834513369537,18
108.0,0.42,P.....TS.SMQD,..L.S.....MQ.,38.68366492020289,18
108.0,0.42,P.....TS.SMQD,..L.S...KC...,34.710469617149705,17
108.0,0.42,P.....TS.SMQD,..L.S.T.KSMQD,84.34812189350289,18
108.0,0.42,P.....TS.SMQD,..L.ST...S.Q.,51.617596094081144,17
108.0,0.42,P.....TS.SMQD,..L.ST.S.....,39.1644093909479,17
108.0,0.42,P.....TS.SMQD,..L.STT..S..D,31.466874805510155,15
108.0,0.42,P.....TS.SMQD,..L.STT..SM.D,91.0333240677196,15
108.0,0.42,P.....TS.SMQD,..L.STTSKCM..,34.07435091382739,16
108.0,0.42,P.....TS.SMQD,..LK.....C.QD,65.60388700609548,18
108.0,0.42,P.....TS.SMQD,..LK.....CML.,35.81155844888427,18
108.0,0.42,P.....TS.SMQD,..LK.....S..D,63.93962027980198,18
108.0,0.42,P.....TS.SMQD,..LK..T.....D,81.85844501936292,18
108.0,0.42,P.....TS.SMQD,..LK..TSK..Q.,38.95829876632188,18
108.0,0.42,P.....TS.SMQD,..LK.T..K.M..,55.919993669129894,14
108.0,0.42,P.....TS.SMQD,..LK.T..KC...,29.230564522146256,18
108.0,0.42,P.....TS.SMQD,..LK.T.SK....,55.8997099976279,18
108.0,0.42,P.....TS.SMQD,..LK.TT..SM..,48.82774986332997,18
108.0,0.42,P.....TS.SMQD,..LK.TT.K.MLD,111.58585765796988,30
108.0,0.42,P.....TS.SMQD,..LK.TT.KS.Q.,105.75307817203475,32
108.0,0.42,P.....TS.SMQD,..LKH.TS.SM.D,39.82222022808308,18
108.0,0.42,P.....TS.SMQD,..LKHT.....Q.,63.82336943476683,18
108.0,0.42,P.....TS.SMQD,..LKHTT..SMLD,68.76294256142354,16
108.0,0.42,P.....TS.SMQD,..LKN...KCML.,98.640843987325,17
108.0,0.42,P.....TS.SMQD,..LKN..SK.M..,146.69094183251755,63
108.0,0.42,P.....TS.SMQD,..LKN.TSKC.QD,67.09223299600544,18
108.0,0.42,P.....TS.SMQD,..LKNT....MLD,44.69123384693132,18
108.0,0.42,P.....TS.SMQD,..LKNT.SKC...,33.33598876498545,18
108.0,0.42,P.....TS.SMQD,..LKNTTS.C...,94.84750852765816,18
108.0,0.42,P.....TS.SMQD,..LKS......QD,42.14568336643634,18
108.0,0.42,P.....TS.SMQD,..LKS..S.S...,32.78239278480106,18
108.0,0.42,P.....TS.SMQD,..LKS.TSKS...,59.34178350175246,18
108.0,0.42,P.....TS.SMQD,..LKST...S...,52.53839480707018,18
108.0,0.42,P.....TS.SMQD,..LKSTTSK..Q.,51.99424074633161,18
108.0,0.42,P.....TS.SMQD,..V....S.S.LD,38.02144109819951,18
108.0,0.42,P.....TS.SMQD,..V..T..KSMLD,77.1083013113496,18
108.0,0.42,P.....TS.SMQD,..V.H.......D,37.79517980679394,18
108.0,0.42,P.....TS.SMQD,..V.H..S.C.L.,172.95899973562814,32
108.0,0.42,P.....TS.SMQD,..V.H..SKSM..,73.63027646925046,18
108.0,0.42,P.....TS.SMQD,..V.H.T.KCM..,74.14525665489123,16
108.0,0.42,P.....TS.SMQD,..V.HT..K...D,96.97196298195159,18
108.0,0.42,P.....TS.SMQD,..V.HT..K.MQD,37.661402626891615,18
108.0,0.42,P.....TS.SMQD,..V.HT.S.SM..,62.50380600988941,18
108.0,0.42,P.....TS.SMQD,..V.HTT.KC.LD,49.57298697205714,18
108.0,0.42,P.....TS.SMQD,..V.N....S...,42.56420396319421,18
108.0,0.42,P.....TS.SMQD,..V.N.T..S.QD,81.58533355687578,17
108.0,0.42,P.....TS.SMQD,..V.N.T..SM..,106.37210084268568,18
108.0,0.42,P.....TS.SMQD,..V.NT.....LD,43.02255806493994,18
108.0,0.42,P.....TS.SMQD,..V.NT..K..QD,55.6334575202843,16
108.0,0.42,P.....TS.SMQD,..V.NT.S.C.L.,35.54595956329078,17
108.0,0.42,P.....TS.SMQD,..V.NT.SK.M..,83.74461119166025,17
108.0,0.42,P.....TS.SMQD,..V.S......LD,67.72855757106048,18
108.0,0.42,P.....TS.SMQD,..V.S...K.M..,343.55191449494583,74
108.0,0.42,P.....TS.SMQD,..V.S..S.CML.,34.95666997025264,16
108.0,0.42,P.....TS.SMQD,..V.S..SKS.L.,65.27810218052221,17
108.0,0.42,P.....TS.SMQD,..V.S.T.KC.LD,57.07569005273164,18
108.0,0.42,P.....TS.SMQD,..V.S.TSKS...,61.69388012936816,18
108.0,0.42,P.....TS.SMQD,..V.ST..K.M..,30.417783078569297,16
108.0,0.42,P.....TS.SMQD,..V.ST..KC.LD,34.5398717480873,17
108.0,0.42,P.....TS.SMQD,..V.ST..KCMQD,139.11779163542207,18
108.0,0.42,P.....TS.SMQD,..V.ST.S.CM.D,47.0375994445152,18
108.0,0.42,P.....TS.SMQD,..V.STT..C.LD,33.95638499404852,16
108.0,0.42,P.....TS.SMQD,..V.STTS...L.,42.149986889326755,16
108.0,0.42,P.....TS.SMQD,..VK.....C..D,44.22462748049847,18
108.0,0.42,P.....TS.SMQD,..VK.....SM.D,35.75034929661168,18
108.0,0.42,P.....TS.SMQD,..VK....K.ML.,86.3475901303582,18
108.0,0.42,P.....TS.SMQD,..VK..T......,35.93310853706684,16
108.0,0.42,P.....TS.SMQD,..VK.T...CM.D,37.7935562990597,16
108.0,0.42,P.....TS.SMQD,..VK.TTS.C.LD,40.60465286560091,16
108.0,0.42,P.....TS.SMQD,..VKH.TS.CMLD,28.31201386094592,18
108.0,0.42,P.....TS.SMQD,..VKH.TS.CMQ.,26.495054263144105,18
108.0,0.42,P.....TS.SMQD,..VKHT.S.CML.,36.098874159768165,17
108.0,0.42,P.....TS.SMQD,..VKHT.S.S.Q.,36.88418143107369,18
108.0,0.42,P.....TS.SMQD,..VKHTTS.S...,44.03383945360216,18
108.0,0.42,P.....TS.SMQD,..VKN....S.QD,46.81393026634464,18
108.0,0.42,P.....TS.SMQD,..VKN..S...LD,30.91755720704755,17
108.0,0.42,P.....TS.SMQD,..VKN..S..M..,122.69841125340722,18
108.0,0.42,P.....TS.SMQD,..VKN.T.KS.LD,37.616425944446654,17
108.0,0.42,P.....TS.SMQD,..VKN.TS..ML.,110.86674694118913,17
108.0,0.42,P.....TS.SMQD,..VKNT....M..,46.53706389286509,15
108.0,0.42,P.....TS.SMQD,..VKNT..K.ML.,44.44109321617486,17
108.0,0.42,P.....TS.SMQD,..VKNT..KS.QD,89.14880617083665,18
108.0,0.42,P.....TS.SMQD,..VKNT.SKC..D,74.00892020382166,18
108.0,0.42,P.....TS.SMQD,..VKS...KSMLD,49.00210871733057,17
108.0,0.42,P.....TS.SMQD,..VKS...KSMQ.,32.73514461371428,18
108.0,0.42,P.....TS.SMQD,..VKS..SKSML.,53.877454592940666,18
108.0,0.42,P.....TS.SMQD,..VKS.TS..M.D,68.12493001128553,18
108.0,0.42,P.....TS.SMQD,..VKST.S.C.QD,69.34380243457443,17
108.0,0.42,P.....TS.SMQD,.K......KSMLD,54.70036582655003,17
108.0,0.42,P.....TS.SMQD,.K.....S.C.L.,62.08518360092797,18
108.0,0.42,P.....TS.SMQD,.K.....SK.ML.,35.518813993448475,15
108.0,0.42,P.....TS.SMQD,.K....T...MQD,105.80627911747655,18
108.0,0.42,P.....TS.SMQD,.K....T..SML.,91.73133075385803,18
108.0,0.42,P.....TS.SMQD,.K...T....M.D,85.23455357743542,15
108.0,0.42,P.....TS.SMQD,.K...TT.KS...,40.335116502451214,17
108.0,0.42,P.....TS.SMQD,.K...TTS..MQ.,84.82684673172632,31
108.0,0.42,P.....TS.SMQD,.K..H....S.LD,45.94377275844395,18
108.0,0.42,P.....TS.SMQD,.K..H.TS.CM..,47.493611493900254,18
108.0,0.42,P.....TS.SMQD,.K..HT.S.S..D,46.67063462383328,18
108.0,0.42,P.....TS.SMQD,.K..HTT.KC..D,34.47396192871425,15
108.0,0.42,P.....TS.SMQD,.K..HTTSKCMLD,34.426320486403,15
108.0,0.42,P.....TS.SMQD,.K..N...K.M.D,75.45225032509836,15
108.0,0.42,P.....TS.SMQD,.K..N..S.C..D,60.24933058626139,18
108.0,0.42,P.....TS.SMQD,.K..N.TSK.MLD,59.56506895556848,16
108.0,0.42,P.....TS.SMQD,.K..NT....M..,28.787670546295754,14
108.0,0.42,P.....TS.SMQD,.K..S...KC..D,65.23912070970769,17
108.0,0.42,P.....TS.SMQD,.K..S...KC.L.,36.93077722607854,17
108.0,0.42,P.....TS.SMQD,.K..S.T...M..,43.05161489024327,17
108.0,0.42,P.....TS.SMQD,.K..S.TS.SMLD,61.2478533623063,17
108.0,0.42,P.....TS.SMQD,.K..ST..KCML.,65.7174615242509,17
108.0,0.42,P.....TS.SMQD,.K..ST..KSM..,38.933381392365355,18
108.0,0.42,P.....TS.SMQD,.K.K....K.MQ.,97.52866369014343,41
108.0,0.42,P.....TS.SMQD,.K.K....KS.Q.,94.38353451699066,34
108.0,0.42,P.....TS.SMQD,.K.K...SK.ML.,67.38413145011816,16
108.0,0.42,P.....TS.SMQD,.K.K...SKC.QD,80.00424345738735,18
108.0,0.42,P.....TS.SMQD,.K.K..TSKCMQD,37.608437893047835,17
108.0,0.42,P.....TS.SMQD,.K.K.T...S..D,79.69917611071345,18
108.0,0.42,P.....TS.SMQD,.K.K.T..K.M..,643.2375828910934,86
108.0,0.42,P.....TS.SMQD,.K.KH...K.M.D,312.62851407317464,53
108.0,0.42,P.....TS.SMQD,.K.KH...KS.LD,37.80924991124389,17
108.0,0.42,P.....TS.SMQD,.K.KHT...C.L.,119.21631792504355,48
108.0,0.42,P.....TS.SMQD,.K.KHT..K..LD,36.72716896098647,15
108.0,0.42,P.....TS.SMQD,.K.KHT.SKSMQ.,63.53919354070501,17
108.0,0.42,P.....TS.SMQD,.K.KHTT.KCM.D,37.838417849156556,18
108.0,0.42,P.....TS.SMQD,.K.KHTTSKSML.,56.37140408889416,18
108.0,0.42,P.....TS.SMQD,.K.KN.....MQD,83.68487299910113,28
108.0,0.42,P.....TS.SMQD,.K.KN....S.QD,50.06510799131315,18
108.0,0.42,P.....TS.SMQD,.K.KN...KCM..,66.35175830982664,16
108.0,0.42,P.....TS.SMQD,.K.KN...KSMQD,38.44969762804311,17
108.0,0.42,P.....TS.SMQD,.K.KN.T..SML.,28.241912863048377,18
108.0,0.42,P.....TS.SMQD,.K.KN.TS.SM..,34.17772522386714,18
108.0,0.42,P.....TS.SMQD,.K.KNT.SK...D,54.7324833430651,15
108.0,0.42,P.....TS.SMQD,.K.KNTTS.SM.D,31.972930291666668,17
108.0,0.42,P.....TS.SMQD,.K.KS........,72.5045123076291,15
108.0,0.42,P.....TS.SMQD,.K.KS....C.QD,50.30584410746538,18
108.0,0.42,P.....TS.SMQD,.K.KS...K..Q.,63.63846221895905,13
108.0,0.42,P.....TS.SMQD,.K.KS...K.MQ.,114.4511987933071,12
108.0,0.42,P.....TS.SMQD,.K.KS...KCM..,32.25789825048738,16
108.0,0.42,P.....TS.SMQD,.K.KS..S.....,26.82046871457364,15
108.0,0.42,P.....TS.SMQD,.K.KS.T..S.L.,27.49921565640659,18
108.0,0.42,P.....TS.SMQD,.K.KS.T.K.M..,110.12557671911038,40
108.0,0.42,P.....TS.SMQD,.K.KS.TS.....,82.27961328979374,16
108.0,0.42,P.....TS.SMQD,.K.KS.TS.C.Q.,63.66704025414844,18
108.0,0.42,P.....TS.SMQD,.K.KST..KC.LD,198.45435111755887,33
108.0,0.42,P.....TS.SMQD,.K.KSTTSKC.LD,98.79313402737259,33
108.0,0.42,P.....TS.SMQD,.KL......C.L.,80.88471354142112,18
108.0,0.42,P.....TS.SMQD,.KL.....K....,188.2259385324397,55
108.0,0.42,P.....TS.SMQD,.KL....S...L.,52.490363329223115,17
108.0,0.42,P.....TS.SMQD,.KL...TSKCMQD,43.17549688956786,18
108.0,0.42,P.....TS.SMQD,.KL..T....MQ.,87.92488837414611,31
108.0,0.42,P.....TS.SMQD,.KL..T.S.CM.D,48.356005940567854,18
108.0,0.42,P.....TS.SMQD,.KL..T.SK.M.D,31.56605787700692,17
108.0,0.42,P.....TS.SMQD,.KL.H.....MQ.,38.3210084280799,18
108.0,0.42,P.....TS.SMQD,.KL.H..S.SMQD,36.06699310283728,18
108.0,0.42,P.....TS.SMQD,.KL.H.T..S...,52.606513056992476,18
108.0,0.42,P.....TS.SMQD,.KL.H.TSK.ML.,47.26890939378436,18
108.0,0.42,P.....TS.SMQD,.KL.HT.SK..L.,33.292192473449084,18
108.0,0.42,P.....TS.SMQD,.KL.HTT.K.MQ.,86.04116670890052,16
108.0,0.42,P.....TS.SMQD,.KL.N.T..CMQ.,82.55612647949788,18
108.0,0.42,P.....TS.SMQD,.KL.NTTSK..LD,44.99361658736465,18
108.0,0.42,P.....TS.SMQD,.KL.NTTSKCML.,76.28083897728024,18
108.0,0.42,P.....TS.SMQD,.KL.NTTSKS.QD,47.3980545692938,18
108.0,0.42,P.....TS.SMQD,.KL.S...K.MQ.,34.466779691837196,17
108.0,0.42,P.....TS.SMQD,.KL.S..S..MQD,87.31511517791421,18
108.0,0.42,P.....TS.SMQD,.KL.S.T.KS...,75.01467312176008,16
108.0,0.42,P.....TS.SMQD,.KL.S.T.KS.L.,47.78550683420574,15
108.0,0.42,P.....TS.SMQD,.KL.S.TSKCML.,79.03310135890035,18
108.0,0.42,P.....TS.SMQD,.KL.ST..K.MQD,33.526424361704485,14
108.0,0.42,P.....TS.SMQD,.KL.ST.S..M..,49.20552037331782,17
108.0,0.42,P.....TS.SMQD,.KL.ST.S.C.QD,45.20613704401744,18
108.0,0.42,P.....TS.SMQD,.KLK...SKSMQ.,41.70241766486997,16
108.0,0.42,P.....TS.SMQD,.KLK..TSKS...,41.10792731760639,18
108.0,0.42,P.....TS.SMQD,.KLK.T...S.LD,66.90329510379719,18
108.0,0.42,P.....TS.SMQD,.KLK.T..K....,584.5194203748202,91
108.0,0.42,P.....TS.SMQD,.KLK.T.S..MQ.,129.47879223740907,33
108.0,0.42,P.....TS.SMQD,.KLK.TT.KSM.D,35.746139060143854,18
108.0,0.42,P.....TS.SMQD,.KLK.TTSKC.QD,31.852211698969143,18
108.0,0.42,P.....TS.SMQD,.KLKH.T.K..QD,38.53564219218276,18
108.0,0.42,P.....TS.SMQD,.KLKH.T.KS.LD,37.070473189705986,18
108.0,0.42,P.....TS.SMQD,.KLKH.TS.SM..,33.12482629449538,18
108.0,0.42,P.....TS.SMQD,.KLKH.TSKCMQ.,41.04964403727517,18
108.0,0.42,P.....TS.SMQD,.KLKHT..KC.Q.,35.80263393833921,16
108.0,0.42,P.....TS.SMQD,.KLKHTT..SMQ.,32.5300946109333,18
108.0,0.42,P.....TS.SMQD,.KLKHTTSK....,39.69141218273965,16
108.0,0.42,P.....TS.SMQD,.KLKN....S...,106.42938334379129,16
108.0,0.42,P.....TS.SMQD,.KLKN...KS...,37.27375037765436,16
108.0,0.42,P.....TS.SMQD,.KLKN.T.K....,82.69567308859116,29
108.0,0.42,P.....TS.SMQD,.KLKN.TS.S.QD,85.32195345144699,18
108.0,0.42,P.....TS.SMQD,.KLKNT.......,153.18962777689677,55
108.0,0.42,P.....TS.SMQD,.KLKNTTSK.MQD,68.19889184275846,18
108.0,0.42,P.....TS.SMQD,.KLKNTTSKSMQ.,57.59361904675504,17
108.0,0.42,P.....TS.SMQD,.KLKS..S.SM..,66.0833736080076,17
108.0,0.42,P.....TS.SMQD,.KLKS.T..C.LD,54.464648494611076,18
108.0,0.42,P.....TS.SMQD,.KLKS.T.KS..D,45.19046599374431,18
108.0,0.42,P.....TS.SMQD,.KLKST.SK....,42.23738672735924,15
108.0,0.42,P.....TS.SMQD,.KV......SM..,43.39781200151149,18
108.0,0.42,P.....TS.SMQD,.KV...T.KSMLD,107.76957726675987,18
108.0,0.42,P.....TS.SMQD,.KV...TS.S...,34.41684742827404,18
108.0,0.42,P.....TS.SMQD,.KV..T...CML.,82.58966558918141,17
108.0,0.42,P.....TS.SMQD,.KV..T..K.MQ.,71.56448932442574,17
108.0,0.42,P.....TS.SMQD,.KV..T.SK.M..,40.49309513370234,16
108.0,0.42,P.....TS.SMQD,.KV.H....SML.,71.88101558700883,17
108.0,0.42,P.....TS.SMQD,.KV.H..SKS.Q.,35.59515896174931,18
108.0,0.42,P.....TS.SMQD,.KV.H.T...M..,71.85354466895883,16
108.0,0.42,P.....TS.SMQD,.KV.HT..K..Q.,67.80789410393477,18
108.0,0.42,P.....TS.SMQD,.KV.HT.SKCML.,39.40847949084439,18
108.0,0.42,P.....TS.SMQD,.KV.HTTS..ML.,41.727762727166855,15
108.0,0.42,P.....TS.SMQD,.KV.HTTS.C...,39.59409134934099,17
108.0,0.42,P.....TS.SMQD,.KV.N...KSMQD,40.2230684264182,18
108.0,0.42,P.....TS.SMQD,.KV.NT...S.L.,63.03796787322949,17
108.0,0.42,P.....TS.SMQD,.KV.NT..K.M..,60.06313366917123,15
108.0,0.42,P.....TS.SMQD,.KV.S.....M..,84.20925615298337,18
108.0,0.42,P.....TS.SMQD,.KV.STT..S...,38.64335100812861,18
108.0,0.42,P.....TS.SMQD,.KV.STTSK..LD,43.90067877197144,18
108.0,0.42,P.....TS.SMQD,.KVK....KCMQD,85.12902196483512,32
108.0,0.42,P.....TS.SMQD,.KVK..T..C.L.,43.35919553085598,18
108.0,0.42,P.....TS.SMQD,.KVK..TSKC.L.,52.44046272008028,18
108.0,0.42,P.....TS.SMQD,.KVK..TSKCMQD,83.08033833136889,17
108.0,0.42,P.....TS.SMQD,.KVK.T..KCMQD,97.93697956168182,32
108.0,0.42,P.....TS.SMQD,.KVKH.T......,48.783361215618335,18
108.0,0.42,P.....TS.SMQD,.KVKH.TS.C..D,85.50701979572104,18
108.0,0.42,P.....TS.SMQD,.KVKHT..KSM..,47.546858125514795,17
108.0,0.42,P.....TS.SMQD,.KVKHTTS.C.LD,150.21772942402612,32
108.0,0.42,P.....TS.SMQD,.KVKHTTS.SML.,86.60409014888032,17
108.0,0.42,P.....TS.SMQD,.KVKHTTSKC.QD,69.49475281847377,18
108.0,0.42,P.....TS.SMQD,.KVKN..S.CM..,41.25330833369615,18
108.0,0.42,P.....TS.SMQD,.KVKN.T.KC.LD,132.88950954711711,33
108.0,0.42,P.....TS.SMQD,.KVKNTTSK.MQ.,43.41840919535487,18
108.0,0.42,P.....TS.SMQD,.KVKS...KS...,82.61630650823433,17
108.0,0.42,P.....TS.SMQD,.KVKS..SKS..D,68.18145865308053,18
108.0,0.42,P.....TS.SMQD,.KVKS.T.KSML.,31.423433159260444,17
108.0,0.42,P.....TS.SMQD,.KVKS.TSK..QD,48.904113310244334,18
108.0,0.42,P.....TS.SMQD,.KVKS.TSKS.L.,56.122158197460465,18
108.0,0.42,P.....TS.SMQD,.KVKSTT.KSMQD,36.809528854192685,16
108.0,0.42,P.....TS.SMQD,P......SK.ML.,36.65436591733196,15
108.0,0.42,P.....TS.SMQD,P.....T.KC..D,44.516518954271085,18
108.0,0.42,P.....TS.SMQD,P.....TS.SM..,36.019918119717545,18
108.0,0.42,P.....TS.SMQD,P.....TSKS.QD,84.16521866073208,18
108.0,0.42,P.....TS.SMQD,P....TT..SMQ.,42.2798778146219,17
108.0,0.42,P.....TS.SMQD,P....TTSKC.L.,35.74492447089213,17
108.0,0.42,P.....TS.SMQD,P...H.....ML.,37.23269703111806,16
108.0,0.42,P.....TS.SMQD,P...H..S.....,117.69553399671952,18
108.0,0.42,P.....TS.SMQD,P...H.T.K.MLD,113.16698795063671,16
108.0,0.42,P.....TS.SMQD,P...H.TSKS.L.,48.19844229277512,18
108.0,0.42,P.....TS.SMQD,P...HT....ML.,73.11479551579436,16
108.0,0.42,P.....TS.SMQD,P...HTTSK.M..,38.7076024025022,18
108.0,0.42,P.....TS.SMQD,P...N.TS..MQD,99.65456350059601,18
108.0,0.42,P.....TS.SMQD,P...N.TSK.M.D,54.282083146772656,18
108.0,0.42,P.....TS.SMQD,P...NT...SM..,55.105336665019955,18
108.0,0.42,P.....TS.SMQD,P...NTT.KS.Q.,78.9448271827503,18
108.0,0.42,P.....TS.SMQD,P...S.T.K..QD,42.87340452500422,17
108.0,0.42,P.....TS.SMQD,P...ST.S...QD,46.24151071071665,18
108.0,0.42,P.....TS.SMQD,P...ST.S.SMLD,34.996700042821836,18
108.0,0.42,P.....TS.SMQD,P...STT..CML.,54.81286977558616,18
108.0,0.42,P.....TS.SMQD,P..K.........,72.7551329183977,17
108.0,0.42,P.....TS.SMQD,P..K...S.C.LD,56.49057752821889,18
108.0,0.42,P.....TS.SMQD,P..K..TS.CM..,90.4938843995337,17
108.0,0.42,P.....TS.SMQD,P..K.T..KC.LD,47.93715440502547,17
108.0,0.42,P.....TS.SMQD,P..K.T.SKC...,147.60855760093048,33
108.0,0.42,P.....TS.SMQD,P..KH....SM..,45.92089823286588,18
108.0,0.42,P.....TS.SMQD,P..KH.T.K..L.,62.28489353314219,17
108.0,0.42,P.....TS.SMQD,P..KH.T.KSML.,63.1119187279615,18
108.0,0.42,P.....TS.SMQD,P..KHTT.KCM..,136.19673347309515,18
108.0,0.42,P.....TS.SMQD,P..KHTTS.SML.,72.37372108801154,18
108.0,0.42,P.....TS.SMQD,P..KN....S..D,45.35950948382291,18
108.0,0.42,P.....TS.SMQD,P..KN...K.ML.,40.95391505669418,15
108.0,0.42,P.....TS.SMQD,P..KN...KSM.D,68.17826855694722,17
108.0,0.42,P.....TS.SMQD,P..KN..S.C..D,66.23984442882168,18
108.0,0.42,P.....TS.SMQD,P..KN..SKC.L.,40.438007728892835,18
108.0,0.42,P.....TS.SMQD,P..KN.T.K.M..,70.81869720886019,15
108.0,0.42,P.....TS.SMQD,P..KNT..K...D,80.89992274879141,12
108.0,0.42,P.....TS.SMQD,P..KNT..K..Q.,41.786605027280046,14
108.0,0.42,P.....TS.SMQD,P..KNTT.KC.QD,51.874613780170755,18
108.0,0.42,P.....TS.SMQD,P..KS....SM.D,78.95576679393261,18
108.0,0.42,P.....TS.SMQD,P..KS...K.MQ.,362.39037097039915,92
108.0,0.42,P.....TS.SMQD,P..KS..S..ML.,43.74122878333681,18
108.0,0.42,P.....TS.SMQD,P..KST..K...D,118.98868005538876,48
108.0,0.42,P.....TS.SMQD,P..KSTT.....D,48.305454092765906,18
108.0,0.42,P.....TS.SMQD,P..KSTTSKC.Q.,64.82249379560761,18
108.0,0.42,P.....TS.SMQD,P.L.....K.MQ.,60.40774155038832,18
108.0,0.42,P.....TS.SMQD,P.L....S..MLD,37.209696482237746,18
108.0,0.42,P.....TS.SMQD,P.L...T.KC.L.,49.305984874428184,18
108.0,0.42,P.....TS.SMQD,P.L...TS.CMQD,47.49420772747685,18
108.0,0.42,P.....TS.SMQD,P.L..T..K..QD,33.45990699859385,18
108.0,0.42,P.....TS.SMQD,P.L..TTSKSMQ.,55.52256854708054,17
108.0,0.42,P.....TS.SMQD,P.L.H....S...,67.37248726428578,18
108.0,0.42,P.....TS.SMQD,P.L.H..SKS.QD,68.17622238856309,18
108.0,0.42,P.....TS.SMQD,P.L.HT.SKCMLD,132.22179736132938,18
108.0,0.42,P.....TS.SMQD,P.L.NT.S..M..,58.016496820455515,18
108.0,0.42,P.....TS.SMQD,P.L.NT.S.CMQ.,32.824611746449946,17
108.0,0.42,P.....TS.SMQD,P.L.NT.SKC.LD,41.04849476325626,18
108.0,0.42,P.....TS.SMQD,P.L.NTTS...L.,118.42954234030428,18
108.0,0.42,P.....TS.SMQD,P.L.NTTS.C.QD,132.12349192534705,17
108.0,0.42,P.....TS.SMQD,P.L.S........,49.2006665127477,18
108.0,0.42,P.....TS.SMQD,P.L.S.T..SMQ.,39.53585290268734,18
108.0,0.42,P.....TS.SMQD,P.L.S.T.K...D,43.747323357518596,18
108.0,0.42,P.....TS.SMQD,P.L.ST..K...D,89.90345903617815,18
108.0,0.42,P.....TS.SMQD,P.LK...SKC...,77.78068652997531,18
108.0,0.42,P.....TS.SMQD,P.LK.T.S.C...,81.55831010507139,17
108.0,0.42,P.....TS.SMQD,P.LK.T.SKS.LD,53.811385753852235,18
108.0,0.42,P.....TS.SMQD,P.LK.TT.KS.LD,53.4869557453291,17
108.0,0.42,P.....TS.SMQD,P.LK.TTS.C.LD,95.69248150767015,18
108.0,0.42,P.....TS.SMQD,P.LK.TTSKCM.D,50.26535373188856,17
108.0,0.42,P.....TS.SMQD,P.LKHT....MQD,113.98357417211496,18
108.0,0.42,P.....TS.SMQD,P.LKHT..KS...,151.6128392344021,16
108.0,0.42,P.....TS.SMQD,P.LKHT.SK....,36.94714894040044,16
108.0,0.42,P.....TS.SMQD,P.LKHT.SKCML.,79.74200181240444,18
108.0,0.42,P.....TS.SMQD,P.LKN...K....,22993.18677969654,1903
108.0,0.42,P.....TS.SMQD,P.LKN...KCMQD,40.3645981822512,18
108.0,0.42,P.....TS.SMQD,P.LKN...KS...,38.95713700417848,17
108.0,0.42,P.....TS.SMQD,P.LKN.TS..M..,40.39882943234994,18
108.0,0.42,P.....TS.SMQD,P.LKN.TS.C.LD,35.80184128419822,18
108.0,0.42,P.....TS.SMQD,P.LKNT...CM..,32.948523037865876,18
108.0,0.42,P.....TS.SMQD,P.LKNT.S...L.,47.218039010442716,18
108.0,0.42,P.....TS.SMQD,P.LKNT.S.SM..,47.09736812243851,18
108.0,0.42,P.....TS.SMQD,P.LKNT.SK..Q.,77.29054387330136,17
108.0,0.42,P.....TS.SMQD,P.LKNTTS.SMQ.,84.50810330540327,17
108.0,0.42,P.....TS.SMQD,P.LKS......L.,36.95210546384826,15
108.0,0.42,P.....TS.SMQD,P.LKS..SKSMQ.,61.57345315228029,18
108.0,0.42,P.....TS.SMQD,P.LKS.TS.C...,72.25198919402611,18
108.0,0.42,P.....TS.SMQD,P.LKS.TS.CMLD,35.95629474664524,18
108.0,0.42,P.....TS.SMQD,P.LKST.S.CM.D,99.71993528602327,18
108.0,0.42,P.....TS.SMQD,P.LKST.SK..Q.,45.1218650907234,17
108.0,0.42,P.....TS.SMQD,P.V....S..M..,273.10774533117905,18
108.0,0.42,P.....TS.SMQD,P.V...T..SM.D,90.73959302995962,18
108.0,0.42,P.....TS.SMQD,P.V..TT.K....,51.1586745073235,17
108.0,0.42,P.....TS.SMQD,P.V..TT.K..QD,63.116721101928405,17
108.0,0.42,P.....TS.SMQD,P.V.H...K.M.D,54.0442081949146,17
108.0,0.42,P.....TS.SMQD,P.V.H.T.KSMQD,36.461359937046645,18
108.0,0.42,P.....TS.SMQD,P.V.H.TSKC..D,54.71618801204333,18
108.0,0.42,P.....TS.SMQD,P.V.HT....M..,98.74066479821114,17
108.0,0.42,P.....TS.SMQD,P.V.HT...S...,81.85978307960167,18
108.0,0.42,P.....TS.SMQD,P.V.HTT..C.QD,36.38698615634337,17
108.0,0.42,P.....TS.SMQD,P.V.HTT.K.M.D,42.480063948701606,18
108.0,0.42,P.....TS.SMQD,P.V.HTTS..M.D,66.2369200305146,17
108.0,0.42,P.....TS.SMQD,P.V.N.....M..,86.3687096265256,18
108.0,0.42,P.....TS.SMQD,P.V.N.T..C.LD,42.47487718195228,18
108.0,0.42,P.....TS.SMQD,P.V.NT.....Q.,43.11717504896516,18
108.0,0.42,P.....TS.SMQD,P.V.NT..K.M..,110.12417520551045,16
108.0,0.42,P.....TS.SMQD,P.V.NT..K.M.D,38.640334382261614,16
108.0,0.42,P.....TS.SMQD,P.V.NT.SKC.Q.,38.350277366827264,18
108.0,0.42,P.....TS.SMQD,P.V.NTTSK.MQD,77.94679703527383,18
108.0,0.42,P.....TS.SMQD,P.V.S...KSMLD,68.39036513509045,18
108.0,0.42,P.....TS.SMQD,P.V.S..S.CML.,70.30673891822565,17
108.0,0.42,P.....TS.SMQD,P.V.ST.S....D,135.04329803356782,18
108.0,0.42,P.....TS.SMQD,P.VK.....S.Q.,35.7623419502916,18
108.0,0.42,P.....TS.SMQD,P.VK...S...LD,75.0816418252335,18
108.0,0.42,P.....TS.SMQD,P.VK...SKCML.,35.64911586592802,18
108.0,0.42,P.....TS.SMQD,P.VK.T..K....,208.6114534207318,59
108.0,0.42,P.....TS.SMQD,P.VK.T..KCMQ.,36.471352195591955,16
108.0,0.42,P.....TS.SMQD,P.VK.T.S.SMLD,139.05116024833535,18
108.0,0.42,P.....TS.SMQD,P.VK.TTS.S..D,42.764748443578775,18
108.0,0.42,P.....TS.SMQD,P.VKH....C.LD,102.02702877538624,18
108.0,0.42,P.....TS.SMQD,P.VKH..S.S.L.,56.89552058586054,18
108.0,0.42,P.....TS.SMQD,P.VKH.T.KCM..,63.81231477707423,18
108.0,0.42,P.....TS.SMQD,P.VKH.TS.S.Q.,163.88497072648786,34
108.0,0.42,P.....TS.SMQD,P.VKHT..K..L.,143.39254790578298,16
108.0,0.42,P.....TS.SMQD,P.VKHT.SKC.QD,78.25440173255596,18
108.0,0.42,P.....TS.SMQD,P.VKN..SK.M..,103.42387834846518,16
108.0,0.42,P.....TS.SMQD,P.VKN..SK.M.D,39.418379582808065,17
108.0,0.42,P.....TS.SMQD,P.VKNT..K.M..,40.76273644354859,13
108.0,0.42,P.....TS.SMQD,P.VKNTTSKSM.D,98.35955065505303,18
108.0,0.42,P.....TS.SMQD,P.VKS...K....,116.92772443210956,21
108.0,0.42,P.....TS.SMQD,P.VKS...KC...,39.51332806710528,17
108.0,0.42,P.....TS.SMQD,P.VKS..SK.MQD,60.45286581875102,18
108.0,0.42,P.....TS.SMQD,P.VKS.TS.S..D,39.129679108119035,18
108.0,0.42,P.....TS.SMQD,P.VKS.TS.S.L.,65.30302585818053,18
108.0,0.42,P.....TS.SMQD,P.VKST.S.C.LD,47.63350204737814,18
108.0,0.42,P.....TS.SMQD,P.VKST.SKCMLD,38.30593192623012,18
108.0,0.42,P.....TS.SMQD,P.VKSTT...MQ.,78.82573398419194,16
108.0,0.42,P.....TS.SMQD,PK........M.D,52.105995263772535,18
108.0,0.42,P.....TS.SMQD,PK.......CML.,38.6610608951136,18
108.0,0.42,P.....TS.SMQD,PK....TS.SMQD,35.52967282496428,17
108.0,0.42,P.....TS.SMQD,PK..H....CM..,40.68491064829422,18
108.0,0.42,P.....TS.SMQD,PK..H...K....,87.48853603338787,13
108.0,0.42,P.....TS.SMQD,PK..H...K.M..,352.0235236404792,77
108.0,0.42,P.....TS.SMQD,PK..H.T.K.MLD,64.18248134108781,17
108.0,0.42,P.....TS.SMQD,PK..H.TSKC.L.,35.79346192149215,18
108.0,0.42,P.....TS.SMQD,PK..HT..KC.L.,62.90695819210235,18
108.0,0.42,P.....TS.SMQD,PK..HTT.K...D,42.78300444222101,14
108.0,0.42,P.....TS.SMQD,PK..HTT.KSMQ.,39.968774655155954,18
108.0,0.42,P.....TS.SMQD,PK..N..SK....,168.5195942186847,46
108.0,0.42,P.....TS.SMQD,PK..N..SKC.Q.,80.690509794757,18
108.0,0.42,P.....TS.SMQD,PK..N..SKS..D,130.50329727735465,50
108.0,0.42,P.....TS.SMQD,PK..N.T.K..LD,41.92950904180637,17
108.0,0.42,P.....TS.SMQD,PK..NT.S.C.Q.,36.45043428832635,18
108.0,0.42,P.....TS.SMQD,PK..NTTS..MQD,36.92882249331337,16
108.0,0.42,P.....TS.SMQD,PK..S..SK.M..,56.363637640623814,16
108.0,0.42,P.....TS.SMQD,PK..S.TS.SML.,26.213500611312877,18
108.0,0.42,P.....TS.SMQD,PK..ST..KSMLD,74.59981369803566,16
108.0,0.42,P.....TS.SMQD,PK..ST.SK....,33.98973549748421,17
108.0,0.42,P.....TS.SMQD,PK..STT.KS.L.,37.962285521078016,16
108.0,0.42,P.....TS.SMQD,PK..STTSK.ML.,40.01592217048352,16
108.0,0.42,P.....TS.SMQD,PK..STTSKSM..,33.157650528864416,16
108.0,0.42,P.....TS.SMQD,PK.K.....C.LD,37.00681598981067,18
108.0,0.42,P.....TS.SMQD,PK.K...SKSMLD,78.91464674664809,18
108.0,0.42,P.....TS.SMQD,PK.K.T.....L.,99.18450491595675,17
108.0,0.42,P.....TS.SMQD,PK.K.T.S.SM..,50.20167404669919,18
108.0,0.42,P.....TS.SMQD,PK.K.TT..C...,39.638050659169956,18
108.0,0.42,P.....TS.SMQD,PK.KH....C.QD,77.90046677097503,34
108.0,0.42,P.....TS.SMQD,PK.KH...KCMQ.,35.66634052618352,18
108.0,0.42,P.....TS.SMQD,PK.KH..SK.MQD,67.60519833251728,18
108.0,0.42,P.....TS.SMQD,PK.KHT.SK.M.D,39.197773926464066,18
108.0,0.42,P.....TS.SMQD,PK.KHT.SKC.L.,40.996142483437986,18
108.0,0.42,P.....TS.SMQD,PK.KN...K..L.,56.21431457683402,15
108.0,0.42,P.....TS.SMQD,PK.KN...K..QD,44.160720996737325,14
108.0,0.42,P.....TS.SMQD,PK.KN...K.ML.,23.479298000692538,14
108.0,0.42,P.....TS.SMQD,PK.KN..SKC.QD,62.85963678347421,18
108.0,0.42,P.....TS.SMQD,PK.KN.T..C..D,64.2078523457676,18
108.0,0.42,P.....TS.SMQD,PK.KN.TS..M.D,40.381144892472875,16
108.0,0.42,P.....TS.SMQD,PK.KN.TS..MQD,95.54153838566282,17
108.0,0.42,P.....TS.SMQD,PK.KN.TS.S.L.,36.32441303301377,18
108.0,0.42,P.....TS.SMQD,PK.KNT..K..Q.,75.66035597833584,14
108.0,0.42,P.....TS.SMQD,PK.KNTT.K..L.,116.79649911776717,16
108.0,0.42,P.....TS.SMQD,PK.KNTT.KSM..,67.76554289032477,18
108.0,0.42,P.....TS.SMQD,PK.KNTTS.CMQD,47.46895238761683,18
108.0,0.42,P.....TS.SMQD,PK.KNTTSKS.Q.,44.95098980502627,18
108.0,0.42,P.....TS.SMQD,PK.KS..SK....,81.79468822411494,27
108.0,0.42,P.....TS.SMQD,PK.KS..SKS.L.,110.17299989193901,18
108.0,0.42,P.....TS.SMQD,PK.KS.TSKS...,70.69310697498047,18
108.0,0.42,P.....TS.SMQD,PK.KS.TSKS.LD,46.78850525236997,18
108.0,0.42,P.....TS.SMQD,PK.KS.TSKSML.,45.65312601472584,17
108.0,0.42,P.....TS.SMQD,PK.KST..K.M..,330.560860539616,58
108.0,0.42,P.....TS.SMQD,PK.KST..KSMQ.,86.95769580901852,33
108.0,0.42,P.....TS.SMQD,PK.KST.S...QD,133.92696132834877,18
108.0,0.42,P.....TS.SMQD,PKL...TSKS..D,137.1073831515518,18
108.0,0.42,P.....TS.SMQD,PKL..T.S..M.D,56.93550457691684,17
108.0,0.42,P.....TS.SMQD,PKL..T.SKSM..,107.90403201171684,16
108.0,0.42,P.....TS.SMQD,PKL..TT..SMQ.,91.9122192921989,17
108.0,0.42,P.....TS.SMQD,PKL..TTSK....,78.94474933033368,18
108.0,0.42,P.....TS.SMQD,PKL.H..S.CML.,50.576341879585726,18
108.0,0.42,P.....TS.SMQD,PKL.H.T...MLD,68.33010417636197,17
108.0,0.42,P.....TS.SMQD,PKL.N.....M..,38.82866300214874,18
108.0,0.42,P.....TS.SMQD,PKL.N..SK.MLD,57.29604644544294,17
108.0,0.42,P.....TS.SMQD,PKL.NTT..SM.D,80.08458952706657,18
108.0,0.42,P.....TS.SMQD,PKL.NTT.K..QD,44.545906949528316,18
108.0,0.42,P.....TS.SMQD,PKL.S..SK.MQ.,83.95787877220934,18
108.0,0.42,P.....TS.SMQD,PKL.ST...S..D,59.27695298617453,18
108.0,0.42,P.....TS.SMQD,PKL.ST..KC.L.,95.02189403571887,18
108.0,0.42,P.....TS.SMQD,PKL.ST.SK..LD,86.82142719075686,33
108.0,0.42,P.....TS.SMQD,PKL.STT.KCM..,47.62785816229237,18
108.0,0.42,P.....TS.SMQD,PKLK.....CMQ.,32.67921405869224,18
108.0,0.42,P.....TS.SMQD,PKLK....K.M..,39.442517529508606,15
108.0,0.42,P.....TS.SMQD,PKLK...S...L.,89.9711390537539,18
108.0,0.42,P.....TS.SMQD,PKLK...SKS.Q.,46.909894472865524,16
108.0,0.42,P.....TS.SMQD,PKLK.T..KC.QD,37.74520040260266,18
108.0,0.42,P.....TS.SMQD,PKLKH...KC.Q.,51.21481365058436,18
108.0,0.42,P.....TS.SMQD,PKLKN.TS.CMQD,71.60595763084501,18
108.0,0.42,P.....TS.SMQD,PKLKNTT..S...,46.20070085579965,18
108.0,0.42,P.....TS.SMQD,PKLKNTTSK.MQ.,71.07300567659118,17
108.0,0.42,P.....TS.SMQD,PKLKNTTSKCM..,75.91622299855007,18
108.0,0.42,P.....TS.SMQD,PKLKS...K.ML.,48.36086925213564,17
108.0,0.42,P.....TS.SMQD,PKLKS...KC...,84.24404452468416,32
108.0,0.42,P.....TS.SMQD,PKLKS..SKCMLD,82.39453476683042,18
108.0,0.42,P.....TS.SMQD,PKLKS.T.K.MLD,51.1951828617503,18
108.0,0.42,P.....TS.SMQD,PKLKST..KCMLD,73.41969027196228,17
108.0,0.42,P.....TS.SMQD,PKV........LD,91.80268771681143,18
108.0,0.42,P.....TS.SMQD,PKV....SKCMQ.,90.27035670107915,18
108.0,0.42,P.....TS.SMQD,PKV...TS.CM..,36.78098911071908,17
108.0,0.42,P.....TS.SMQD,PKV..T...S.Q.,244.48869931131176,18
108.0,0.42,P.....TS.SMQD,PKV..T..K...D,111.23951821538424,17
108.0,0.42,P.....TS.SMQD,PKV..T.S.CML.,37.34007977464263,18
108.0,0.42,P.....TS.SMQD,PKV..TT.K..QD,40.26001391913703,17
108.0,0.42,P.....TS.SMQD,PKV..TTSKC.L.,98.6923784108471,18
108.0,0.42,P.....TS.SMQD,PKV.HT.SK.ML.,62.86177261199535,18
108.0,0.42,P.....TS.SMQD,PKV.N..S.SML.,53.85617053942182,18
108.0,0.42,P.....TS.SMQD,PKV.N.TSKC.LD,32.70723620664133,18
108.0,0.42,P.....TS.SMQD,PKV.NT.SK.MQD,299.5590370611787,34
108.0,0.42,P.....TS.SMQD,PKV.NTTS...LD,74.84781712819965,17
108.0,0.42,P.....TS.SMQD,PKV.S....CMQD,48.71831625173046,18
108.0,0.42,P.....TS.SMQD,PKV.S...K.MQ.,53.783370203377345,18
108.0,0.42,P.....TS.SMQD,PKV.S..SK.ML.,40.322237131486155,18
108.0,0.42,P.....TS.SMQD,PKV.S.T...MQD,73.46153491279168,18
108.0,0.42,P.....TS.SMQD,PKV.S.TS..M.D,40.087750073894874,18
108.0,0.42,P.....TS.SMQD,PKV.S.TS.C.QD,89.64118335564018,18
108.0,0.42,P.....TS.SMQD,PKV.S.TS.CML.,156.39936816347932,18
108.0,0.42,P.....TS.SMQD,PKV.ST...SM.D,78.5379771564588,18
108.0,0.42,P.....TS.SMQD,PKV.STTSK....,34.782412257490854,18
108.0,0.42,P.....TS.SMQD,PKV.STTSKC..D,60.63805119378083,17
108.0,0.42,P.....TS.SMQD,PKV.STTSKSMLD,57.2320968447894,18
108.0,0.42,P.....TS.SMQD,PKVK....K.MQD,44.35956115447248,17
108.0,0.42,P.....TS.SMQD,PKVK...SK.ML.,92.47581696778163,17
108.0,0.42,P.....TS.SMQD,PKVK...SK.MQ.,41.43861666330563,17
108.0,0.42,P.....TS.SMQD,PKVK.TT..CM.D,89.05175123824917,17
108.0,0.42,P.....TS.SMQD,PKVK.TT.KSML.,91.44145025166807,16
108.0,0.42,P.....TS.SMQD,PKVK.TTSK..L.,87.1487090701739,18
108.0,0.42,P.....TS.SMQD,PKVKH..SKC.QD,107.19483069199751,18
108.0,0.42,P.....TS.SMQD,PKVKHT....MLD,61.48564628841364,15
108.0,0.42,P.....TS.SMQD,PKVKHT.SK....,48.56600680780501,16
108.0,0.42,P.....TS.SMQD,PKVKHTT.K..Q.,48.421254365506016,17
108.0,0.42,P.....TS.SMQD,PKVKHTTS.....,51.55186232600615,17
108.0,0.42,P.....TS.SMQD,PKVKN....CMLD,68.10841958249904,18
108.0,0.42,P.....TS.SMQD,PKVKN...K.M.D,53.41411731351991,15
108.0,0.42,P.....TS.SMQD,PKVKN...KC.Q.,37.21872273067362,18
108.0,0.42,P.....TS.SMQD,PKVKN..S...QD,84.49057032474171,18
108.0,0.42,P.....TS.SMQD,PKVKNT.S..M.D,58.42452488185398,16
108.0,0.42,P.....TS.SMQD,PKVKNTTSKCMQD,130.76637917869982,18
108.0,0.42,P.....TS.SMQD,PKVKS...K.MLD,38.09631689291543,18
108.0,0.42,P.....TS.SMQD,PKVKS..S.S...,46.056935033614785,18
108.0,0.42,P.....TS.SMQD,PKVKS.T.KS.LD,115.49076055647737,17
108.0,0.42,P.....TS.SMQD,PKVKS.T.KS.Q.,54.189260865591116,18
108.0,0.42,P.....TS.SMQD,PKVKST...C.L.,131.29386147183885,18
108.0,0.42,P.....TS.SMQD,PKVKST..K.MQ.,109.90538713757013,34
108.0,0.42,P.....TS.SMQD,PKVKSTTS.CMQ.,57.617897516986474,18
108.0,0.42,P...H.....ML.,P...HT....ML.,1.8978521576469798,1
108.0,0.42,P..K.........,P.LKN...K....,1.8618649623262475,1
108.0,0.42,P..K.T.SKC...,P.LKN...K....,2.415745696089861,1
108.0,0.42,P..KN...K.ML.,P.LKN...K....,9.596523022277086,2
108.0,0.42,P..KN...KSM.D,P.LKN...K....,4.700913137388542,1
108.0,0.42,P..KN.T.K.M..,P.LKN...K....,4.603108130279659,1
108.0,0.42,P..KNT..K...D,P.LKN...K....,8.692923531751973,3
108.0,0.42,P..KNT..K..Q.,P.LKN...K....,16.750284734282566,3
108.0,0.42,P..KNT..K..Q.,PK.KNT..K..Q.,1.8746201167352934,1
108.0,0.42,P..KS...K.MQ.,...KS...K.MQ.,3.5854299971620303,2
108.0,0.42,P..KS...K.MQ.,.K.KS...K..Q.,3.3395501118485935,2
108.0,0.42,P..KS...K.MQ.,P.LKN...K....,45.83061241411804,10
108.0,0.42,P..KST..K...D,...KHT..K.M.D,1.7620200392761196,1
108.0,0.42,P..KST..K...D,P..KNT..K...D,9.539807520513003,3
108.0,0.42,P..KST..K...D,P.LKN...K....,59.119178958757445,9
108.0,0.42,P..KST..K...D,PK.KST..K.M..,2.521596599049431,1
108.0,0.42,P.LKHT.SK....,.KLK.T..K....,2.3670498432903875,1
108.0,0.42,P.LKHT.SK....,P.LKN...K....,4.702296273147229,1
108.0,0.42,P.LKN...KS...,P.LKN...K....,12.233061068631821,1
108.0,0.42,P.LKST.SK..Q.,P.LKNT.SK..Q.,1.7790625745395314,1
108.0,0.42,P.V.NT..K.M.D,P.V.NT..K.M..,2.840795063909641,1
108.0,0.42,P.VK.T..K....,.KLK.T..K....,2.131325604691122,1
108.0,0.42,P.VK.T..K....,P.LKN...K....,14.086583510687671,5
108.0,0.42,P.VK.T..K....,P.VKS...K....,1.8439353714521216,1
108.0,0.42,P.VK.T.S.S.Q.,P.....TS.SMQD,45.694060301958885,18
108.0,0.42,P.VKHTTSKSML.,P.....TS.SMQD,32.40829748985994,18
108.0,0.42,P.VKN..SK.M..,P.LKN...K....,2.6977760724681623,1
108.0,0.42,P.VKN..SK.M.D,P.VKN..SK.M..,2.5463555852779605,1
108.0,0.42,P.VKNT..K.M..,P.LKN...K....,16.58096658453265,4
108.0,0.42,P.VKNT..K.M..,P.V.NT..K.M..,1.9278089478013893,1
108.0,0.42,P.VKS...K....,P.LKN...K....,27.33257971672364,11
108.0,0.42,P.VKS...KC...,P.VKS...K....,3.0486922830981773,1
108.0,0.42,PK...T..KSMLD,...KSTTSK..LD,4.7590789248895025,2
108.0,0.42,PK...T..KSMLD,P.....TS.SMQD,30.58359466975845,15
108.0,0.42,PK...T..KSMLD,PK..ST..KSMLD,9.11886217839881,1
108.0,0.42,PK..H...K....,P.LKN...K....,6.305923001105947,3
108.0,0.42,PK..H...K.M..,.K.K.T..K.M..,2.109948731266143,1
108.0,0.42,PK..H...K.M..,P.LKN...K....,50.063319252963424,16
108.0,0.42,PK..H...K.M..,PK..H...K....,3.4218409332801203,2
108.0,0.42,PK..H.T.K.MLD,P...H.T.K.MLD,1.8250222623345056,1
108.0,0.42,PK..N..SK....,.K.K.T..K.M..,2.99112112994038,1
108.0,0.42,PK..N..SK....,P.LKN...K....,10.349437659413955,3
108.0,0.42,PK..S..SK.M..,.K.K.T..K.M..,2.9733196975762843,1
108.0,0.42,PK..S..SK.M..,P.LKN...K....,3.2140737206832215,1
108.0,0.42,PK..ST.SK....,PK.KST..K.M..,2.53477233771978,1
108.0,0.42,PK..STT.K.ML.,...KSTTSK..LD,7.369298582390365,2
108.0,0.42,PK..STT.K.ML.,P.....TS.SMQD,46.43966494936745,15
108.0,0.42,PK..STT.K.ML.,PK..STTSK.ML.,7.710592314266732,1
108.0,0.42,PK.KN...K..L.,P.LKN...K....,6.843925130693059,2
108.0,0.42,PK.KN...K..QD,...KNT..K.MQD,2.0976996428430943,1
108.0,0.42,PK.KN...K..QD,P.LKN...K....,12.413930917387898,3
108.0,0.42,PK.KN...K.ML.,P..KN...K.ML.,1.5938689199106038,1
108.0,0.42,PK.KN...K.ML.,P.LKN...K....,11.539359963618113,2
108.0,0.42,PK.KN...K.ML.,PK.KN...K..L.,2.044988615607484,1
108.0,0.42,PK.KN.TS..M.D,PK.KN.TS..MQD,2.2236662355136003,1
108.0,0.42,PK.KNT..K..Q.,P.LKN...K....,7.459926057155922,3
108.0,0.42,PK.KS..SK....,P.LKN...K....,20.448805747682872,5
108.0,0.42,PK.KS..SK....,PK.KST..K.M..,1.6581121310199376,1
108.0,0.42,PK.KST..K.M..,P.LKN...K....,50.323592502059846,19
108.0,0.42,PKL..T....MQD,...KSTTSK..LD,2.421938560475017,1
108.0,0.42,PKL..T....MQD,P.....TS.SMQD,42.279844999011225,17
108.0,0.42,PKL.STT.K..Q.,P.....TS.SMQD,26.51962822042926,18
108.0,0.42,PKLK....K.M..,P.LKN...K....,8.419728929296468,2
108.0,0.42,PKLK.TT..SML.,...KSTTSK..LD,2.81588967016999,1
108.0,0.42,PKLK.TT..SML.,P.....TS.SMQD,38.962301974524955,16
108.0,0.42,PKLKS...K.ML.,P.LKN...K....,2.9494637831664385,1
108.0,0.42,PKLKS...KC...,P.LKN...K....,13.433250120719489,2
108.0,0.42,PKV..TT.K..QD,P.V..TT.K..QD,1.6224643787602593,1
108.0,0.42,PKVK...SK.MQ.,PKVK...SK.ML.,2.265660684121666,1
108.0,0.42,PKVKHT.SK....,P.LKN...K....,5.868856821650223,2
108.0,0.42,PKVKN...K.M.D,P.LKN...K....,6.993490485521773,2
108.0,0.42,PKVKN.TS.C.QD,P.....TS.SMQD,32.65728281416885,18
108.0,0.43,....N...K..QD,P..KN...K..QD,2.3784152543695525,1
108.0,0.43,...KHT..K.M.D,P..KN...K..QD,4.196246376121405,2
108.0,0.43,...KNT.SK...D,.K.KNT.SK...D,2.329988798424121,1
108.0,0.43,...KS...KS..D,...KST..KS...,2.209523895411644,1
108.0,0.43,..L.STT..S..D,..L.STT..SM.D,2.869944164839121,1
108.0,0.43,..V.NT.S.C.L.,..V.H..S.C.L.,2.0584304276179086,1
108.0,0.43,..V.S..S.CML.,P.V.S..S.CML.,1.9213848357044796,1
108.0,0.43,..V.S..S.SML.,..V.S..S.CML.,2.7967578978024363,1
108.0,0.43,..V.S..S.SML.,.KVKH.TS...LD,21.914287543437297,17
108.0,0.43,..V.ST..K.M..,..V.S..SK.M..,2.0824776308030755,1
108.0,0.43,..VK.TTS.C.LD,.KVKHTTS.C.LD,1.859540390211813,1
108.0,0.43,..VKS.T....QD,.KL.N...KCMQ.,1.9784523040356112,1
108.0,0.43,..VKS.T....QD,.KVKH.TS...LD,20.834718700038284,17
108.0,0.43,.K.....SK.ML.,.K.K...SK.ML.,2.040775203521464,1
108.0,0.43,.K.....SK.ML.,PK.....SK.M..,3.754721772913282,1
108.0,0.43,.K.K....K.MQ.,.K.KS...K.MQ.,8.382983587885747,2
108.0,0.43,.K.K..TSKCMQD,.KVK..TSKCMQD,2.3281071272402873,1
108.0,0.43,.K.KS...K..Q.,.K.KS...K.MQ.,2.0329672925458713,1
108.0,0.43,.K.KS...KCM..,.K.KN...KCM..,2.163960253018802,1
108.0,0.43,.K.KS..S.....,.K.KS........,3.2634196300215734,1
108.0,0.43,.K.KS..S.....,.K.KS..SK....,1.747470798410133,1
108.0,0.43,.K.KS..S.....,.K.KS.TS.....,3.138243046183793,1
108.0,0.43,.K.KS..SK....,P..KST..K.M..,1.6581121310199376,1
108.0,0.43,.K.KS.T.K.M..,P..KN.T.K.M..,1.6428801256308072,1
108.0,0.43,.K.KSTTSKC.LD,.K.KST..KC.LD,2.5654042861554474,1
108.0,0.43,.KL.N...KCMQ.,....H...KC.L.,3.7787659596907597,1
108.0,0.43,.KL.N...KCMQ.,....NTT..CMLD,10.925221236690916,3
108.0,0.43,.KL.N...KCMQ.,....S.T.....D,3.226816947605325,1
108.0,0.43,.KL.N...KCMQ.,....STT....L.,3.3018289140044805,2
108.0,0.43,.KL.N...KCMQ.,...K.T....MLD,2.579311463923546,1
108.0,0.43,.KL.N...KCMQ.,...KHT..K.M.D,10.93003359014811,5
108.0,0.43,.KL.N...KCMQ.,...KN.TS.CM.D,3.4900843596468416,1
108.0,0.43,.KL.N...KCMQ.,...KNT....M.D,4.878818755859852,2
108.0,0.43,.KL.N...KCMQ.,...KNTT.KSMQD,9.606093487326895,4
108.0,0.43,.KL.N...KCMQ.,...KNTTSKS...,2.4205605236012753,1
108.0,0.43,.KL.N...KCMQ.,...KS...KS..D,2.392403317435305,1
108.0,0.43,.KL.N...KCMQ.,...KST..KSMLD,3.110281815734572,1
108.0,0.43,.KL.N...KCMQ.,...KSTTS..M..,6.949786311292648,2
108.0,0.43,.KL.N...KCMQ.,...KSTTS.SM.D,2.8136871696052346,1
108.0,0.43,.KL.N...KCMQ.,..L.....K.M..,10.690631768055411,2
108.0,0.43,.KL.N...KCMQ.,..L...T..SMLD,1.9131964161052353,1
108.0,0.43,.KL.N...KCMQ.,..L..TTSKSML.,3.124710057834965,1
108.0,0.43,.KL.N...KCMQ.,..L.H.TSKC.Q.,2.002997402598335,1
108.0,0.43,.KL.N...KCMQ.,..L.S...KC...,1.6691350394191713,1
108.0,0.43,.KL.N...KCMQ.,..L.ST...S.Q.,2.368796285187471,1
108.0,0.43,.KL.N...KCMQ.,..L.ST.S.....,1.7813998051225468,1
108.0,0.43,.KL.N...KCMQ.,..L.STT..S..D,3.5298062009295936,2
108.0,0.43,.KL.N...KCMQ.,..L.STT..SM.D,10.939123980691692,2
108.0,0.43,.KL.N...KCMQ.,..L.STTSKCM..,3.4988514048381347,2
108.0,0.43,.KL.N...KCMQ.,..LK.T..K.M..,5.3454081326764715,2
108.0,0.43,.KL.N...KCMQ.,..LK.TT.K.MLD,12.677802850701102,4
108.0,0.43,.KL.N...KCMQ.,..LK.TT.KS.Q.,4.708572666602523,2
108.0,0.43,.KL.N...KCMQ.,..LKHTT..SMLD,7.291237553895431,2
108.0,0.43,.KL.N...KCMQ.,..LKN...KCML.,5.137574710994739,1
108.0,0.43,.KL.N...KCMQ.,..LKN..SK.M.D,1.5935090669159895,1
108.0,0.43,.KL.N...KCMQ.,..V.H..S.C.L.,5.471330340532555,1
108.0,0.43,.KL.N...KCMQ.,..V.H.T.KCM..,7.9159609743052375,2
108.0,0.43,.KL.N...KCMQ.,..V.N.T..S.QD,4.447839149638273,1
108.0,0.43,.KL.N...KCMQ.,..V.NT..K..QD,6.854373920316176,2
108.0,0.43,.KL.N...KCMQ.,..V.NT.SK.M..,4.521290598637622,1
108.0,0.43,.KL.N...KCMQ.,..V.S..SK.M..,3.1970590759495656,1
108.0,0.43,.KL.N...KCMQ.,..V.S..SKS.L.,3.234705136496112,1
108.0,0.43,.KL.N...KCMQ.,..V.ST..KC.LD,1.5829573831991848,1
108.0,0.43,.KL.N...KCMQ.,..V.STTS...L.,4.181167494144891,2
108.0,0.43,.KL.N...KCMQ.,..VK..T......,4.008868455497706,2
108.0,0.43,.KL.N...KCMQ.,..VK.T...CM.D,3.8143437092457395,2
108.0,0.43,.KL.N...KCMQ.,..VK.TTS.C.LD,2.165196214736834,1
108.0,0.43,.KL.N...KCMQ.,..VKHT.S.CML.,1.9083165020408115,1
108.0,0.43,.KL.N...KCMQ.,..VKN..S...LD,1.6240934667372773,1
108.0,0.43,.KL.N...KCMQ.,..VKN.T.KS.LD,2.004391555959741,1
108.0,0.43,.KL.N...KCMQ.,..VKN.TS..ML.,5.738727690791529,1
108.0,0.43,.KL.N...KCMQ.,..VKNT....M..,2.7277002811778113,1
108.0,0.43,.KL.N...KCMQ.,..VKS...KSMLD,3.676934790714808,1
108.0,0.43,.KL.N...KCMQ.,..VKST.S.C.QD,1.9087997764192195,1
108.0,0.43,.KL.N...KCMQ.,.K......KSMLD,2.5625171489027387,1
108.0,0.43,.KL.N...KCMQ.,.K.....SK.ML.,1.900056954315911,1
108.0,0.43,.KL.N...KCMQ.,.K...T....M.D,14.085995421983885,3
108.0,0.43,.KL.N...KCMQ.,.K...TT.KS...,2.083912020653851,1
108.0,0.43,.KL.N...KCMQ.,.K...TTS..MQ.,7.055895262570151,3
108.0,0.43,.KL.N...KCMQ.,.K..HTT.KC..D,5.724221227777657,3
108.0,0.43,.KL.N...KCMQ.,.K..HTTSKCMLD,5.830207409078127,3
108.0,0.43,.KL.N...KCMQ.,.K..N...K.M.D,5.375430115676996,1
108.0,0.43,.KL.N...KCMQ.,.K..N.TSK.MLD,6.137328198497034,2
108.0,0.43,.KL.N...KCMQ.,.K..S...KC..D,3.1568064622242025,1
108.0,0.43,.KL.N...KCMQ.,.K..S...KC.L.,1.9320137816427796,1
108.0,0.43,.KL.N...KCMQ.,.K..S.T...M..,2.2707217115491343,1
108.0,0.43,.KL.N...KCMQ.,.K..S.TS.SMLD,2.895643583968098,1
108.0,0.43,.KL.N...KCMQ.,.K..ST..KCML.,2.9639621281693533,1
108.0,0.43,.KL.N...KCMQ.,.K.K....K.MQ.,3.7441683346128727,2
108.0,0.43,.KL.N...KCMQ.,.K.K...SK.ML.,3.787466886620895,1
108.0,0.43,.KL.N...KCMQ.,.K.KH...KS.LD,2.49798769844534,1
108.0,0.43,.KL.N...KCMQ.,.K.KHT..K..LD,4.4600003009016875,2
108.0,0.43,.KL.N...KCMQ.,.K.KHT.SKSMQ.,3.5055455193369816,1
108.0,0.43,.KL.N...KCMQ.,.K.KN.....MQD,6.284227014985786,3
108.0,0.43,.KL.N...KCMQ.,.K.KNTTS.SM.D,1.6474976304458808,1
108.0,0.43,.KL.N...KCMQ.,.K.KS.T.K.M..,5.5741833153879865,3
108.0,0.43,.KL.N...KCMQ.,.K.KS.TS.....,5.147812748362133,1
108.0,0.43,.KL.N...KCMQ.,.KL....S...L.,2.5697965242641208,1
108.0,0.43,.KL.N...KCMQ.,.KL..T....MQ.,6.459115882385095,3
108.0,0.43,.KL.N...KCMQ.,.KL..T.SK.M.D,1.7557731720525067,1
108.0,0.43,.KL.N...KCMQ.,.KL.HTT.K.MQ.,9.323585194305434,2
108.0,0.43,.KL.N...KCMQ.,.KL.NT..K....,14.208726975619797,5
108.0,0.43,.KL.N...KCMQ.,.KL.S...K.MQ.,1.5653728311584507,1
108.0,0.43,.KL.N...KCMQ.,.KL.S.T.KS...,4.383086076127041,1
108.0,0.43,.KL.N...KCMQ.,.KL.S.T.KS.L.,5.651886632260457,2
108.0,0.43,.KL.N...KCMQ.,.KL.ST..K.MQD,8.355743735806609,4
108.0,0.43,.KL.N...KCMQ.,.KL.ST.S..M..,2.4702759408721944,1
108.0,0.43,.KL.N...KCMQ.,.KLK...SKSMQ.,3.632526668109011,2
108.0,0.43,.KL.N...KCMQ.,.KLK.T.S..MQ.,3.0623921419484437,1
108.0,0.43,.KL.N...KCMQ.,.KLKHT..KC.Q.,4.017752007815191,2
108.0,0.43,.KL.N...KCMQ.,.KLKHTTSK....,4.367973683300848,2
108.0,0.43,.KL.N...KCMQ.,.KLKNT.......,8.465697160795926,3
108.0,0.43,.KL.N...KCMQ.,.KLKNTTSKSMQ.,2.557170461080508,1
108.0,0.43,.KL.N...KCMQ.,.KLKS..S.SM..,3.189907032874285,1
108.0,0.43,.KL.N...KCMQ.,.KLKST.SK....,2.5064997572985033,1
108.0,0.43,.KL.N...KCMQ.,.KV..T...CML.,3.9098586944999916,1
108.0,0.43,.KL.N...KCMQ.,.KV..T..K.MQ.,2.8186097305927325,1
108.0,0.43,.KL.N...KCMQ.,.KV..T.SK.M..,1.7792618887045648,1
108.0,0.43,.KL.N...KCMQ.,.KV.H....SML.,3.540975165676286,1
108.0,0.43,.KL.N...KCMQ.,.KV.H.T...M..,7.843300672691843,2
108.0,0.43,.KL.N...KCMQ.,.KV.HTTS..ML.,7.1468953423417005,3
108.0,0.43,.KL.N...KCMQ.,.KV.HTTS.C...,2.0267094715802347,1
108.0,0.43,.KL.N...KCMQ.,.KV.NT...S.L.,2.7121889179558485,1
108.0,0.43,.KL.N...KCMQ.,.KV.NT..K.M..,3.838905093281647,1
108.0,0.43,.KL.N...KCMQ.,.KVK.T..KCMQD,4.336710922961423,2
108.0,0.43,.KL.N...KCMQ.,.KVKHTTS.C.LD,4.042063091246824,1
108.0,0.43,.KL.N...KCMQ.,.KVKHTTS.SML.,4.542264673572955,1
108.0,0.43,.KL.N...KCMQ.,.KVKN.T.KC.LD,3.240682826822022,1
108.0,0.43,.KL.N...KCMQ.,.KVKSTT.KSMQD,4.017158660374509,2
108.0,0.43,.KL.N...KCMQ.,P......SK.ML.,3.987049148546216,2
108.0,0.43,.KL.N...KCMQ.,P....TT..SMQ.,1.9753951934865641,1
108.0,0.43,.KL.N...KCMQ.,P...H.....ML.,1.8374965489092137,1
108.0,0.43,.KL.N...KCMQ.,P...H.T.K.MLD,5.282950006459179,1
108.0,0.43,.KL.N...KCMQ.,P...HT....ML.,3.6943058351260256,1
108.0,0.43,.KL.N...KCMQ.,P...S.T.K..QD,2.2905569259667002,1
108.0,0.43,.KL.N...KCMQ.,P..K..TS.CM..,4.551818153792079,1
108.0,0.43,.KL.N...KCMQ.,P..K.T..KC.LD,2.4414920476577646,1
108.0,0.43,.KL.N...KCMQ.,P..KH.T.K..L.,2.694971069043894,1
108.0,0.43,.KL.N...KCMQ.,P..KN...K..QD,19.38540007327377,5
108.0,0.43,.KL.N...KCMQ.,P..KN.T.K.M..,3.3930468859702887,1
108.0,0.43,.KL.N...KCMQ.,P..KNT..K...D,9.539807520513003,3
108.0,0.43,.KL.N...KCMQ.,P..KS...K.MQ.,18.65303534598432,6
108.0,0.43,.KL.N...KCMQ.,P..KST..K.M..,12.020312363195849,3
108.0,0.43,.KL.N...KCMQ.,P.L..TTSKSMQ.,2.417277549434752,1
108.0,0.43,.KL.N...KCMQ.,P.L.NT.S.CMQ.,1.5706708525725812,1
108.0,0.43,.KL.N...KCMQ.,P.L.NTTS.C.QD,7.418465354039779,1
108.0,0.43,.KL.N...KCMQ.,P.LK.T.S.C...,4.278970392899896,1
108.0,0.43,.KL.N...KCMQ.,P.LK.TT.KS.LD,2.8790007715061923,1
108.0,0.43,.KL.N...KCMQ.,P.LK.TTSKCM.D,1.6449815070112428,1
108.0,0.43,.KL.N...KCMQ.,P.LKHT..KS...,6.7907006206276,1
108.0,0.43,.KL.N...KCMQ.,P.LKNTTS.SMQ.,4.598435268604486,1
108.0,0.43,.KL.N...KCMQ.,P.LKS......L.,5.7360857748913014,3
108.0,0.43,.KL.N...KCMQ.,P.V..TT.K....,2.416540403367097,1
108.0,0.43,.KL.N...KCMQ.,P.V.H...K.M.D,3.440733857544078,1
108.0,0.43,.KL.N...KCMQ.,P.V.HT....M..,4.633734728878961,1
108.0,0.43,.KL.N...KCMQ.,P.V.HTT..C.QD,1.6799328305050847,1
108.0,0.43,.KL.N...KCMQ.,P.V.HTTS..M.D,3.4282045183723975,1
108.0,0.43,.KL.N...KCMQ.,P.V.NT..K.M.D,2.2985794531114734,1
108.0,0.43,.KL.N...KCMQ.,P.VK.T..KCMQ.,3.500515597244844,2
108.0,0.43,.KL.N...KCMQ.,P.VKHT..K..L.,12.726151011225127,2
108.0,0.43,.KL.N...KCMQ.,P.VKSTT...MQ.,8.292176151379891,2
108.0,0.43,.KL.N...KCMQ.,PK.....SK.M..,21.777293400580664,3
108.0,0.43,.KL.N...KCMQ.,PK....TS.SMQD,1.9071422088144205,1
108.0,0.43,.KL.N...KCMQ.,PK..H...K.M..,5.272387142602906,2
108.0,0.43,.KL.N...KCMQ.,PK..HTT.K...D,10.589326909108767,4
108.0,0.43,.KL.N...KCMQ.,PK..N.T.K..LD,2.0995613950648147,1
108.0,0.43,.KL.N...KCMQ.,PK..NTTS..MQD,3.8157101920577494,2
108.0,0.43,.KL.N...KCMQ.,PK..ST..KSMLD,3.9864952702738186,1
108.0,0.43,.KL.N...KCMQ.,PK..STT.KS.L.,4.1005820385856895,2
108.0,0.43,.KL.N...KCMQ.,PK..STTSK.ML.,2.351659845667418,1
108.0,0.43,.KL.N...KCMQ.,PK..STTSKSM..,3.4590695876559767,2
108.0,0.43,.KL.N...KCMQ.,PK.K.T.....L.,4.836912359576217,1
108.0,0.43,.KL.N...KCMQ.,PK.KN.TS..M.D,2.007882765983308,1
108.0,0.43,.KL.N...KCMQ.,PK.KNTT.K..L.,12.595555336925111,2
108.0,0.43,.KL.N...KCMQ.,PK.KS.TSKSML.,1.8309987279120084,1
108.0,0.43,.KL.N...KCMQ.,PK.KST..KSMQ.,2.515322572245125,1
108.0,0.43,.KL.N...KCMQ.,PKL..T.S..M.D,2.610846018703525,1
108.0,0.43,.KL.N...KCMQ.,PKL..T.SKSM..,9.89436256026609,2
108.0,0.43,.KL.N...KCMQ.,PKL.H.T...MLD,3.0274590963805124,1
108.0,0.43,.KL.N...KCMQ.,PKL.N..SK.MLD,3.0853704151197223,1
108.0,0.43,.KL.N...KCMQ.,PKL.ST.SK..LD,2.267980359102071,1
108.0,0.43,.KL.N...KCMQ.,PKLK....K.M..,1.652624743218409,1
108.0,0.43,.KL.N...KCMQ.,PKLK...SKS.Q.,4.319933300280826,2
108.0,0.43,.KL.N...KCMQ.,PKLKNTTSK.MQ.,4.1502968424547655,1
108.0,0.43,.KL.N...KCMQ.,PKLKST..KCMLD,4.262930088429665,1
108.0,0.43,.KL.N...KCMQ.,PKV...TS.CM..,1.855780794716787,1
108.0,0.43,.KL.N...KCMQ.,PKV..T..K...D,4.0208496949978745,1
108.0,0.43,.KL.N...KCMQ.,PKV.NTTS...LD,3.6370733800461235,1
108.0,0.43,.KL.N...KCMQ.,PKV.STTSKC..D,3.246274519793651,1
108.0,0.43,.KL.N...KCMQ.,PKVK....K.MQD,1.6983287491683854,1
108.0,0.43,.KL.N...KCMQ.,PKVK.TT..CM.D,3.6486604265094464,1
108.0,0.43,.KL.N...KCMQ.,PKVK.TT.KSML.,3.63565221420586,1
108.0,0.43,.KL.N...KCMQ.,PKVKHT....MLD,10.364785165369252,3
108.0,0.43,.KL.N...KCMQ.,PKVKHTT.K..Q.,2.6054493684623186,1
108.0,0.43,.KL.N...KCMQ.,PKVKHTTS.....,2.787626939980159,1
108.0,0.43,.KL.N...KCMQ.,PKVKN...K.M.D,2.751744132855383,1
108.0,0.43,.KL.N...KCMQ.,PKVKNT.S..M.D,5.065295002162824,2
108.0,0.43,.KL.N...KCMQ.,PKVKS.T.KS.LD,5.090892213847402,1
108.0,0.43,.KL.S.T.KS.L.,.KL.S.T.KS...,1.616169472413891,1
108.0,0.43,.KLKN...KS...,.KLKN....S...,2.610903182586774,1
108.0,0.43,.KLKNT.......,.KLKN....S...,2.641442538357145,1
108.0,0.43,.KV..T.SK.M..,PK.....SK.M..,2.6427980273972844,1
108.0,0.43,.KVKH..S..MLD,.KVKH.TS...LD,28.35822340670413,18
108.0,0.43,.KVKH.TS...LD,.......S.S..D,66.07147537287372,34
108.0,0.43,.KVKH.TS...LD,.....T...SMQ.,33.730654558150235,18
108.0,0.43,.KVKH.TS...LD,....H....S.L.,35.134940332392624,18
108.0,0.43,.KVKH.TS...LD,....H...KC.L.,74.78424745057768,17
108.0,0.43,.KVKH.TS...LD,....H...KS...,65.42589844557597,18
108.0,0.43,.KVKH.TS...LD,....H..SKCMQD,41.06922523159193,18
108.0,0.43,.KVKH.TS...LD,....H.TSKS..D,63.6068442763264,18
108.0,0.43,.KVKH.TS...LD,....H.TSKSMQ.,45.670111562633544,18
108.0,0.43,.KVKH.TS...LD,....HT..KS.QD,57.25632257062306,18
108.0,0.43,.KVKH.TS...LD,....HTT....Q.,49.07613291425636,18
108.0,0.43,.KVKH.TS...LD,....N....CMQ.,68.02970705560044,18
108.0,0.43,.KVKH.TS...LD,....N...K..QD,40.16100178047064,17
108.0,0.43,.KVKH.TS...LD,....N...KCMLD,35.95063460592128,18
108.0,0.43,.KVKH.TS...LD,....N.TS....D,95.02141966578806,18
108.0,0.43,.KVKH.TS...LD,....NT.SKSMLD,39.044179165628,18
108.0,0.43,.KVKH.TS...LD,....NTT..CMLD,67.24416098292347,15
108.0,0.43,.KVKH.TS...LD,....S.T.....D,79.48923497395656,17
108.0,0.43,.KVKH.TS...LD,....STT....L.,34.01163807027796,16
108.0,0.43,.KVKH.TS...LD,...K.....C.LD,37.93404322499985,18
108.0,0.43,.KVKH.TS...LD,...K...SKSMLD,80.24123741373886,18
108.0,0.43,.KVKH.TS...LD,...K..TS.S.L.,66.24308055217239,18
108.0,0.43,.KVKH.TS...LD,...K..TSKSM..,53.65459207921651,18
108.0,0.43,.KVKH.TS...LD,...K.T....MLD,106.7794171213382,33
108.0,0.43,.KVKH.TS...LD,...KH....C.Q.,64.22827226552931,18
108.0,0.43,.KVKH.TS...LD,...KH...KSMQD,46.591168701252364,18
108.0,0.43,.KVKH.TS...LD,...KH.TSK.MQ.,88.20774794453655,34
108.0,0.43,.KVKH.TS...LD,...KH.TSKC...,197.5322227597009,34
108.0,0.43,.KVKH.TS...LD,...KHT..K.M.D,97.14012075083699,59
108.0,0.43,.KVKH.TS...LD,...KN..S..ML.,37.23615329853148,18
108.0,0.43,.KVKH.TS...LD,...KN.TS.CM.D,66.77706792318598,17
108.0,0.43,.KVKH.TS...LD,...KNT....M.D,32.36768489958986,16
108.0,0.43,.KVKH.TS...LD,...KNT...CM..,48.133155847048684,18
108.0,0.43,.KVKH.TS...LD,...KNT.SK...D,12.761415622151617,33
108.0,0.43,.KVKH.TS...LD,...KNTT.KSMQD,77.55232217513996,30
108.0,0.43,.KVKH.TS...LD,...KNTTSKS...,63.72083565421826,17
108.0,0.43,.KVKH.TS...LD,...KS...KS..D,22.927344387336444,16
108.0,0.43,.KVKH.TS...LD,...KST...SMQ.,51.134567015015364,18
108.0,0.43,.KVKH.TS...LD,...KST..KS...,131.21524390518823,33
108.0,0.43,.KVKH.TS...LD,...KST..KSMLD,63.45514247840023,17
108.0,0.43,.KVKH.TS...LD,...KST.SK....,52.99298872934069,18
108.0,0.43,.KVKH.TS...LD,...KSTTS..M..,67.18535367158148,16
108.0,0.43,.KVKH.TS...LD,...KSTTS.SM.D,55.440182979791246,17
108.0,0.43,.KVKH.TS...LD,..L.....K..QD,36.114028223908356,18
108.0,0.43,.KVKH.TS...LD,..L.....K.M..,129.25852917948205,16
108.0,0.43,.KVKH.TS...LD,..L....S.S.Q.,42.56202426639249,18
108.0,0.43,.KVKH.TS...LD,..L...T..SMLD,67.43646351064487,33
108.0,0.43,.KVKH.TS...LD,..L..T.S.C.Q.,60.935757837463285,18
108.0,0.43,.KVKH.TS...LD,..L..TTSKSML.,62.01143543848464,17
108.0,0.43,.KVKH.TS...LD,..L.H..SKS.Q.,74.90211871393079,18
108.0,0.43,.KVKH.TS...LD,..L.H.T..CM..,39.067549839821396,18
108.0,0.43,.KVKH.TS...LD,..L.H.T..S.QD,82.80762118472106,34
108.0,0.43,.KVKH.TS...LD,..L.H.TSKC.Q.,112.71105108348628,33
108.0,0.43,.KVKH.TS...LD,..L.H.TSKSM..,61.73068329960299,18
108.0,0.43,.KVKH.TS...LD,..L.HT.S.S.LD,53.65089379183989,18
108.0,0.43,.KVKH.TS...LD,..L.N.T..S.L.,45.204281246889586,18
108.0,0.43,.KVKH.TS...LD,..L.N.TS.SM.D,73.3011726897469,18
108.0,0.43,.KVKH.TS...LD,..L.NT.SKS...,71.28834513369537,18
108.0,0.43,.KVKH.TS...LD,..L.S.....MQ.,38.68366492020289,18
108.0,0.43,.KVKH.TS...LD,..L.S...KC...,34.710469617149705,17
108.0,0.43,.KVKH.TS...LD,..L.S.T.KSMQD,84.34812189350289,18
108.0,0.43,.KVKH.TS...LD,..L.ST...S.Q.,51.617596094081144,17
108.0,0.43,.KVKH.TS...LD,..L.ST.S.....,39.1644093909479,17
108.0,0.43,.KVKH.TS...LD,..L.STT..S..D,31.466874805510155,15
108.0,0.43,.KVKH.TS...LD,..L.STT..SM.D,91.0333240677196,15
108.0,0.43,.KVKH.TS...LD,..L.STTSKCM..,34.07435091382739,16
108.0,0.43,.KVKH.TS...LD,..LK.....C.QD,65.60388700609548,18
108.0,0.43,.KVKH.TS...LD,..LK.....CML.,35.81155844888427,18
108.0,0.43,.KVKH.TS...LD,..LK.....S..D,63.93962027980198,18
108.0,0.43,.KVKH.TS...LD,..LK..T.....D,81.85844501936292,18
108.0,0.43,.KVKH.TS...LD,..LK..TSK..Q.,38.95829876632188,18
108.0,0.43,.KVKH.TS...LD,..LK.T..K.M..,46.74921214554311,16
108.0,0.43,.KVKH.TS...LD,..LK.T..KC...,29.230564522146256,18
108.0,0.43,.KVKH.TS...LD,..LK.T.SK....,55.8997099976279,18
108.0,0.43,.KVKH.TS...LD,..LK.TT..SM..,48.82774986332997,18
108.0,0.43,.KVKH.TS...LD,..LK.TT.K.MLD,111.58585765796988,30
108.0,0.43,.KVKH.TS...LD,..LK.TT.KS.Q.,105.75307817203475,32
108.0,0.43,.KVKH.TS...LD,..LKH.TS.SM.D,39.82222022808308,18
108.0,0.43,.KVKH.TS...LD,..LKHT.....Q.,63.82336943476683,18
108.0,0.43,.KVKH.TS...LD,..LKHTT..SMLD,68.76294256142354,16
108.0,0.43,.KVKH.TS...LD,..LKN...KCML.,98.640843987325,17
108.0,0.43,.KVKH.TS...LD,..LKN..SK.M.D,136.75410949185635,65
108.0,0.43,.KVKH.TS...LD,..LKN.TSKC.QD,67.09223299600544,18
108.0,0.43,.KVKH.TS...LD,..LKNT....MLD,44.69123384693132,18
108.0,0.43,.KVKH.TS...LD,..LKNTTS.C...,94.84750852765816,18
108.0,0.43,.KVKH.TS...LD,..LKS......QD,42.14568336643634,18
108.0,0.43,.KVKH.TS...LD,..LKS..S.S...,32.78239278480106,18
108.0,0.43,.KVKH.TS...LD,..LKS.TSKS...,59.34178350175246,18
108.0,0.43,.KVKH.TS...LD,..LKST...S...,52.53839480707018,18
108.0,0.43,.KVKH.TS...LD,..LKSTTSK..Q.,51.99424074633161,18
108.0,0.43,.KVKH.TS...LD,..V....S.S.LD,38.02144109819951,18
108.0,0.43,.KVKH.TS...LD,..V..T..KSMLD,77.1083013113496,18
108.0,0.43,.KVKH.TS...LD,..V.H.......D,37.79517980679394,18
108.0,0.43,.KVKH.TS...LD,..V.H..S.C.L.,172.95899973562814,32
108.0,0.43,.KVKH.TS...LD,..V.H..SKSM..,73.63027646925046,18
108.0,0.43,.KVKH.TS...LD,..V.H.T.KCM..,74.14525665489123,16
108.0,0.43,.KVKH.TS...LD,..V.HT..K...D,96.97196298195159,18
108.0,0.43,.KVKH.TS...LD,..V.HT..K.MQD,37.661402626891615,18
108.0,0.43,.KVKH.TS...LD,..V.HT.S.SM..,62.50380600988941,18
108.0,0.43,.KVKH.TS...LD,..V.HTT.KC.LD,49.57298697205714,18
108.0,0.43,.KVKH.TS...LD,..V.N....S...,42.56420396319421,18
108.0,0.43,.KVKH.TS...LD,..V.N.T..S.QD,81.58533355687578,17
108.0,0.43,.KVKH.TS...LD,..V.N.T..SM..,106.37210084268568,18
108.0,0.43,.KVKH.TS...LD,..V.NT.....LD,43.02255806493994,18
108.0,0.43,.KVKH.TS...LD,..V.NT..K..QD,55.6334575202843,16
108.0,0.43,.KVKH.TS...LD,..V.NT.S.C.L.,35.54595956329078,17
108.0,0.43,.KVKH.TS...LD,..V.NT.SK.M..,83.74461119166025,17
108.0,0.43,.KVKH.TS...LD,..V.S......LD,67.72855757106048,18
108.0,0.43,.KVKH.TS...LD,..V.S..S.CML.,34.95666997025264,16
108.0,0.43,.KVKH.TS...LD,..V.S..SK.M..,324.22804626733495,80
108.0,0.43,.KVKH.TS...LD,..V.S..SKS.L.,65.27810218052221,17
108.0,0.43,.KVKH.TS...LD,..V.S.T.KC.LD,57.07569005273164,18
108.0,0.43,.KVKH.TS...LD,..V.S.TSKS...,61.69388012936816,18
108.0,0.43,.KVKH.TS...LD,..V.ST..K.M..,24.021737478089904,17
108.0,0.43,.KVKH.TS...LD,..V.ST..KC.LD,34.5398717480873,17
108.0,0.43,.KVKH.TS...LD,..V.ST..KCMQD,139.11779163542207,18
108.0,0.43,.KVKH.TS...LD,..V.ST.S.CM.D,47.0375994445152,18
108.0,0.43,.KVKH.TS...LD,..V.STTS...L.,42.149986889326755,16
108.0,0.43,.KVKH.TS...LD,..VK.....C..D,44.22462748049847,18
108.0,0.43,.KVKH.TS...LD,..VK.....SM.D,35.75034929661168,18
108.0,0.43,.KVKH.TS...LD,..VK....K.ML.,86.3475901303582,18
108.0,0.43,.KVKH.TS...LD,..VK..T......,35.93310853706684,16
108.0,0.43,.KVKH.TS...LD,..VK.T...CM.D,37.7935562990597,16
108.0,0.43,.KVKH.TS...LD,..VK.TTS.C.LD,40.60465286560091,16
108.0,0.43,.KVKH.TS...LD,..VKH.TS.CMQ.,26.495054263144105,18
108.0,0.43,.KVKH.TS...LD,..VKHT.S.CML.,36.098874159768165,17
108.0,0.43,.KVKH.TS...LD,..VKHT.S.S.Q.,36.88418143107369,18
108.0,0.43,.KVKH.TS...LD,..VKHTTS.S...,44.03383945360216,18
108.0,0.43,.KVKH.TS...LD,..VKN....S.QD,46.81393026634464,18
108.0,0.43,.KVKH.TS...LD,..VKN..S...LD,30.91755720704755,17
108.0,0.43,.KVKH.TS...LD,..VKN..S..M..,122.69841125340722,18
108.0,0.43,.KVKH.TS...LD,..VKN.T.KS.LD,37.616425944446654,17
108.0,0.43,.KVKH.TS...LD,..VKN.TS..ML.,110.86674694118913,17
108.0,0.43,.KVKH.TS...LD,..VKNT....M..,36.342064872058344,17
108.0,0.43,.KVKH.TS...LD,..VKNT..K.ML.,38.56730436456586,18
108.0,0.43,.KVKH.TS...LD,..VKNT..KS.QD,89.14880617083665,18
108.0,0.43,.KVKH.TS...LD,..VKNT.SKC..D,74.00892020382166,18
108.0,0.43,.KVKH.TS...LD,..VKS...KSMLD,49.00210871733057,17
108.0,0.43,.KVKH.TS...LD,..VKS...KSMQ.,32.73514461371428,18
108.0,0.43,.KVKH.TS...LD,..VKS..SKSML.,53.877454592940666,18
108.0,0.43,.KVKH.TS...LD,..VKS.TS..M.D,68.12493001128553,18
108.0,0.43,.KVKH.TS...LD,..VKST.S.C.QD,69.34380243457443,17
108.0,0.43,.KVKH.TS...LD,.K......KSMLD,54.70036582655003,17
108.0,0.43,.KVKH.TS...LD,.K.....S.C.L.,62.08518360092797,18
108.0,0.43,.KVKH.TS...LD,.K.....SK.ML.,35.518813993448475,15
108.0,0.43,.KVKH.TS...LD,.K....T...MQD,105.80627911747655,18
108.0,0.43,.KVKH.TS...LD,.K....T..SML.,91.73133075385803,18
108.0,0.43,.KVKH.TS...LD,.K...T....M.D,85.23455357743542,15
108.0,0.43,.KVKH.TS...LD,.K...TT.KS...,40.335116502451214,17
108.0,0.43,.KVKH.TS...LD,.K...TTS..MQ.,84.82684673172632,31
108.0,0.43,.KVKH.TS...LD,.K..H....S.LD,45.94377275844395,18
108.0,0.43,.KVKH.TS...LD,.K..H.TS.CM..,47.493611493900254,18
108.0,0.43,.KVKH.TS...LD,.K..HT.S.S..D,46.67063462383328,18
108.0,0.43,.KVKH.TS...LD,.K..HTT.KC..D,34.47396192871425,15
108.0,0.43,.KVKH.TS...LD,.K..HTTSKCMLD,34.426320486403,15
108.0,0.43,.KVKH.TS...LD,.K..N...K.M.D,68.37789944444566,17
108.0,0.43,.KVKH.TS...LD,.K..N..S.C..D,60.24933058626139,18
108.0,0.43,.KVKH.TS...LD,.K..N.TSK.MLD,59.56506895556848,16
108.0,0.43,.KVKH.TS...LD,.K..S...KC..D,65.23912070970769,17
108.0,0.43,.KVKH.TS...LD,.K..S...KC.L.,36.93077722607854,17
108.0,0.43,.KVKH.TS...LD,.K..S.T...M..,43.05161489024327,17
108.0,0.43,.KVKH.TS...LD,.K..S.TS.SMLD,61.2478533623063,17
108.0,0.43,.KVKH.TS...LD,.K..ST..KCML.,65.7174615242509,17
108.0,0.43,.KVKH.TS...LD,.K..ST..KSM..,38.933381392365355,18
108.0,0.43,.KVKH.TS...LD,.K.K....K.MQ.,68.76567090706808,46
108.0,0.43,.KVKH.TS...LD,.K.K....KS.Q.,94.38353451699066,34
108.0,0.43,.KVKH.TS...LD,.K.K...SK.ML.,67.38413145011816,16
108.0,0.43,.KVKH.TS...LD,.K.K...SKC.QD,80.00424345738735,18
108.0,0.43,.KVKH.TS...LD,.K.K..TSKCMQD,37.608437893047835,17
108.0,0.43,.KVKH.TS...LD,.K.K.T...S..D,79.69917611071345,18
108.0,0.43,.KVKH.TS...LD,.K.KH...KS.LD,37.80924991124389,17
108.0,0.43,.KVKH.TS...LD,.K.KHT.......,108.54526420391312,50
108.0,0.43,.KVKH.TS...LD,.K.KHT..K..LD,33.97936187851742,16
108.0,0.43,.KVKH.TS...LD,.K.KHT.SKSMQ.,63.53919354070501,17
108.0,0.43,.KVKH.TS...LD,.K.KHTT.KCM.D,37.838417849156556,18
108.0,0.43,.KVKH.TS...LD,.K.KHTTSKSML.,56.37140408889416,18
108.0,0.43,.KVKH.TS...LD,.K.KN.....MQD,64.58950062786816,31
108.0,0.43,.KVKH.TS...LD,.K.KN....S.QD,50.06510799131315,18
108.0,0.43,.KVKH.TS...LD,.K.KN...KCM..,61.17527638810424,17
108.0,0.43,.KVKH.TS...LD,.K.KN...KSMQD,32.97070243040924,18
108.0,0.43,.KVKH.TS...LD,.K.KN.T..SML.,28.241912863048377,18
108.0,0.43,.KVKH.TS...LD,.K.KN.TS.SM..,34.17772522386714,18
108.0,0.43,.KVKH.TS...LD,.K.KNT.SK...D,43.651750647751506,17
108.0,0.43,.KVKH.TS...LD,.K.KNTTS.SM.D,31.972930291666668,17
108.0,0.43,.KVKH.TS...LD,.K.KS........,66.66833529302255,17
108.0,0.43,.KVKH.TS...LD,.K.KS....C.QD,50.30584410746538,18
108.0,0.43,.KVKH.TS...LD,.K.KS...K..Q.,57.28604507076718,15
108.0,0.43,.KVKH.TS...LD,.K.KS...K.MQ.,112.54966440865331,15
108.0,0.43,.KVKH.TS...LD,.K.KS...KCM..,21.44645625715144,17
108.0,0.43,.KVKH.TS...LD,.K.KS..S.....,26.82046871457364,15
108.0,0.43,.KVKH.TS...LD,.K.KS..SK....,61.34588247643207,32
108.0,0.43,.KVKH.TS...LD,.K.KS.T..S.L.,27.49921565640659,18
108.0,0.43,.KVKH.TS...LD,.K.KS.T.K.M..,80.98377042358081,46
108.0,0.43,.KVKH.TS...LD,.K.KS.TS.....,82.27961328979374,16
108.0,0.43,.KVKH.TS...LD,.K.KS.TS.C.Q.,63.66704025414844,18
108.0,0.43,.KVKH.TS...LD,.K.KST..KC.LD,198.45435111755887,33
108.0,0.43,.KVKH.TS...LD,.K.KSTTSKC.LD,98.79313402737259,33
108.0,0.43,.KVKH.TS...LD,.KL......C.L.,80.88471354142112,18
108.0,0.43,.KVKH.TS...LD,.KL....S...L.,52.490363329223115,17
108.0,0.43,.KVKH.TS...LD,.KL...TSKCMQD,43.17549688956786,18
108.0,0.43,.KVKH.TS...LD,.KL..T....MQ.,87.92488837414611,31
108.0,0.43,.KVKH.TS...LD,.KL..T.S.CM.D,48.356005940567854,18
108.0,0.43,.KVKH.TS...LD,.KL..T.SK.M.D,31.56605787700692,17
108.0,0.43,.KVKH.TS...LD,.KL.H.....MQ.,38.3210084280799,18
108.0,0.43,.KVKH.TS...LD,.KL.H..S.SMQD,36.06699310283728,18
108.0,0.43,.KVKH.TS...LD,.KL.H.T..S...,52.606513056992476,18
108.0,0.43,.KVKH.TS...LD,.KL.H.TSK.ML.,47.26890939378436,18
108.0,0.43,.KVKH.TS...LD,.KL.HT.SK..L.,33.292192473449084,18
108.0,0.43,.KVKH.TS...LD,.KL.HTT.K.MQ.,86.04116670890052,16
108.0,0.43,.KVKH.TS...LD,.KL.N...KCMQ.,24293.99623294566,24518
108.0,0.43,.KVKH.TS...LD,.KL.N.T..CMQ.,82.55612647949788,18
108.0,0.43,.KVKH.TS...LD,.KL.NT..K....,155.9379277693286,61
108.0,0.43,.KVKH.TS...LD,.KL.NTTSK..LD,44.99361658736465,18
108.0,0.43,.KVKH.TS...LD,.KL.NTTSKCML.,76.28083897728024,18
108.0,0.43,.KVKH.TS...LD,.KL.NTTSKS.QD,47.3980545692938,18
108.0,0.43,.KVKH.TS...LD,.KL.S...K.MQ.,34.466779691837196,17
108.0,0.43,.KVKH.TS...LD,.KL.S..S..MQD,87.31511517791421,18
108.0,0.43,.KVKH.TS...LD,.KL.S.T.KS...,75.01467312176008,16
108.0,0.43,.KVKH.TS...LD,.KL.S.T.KS.L.,47.78550683420574,15
108.0,0.43,.KVKH.TS...LD,.KL.S.TSKCML.,79.03310135890035,18
108.0,0.43,.KVKH.TS...LD,.KL.ST..K.MQD,33.526424361704485,14
108.0,0.43,.KVKH.TS...LD,.KL.ST.S..M..,49.20552037331782,17
108.0,0.43,.KVKH.TS...LD,.KL.ST.S.C.QD,45.20613704401744,18
108.0,0.43,.KVKH.TS...LD,.KLK...SKSMQ.,41.70241766486997,16
108.0,0.43,.KVKH.TS...LD,.KLK..TSKS...,41.10792731760639,18
108.0,0.43,.KVKH.TS...LD,.KLK.T...S.LD,66.90329510379719,18
108.0,0.43,.KVKH.TS...LD,.KLK.T.S..MQ.,129.47879223740907,33
108.0,0.43,.KVKH.TS...LD,.KLK.TT.KSM.D,35.746139060143854,18
108.0,0.43,.KVKH.TS...LD,.KLK.TTSKC.QD,31.852211698969143,18
108.0,0.43,.KVKH.TS...LD,.KLKH.T.K..QD,38.53564219218276,18
108.0,0.43,.KVKH.TS...LD,.KLKH.T.KS.LD,37.070473189705986,18
108.0,0.43,.KVKH.TS...LD,.KLKH.TS.SM..,33.12482629449538,18
108.0,0.43,.KVKH.TS...LD,.KLKH.TSKCMQ.,41.04964403727517,18
108.0,0.43,.KVKH.TS...LD,.KLKHT..KC.Q.,35.80263393833921,16
108.0,0.43,.KVKH.TS...LD,.KLKHTTSK....,39.69141218273965,16
108.0,0.43,.KVKH.TS...LD,.KLKN....S...,106.42938334379129,16
108.0,0.43,.KVKH.TS...LD,.KLKN...KS...,27.68341663429184,17
108.0,0.43,.KVKH.TS...LD,.KLKN.TS.S.QD,85.32195345144699,18
108.0,0.43,.KVKH.TS...LD,.KLKNT.......,111.34362221958371,62
108.0,0.43,.KVKH.TS...LD,.KLKNTT.K....,57.55846637653734,34
108.0,0.43,.KVKH.TS...LD,.KLKNTTSK.MQD,68.19889184275846,18
108.0,0.43,.KVKH.TS...LD,.KLKNTTSKSMQ.,57.59361904675504,17
108.0,0.43,.KVKH.TS...LD,.KLKS..S.SM..,66.0833736080076,17
108.0,0.43,.KVKH.TS...LD,.KLKS.T..C.LD,54.464648494611076,18
108.0,0.43,.KVKH.TS...LD,.KLKS.T.KS..D,45.19046599374431,18
108.0,0.43,.KVKH.TS...LD,.KLKST.SK....,28.386123770693775,17
108.0,0.43,.KVKH.TS...LD,.KV......SM..,43.39781200151149,18
108.0,0.43,.KVKH.TS...LD,.KV...T.KSMLD,107.76957726675987,18
108.0,0.43,.KVKH.TS...LD,.KV...TS.S...,34.41684742827404,18
108.0,0.43,.KVKH.TS...LD,.KV..T...CML.,82.58966558918141,17
108.0,0.43,.KVKH.TS...LD,.KV..T..K.MQ.,71.56448932442574,17
108.0,0.43,.KVKH.TS...LD,.KV..T.SK.M..,40.49309513370234,16
108.0,0.43,.KVKH.TS...LD,.KV.H....SML.,71.88101558700883,17
108.0,0.43,.KVKH.TS...LD,.KV.H..SKS.Q.,35.59515896174931,18
108.0,0.43,.KVKH.TS...LD,.KV.H.T...M..,71.85354466895883,16
108.0,0.43,.KVKH.TS...LD,.KV.HT..K..Q.,67.80789410393477,18
108.0,0.43,.KVKH.TS...LD,.KV.HT.SKCML.,39.40847949084439,18
108.0,0.43,.KVKH.TS...LD,.KV.HTTS..ML.,41.727762727166855,15
108.0,0.43,.KVKH.TS...LD,.KV.HTTS.C...,39.59409134934099,17
108.0,0.43,.KVKH.TS...LD,.KV.N...KSMQD,40.2230684264182,18
108.0,0.43,.KVKH.TS...LD,.KV.NT...S.L.,63.03796787322949,17
108.0,0.43,.KVKH.TS...LD,.KV.NT..K.M..,51.60270430512485,17
108.0,0.43,.KVKH.TS...LD,.KV.S.....M..,84.20925615298337,18
108.0,0.43,.KVKH.TS...LD,.KV.STT..S...,38.64335100812861,18
108.0,0.43,.KVKH.TS...LD,.KV.STTSK..LD,43.90067877197144,18
108.0,0.43,.KVKH.TS...LD,.KVK..T..C.L.,43.35919553085598,18
108.0,0.43,.KVKH.TS...LD,.KVK..TSKC.L.,52.44046272008028,18
108.0,0.43,.KVKH.TS...LD,.KVK..TSKCMQD,83.08033833136889,17
108.0,0.43,.KVKH.TS...LD,.KVK.T..KCMQD,97.93697956168182,32
108.0,0.43,.KVKH.TS...LD,.KVKH.T......,48.783361215618335,18
108.0,0.43,.KVKH.TS...LD,.KVKH.TS.C..D,85.50701979572104,18
108.0,0.43,.KVKH.TS...LD,.KVKHT..KSM..,43.72722797158959,18
108.0,0.43,.KVKH.TS...LD,.KVKHTTS.C.LD,150.21772942402612,32
108.0,0.43,.KVKH.TS...LD,.KVKHTTS.SML.,86.60409014888032,17
108.0,0.43,.KVKH.TS...LD,.KVKHTTSKC.QD,69.49475281847377,18
108.0,0.43,.KVKH.TS...LD,.KVKN..S.CM..,41.25330833369615,18
108.0,0.43,.KVKH.TS...LD,.KVKN.T.KC.LD,132.88950954711711,33
108.0,0.43,.KVKH.TS...LD,.KVKNTTSK.MQ.,43.41840919535487,18
108.0,0.43,.KVKH.TS...LD,.KVKS...KS...,79.75685140084514,18
108.0,0.43,.KVKH.TS...LD,.KVKS..SKS..D,68.18145865308053,18
108.0,0.43,.KVKH.TS...LD,.KVKS.TSK..QD,48.904113310244334,18
108.0,0.43,.KVKH.TS...LD,.KVKS.TSKS.L.,56.122158197460465,18
108.0,0.43,.KVKH.TS...LD,.KVKSTT.KSMQD,36.809528854192685,16
108.0,0.43,.KVKH.TS...LD,P......SK.ML.,36.65436591733196,15
108.0,0.43,.KVKH.TS...LD,P.....T.KC..D,44.516518954271085,18
108.0,0.43,.KVKH.TS...LD,P.....TS.SM..,36.019918119717545,18
108.0,0.43,.KVKH.TS...LD,P.....TSKS.QD,84.16521866073208,18
108.0,0.43,.KVKH.TS...LD,P....TT..SMQ.,42.2798778146219,17
108.0,0.43,.KVKH.TS...LD,P...H.....ML.,37.23269703111806,16
108.0,0.43,.KVKH.TS...LD,P...H..S.....,117.69553399671952,18
108.0,0.43,.KVKH.TS...LD,P...H.T.K.MLD,113.16698795063671,16
108.0,0.43,.KVKH.TS...LD,P...H.TSKS.L.,48.19844229277512,18
108.0,0.43,.KVKH.TS...LD,P...HT....ML.,73.11479551579436,16
108.0,0.43,.KVKH.TS...LD,P...HTTSK.M..,38.7076024025022,18
108.0,0.43,.KVKH.TS...LD,P...N.TS..MQD,99.65456350059601,18
108.0,0.43,.KVKH.TS...LD,P...N.TSK.M.D,54.282083146772656,18
108.0,0.43,.KVKH.TS...LD,P...NT...SM..,55.105336665019955,18
108.0,0.43,.KVKH.TS...LD,P...NTT.KS.Q.,78.9448271827503,18
108.0,0.43,.KVKH.TS...LD,P...S.T.K..QD,42.87340452500422,17
108.0,0.43,.KVKH.TS...LD,P...ST.S...QD,46.24151071071665,18
108.0,0.43,.KVKH.TS...LD,P...ST.S.SMLD,34.996700042821836,18
108.0,0.43,.KVKH.TS...LD,P...STT..CML.,54.81286977558616,18
108.0,0.43,.KVKH.TS...LD,P..K.........,70.89326795607145,18
108.0,0.43,.KVKH.TS...LD,P..K...S.C.LD,56.49057752821889,18
108.0,0.43,.KVKH.TS...LD,P..K..TS.CM..,90.4938843995337,17
108.0,0.43,.KVKH.TS...LD,P..K.T..KC.LD,47.93715440502547,17
108.0,0.43,.KVKH.TS...LD,P..K.T.SKC...,145.19281190484062,34
108.0,0.43,.KVKH.TS...LD,P..KH....SM..,45.92089823286588,18
108.0,0.43,.KVKH.TS...LD,P..KH.T.K..L.,62.28489353314219,17
108.0,0.43,.KVKH.TS...LD,P..KH.T.KSML.,63.1119187279615,18
108.0,0.43,.KVKH.TS...LD,P..KHTT.KCM..,136.19673347309515,18
108.0,0.43,.KVKH.TS...LD,P..KHTTS.SML.,72.37372108801154,18
108.0,0.43,.KVKH.TS...LD,P..KN....S..D,45.35950948382291,18
108.0,0.43,.KVKH.TS...LD,P..KN...K..QD,428.28335937689064,119
108.0,0.43,.KVKH.TS...LD,P..KN...K.ML.,31.357392034417092,17
108.0,0.43,.KVKH.TS...LD,P..KN...KSM.D,63.47735541955868,18
108.0,0.43,.KVKH.TS...LD,P..KN..S.C..D,66.23984442882168,18
108.0,0.43,.KVKH.TS...LD,P..KN..SKC.L.,40.438007728892835,18
108.0,0.43,.KVKH.TS...LD,P..KN.T.K.M..,66.21558907858052,16
108.0,0.43,.KVKH.TS...LD,P..KNT..K...D,72.20699921703944,15
108.0,0.43,.KVKH.TS...LD,P..KNT..K..Q.,25.03632029299748,17
108.0,0.43,.KVKH.TS...LD,P..KNTT.KC.QD,51.874613780170755,18
108.0,0.43,.KVKH.TS...LD,P..KS....SM.D,78.95576679393261,18
108.0,0.43,.KVKH.TS...LD,P..KS...K.MQ.,312.97432855911904,104
108.0,0.43,.KVKH.TS...LD,P..KS..S..ML.,43.74122878333681,18
108.0,0.43,.KVKH.TS...LD,P..KST..K.M..,280.23726803755613,77
108.0,0.43,.KVKH.TS...LD,P..KSTT.....D,48.305454092765906,18
108.0,0.43,.KVKH.TS...LD,P..KSTTSKC.Q.,64.82249379560761,18
108.0,0.43,.KVKH.TS...LD,P.L.....K.MQ.,60.40774155038832,18
108.0,0.43,.KVKH.TS...LD,P.L....S..MLD,37.209696482237746,18
108.0,0.43,.KVKH.TS...LD,P.L...T.KC.L.,49.305984874428184,18
108.0,0.43,.KVKH.TS...LD,P.L...TS.CMQD,47.49420772747685,18
108.0,0.43,.KVKH.TS...LD,P.L..TTSKSMQ.,55.52256854708054,17
108.0,0.43,.KVKH.TS...LD,P.L.H....S...,67.37248726428578,18
108.0,0.43,.KVKH.TS...LD,P.L.H..SKS.QD,68.17622238856309,18
108.0,0.43,.KVKH.TS...LD,P.L.HT.SKCMLD,132.22179736132938,18
108.0,0.43,.KVKH.TS...LD,P.L.NT.S..M..,58.016496820455515,18
108.0,0.43,.KVKH.TS...LD,P.L.NT.S.CMQ.,32.824611746449946,17
108.0,0.43,.KVKH.TS...LD,P.L.NT.SKC.LD,41.04849476325626,18
108.0,0.43,.KVKH.TS...LD,P.L.NTTS...L.,118.42954234030428,18
108.0,0.43,.KVKH.TS...LD,P.L.NTTS.C.QD,132.12349192534705,17
108.0,0.43,.KVKH.TS...LD,P.L.S........,49.2006665127477,18
108.0,0.43,.KVKH.TS...LD,P.L.S.T..SMQ.,39.53585290268734,18
108.0,0.43,.KVKH.TS...LD,P.L.S.T.K...D,43.747323357518596,18
108.0,0.43,.KVKH.TS...LD,P.L.ST..K...D,89.90345903617815,18
108.0,0.43,.KVKH.TS...LD,P.LK...SKC...,77.78068652997531,18
108.0,0.43,.KVKH.TS...LD,P.LK.T.S.C...,81.55831010507139,17
108.0,0.43,.KVKH.TS...LD,P.LK.T.SKS.LD,53.811385753852235,18
108.0,0.43,.KVKH.TS...LD,P.LK.TT.KS.LD,53.4869557453291,17
108.0,0.43,.KVKH.TS...LD,P.LK.TTS.C.LD,95.69248150767015,18
108.0,0.43,.KVKH.TS...LD,P.LK.TTSKCM.D,50.26535373188856,17
108.0,0.43,.KVKH.TS...LD,P.LKHT....MQD,113.98357417211496,18
108.0,0.43,.KVKH.TS...LD,P.LKHT..KS...,153.2717872798137,17
108.0,0.43,.KVKH.TS...LD,P.LKHT.SK....,29.877802823962824,18
108.0,0.43,.KVKH.TS...LD,P.LKHT.SKCML.,79.74200181240444,18
108.0,0.43,.KVKH.TS...LD,P.LKN...KS...,26.724075935546658,18
108.0,0.43,.KVKH.TS...LD,P.LKN.TS..M..,40.39882943234994,18
108.0,0.43,.KVKH.TS...LD,P.LKNT...CM..,32.948523037865876,18
108.0,0.43,.KVKH.TS...LD,P.LKNT.S...L.,47.218039010442716,18
108.0,0.43,.KVKH.TS...LD,P.LKNT.S.SM..,47.09736812243851,18
108.0,0.43,.KVKH.TS...LD,P.LKNT.SK..Q.,77.29054387330136,17
108.0,0.43,.KVKH.TS...LD,P.LKNTTS.SMQ.,84.50810330540327,17
108.0,0.43,.KVKH.TS...LD,P.LKS......L.,36.95210546384826,15
108.0,0.43,.KVKH.TS...LD,P.LKS..SKSMQ.,61.57345315228029,18
108.0,0.43,.KVKH.TS...LD,P.LKS.TS.C...,72.25198919402611,18
108.0,0.43,.KVKH.TS...LD,P.LKS.TS.CMLD,35.95629474664524,18
108.0,0.43,.KVKH.TS...LD,P.LKST.S.CM.D,99.71993528602327,18
108.0,0.43,.KVKH.TS...LD,P.LKST.SK..Q.,45.1218650907234,17
108.0,0.43,.KVKH.TS...LD,P.V....S..M..,273.10774533117905,18
108.0,0.43,.KVKH.TS...LD,P.V...T..SM.D,90.73959302995962,18
108.0,0.43,.KVKH.TS...LD,P.V..TT.K....,51.1586745073235,17
108.0,0.43,.KVKH.TS...LD,P.V..TT.K..QD,63.116721101928405,17
108.0,0.43,.KVKH.TS...LD,P.V.H...K.M.D,54.0442081949146,17
108.0,0.43,.KVKH.TS...LD,P.V.H.T.KSMQD,36.461359937046645,18
108.0,0.43,.KVKH.TS...LD,P.V.H.TSKC..D,54.71618801204333,18
108.0,0.43,.KVKH.TS...LD,P.V.HT....M..,98.74066479821114,17
108.0,0.43,.KVKH.TS...LD,P.V.HT...S...,81.85978307960167,18
108.0,0.43,.KVKH.TS...LD,P.V.HTT..C.QD,36.38698615634337,17
108.0,0.43,.KVKH.TS...LD,P.V.HTT.K.M.D,42.480063948701606,18
108.0,0.43,.KVKH.TS...LD,P.V.HTTS..M.D,66.2369200305146,17
108.0,0.43,.KVKH.TS...LD,P.V.N.....M..,86.3687096265256,18
108.0,0.43,.KVKH.TS...LD,P.V.N.T..C.LD,42.47487718195228,18
108.0,0.43,.KVKH.TS...LD,P.V.NT.....Q.,43.11717504896516,18
108.0,0.43,.KVKH.TS...LD,P.V.NT..K.M..,110.12417520551045,16
108.0,0.43,.KVKH.TS...LD,P.V.NT..K.M.D,38.640334382261614,16
108.0,0.43,.KVKH.TS...LD,P.V.NT.SKC.Q.,38.350277366827264,18
108.0,0.43,.KVKH.TS...LD,P.V.NTTSK.MQD,77.94679703527383,18
108.0,0.43,.KVKH.TS...LD,P.V.S...KSMLD,68.39036513509045,18
108.0,0.43,.KVKH.TS...LD,P.V.S..S.CML.,70.30673891822565,17
108.0,0.43,.KVKH.TS...LD,P.V.ST.S....D,135.04329803356782,18
108.0,0.43,.KVKH.TS...LD,P.VK.....S.Q.,35.7623419502916,18
108.0,0.43,.KVKH.TS...LD,P.VK...S...LD,75.0816418252335,18
108.0,0.43,.KVKH.TS...LD,P.VK...SKCML.,35.64911586592802,18
108.0,0.43,.KVKH.TS...LD,P.VK.T..K....,192.393544305353,65
108.0,0.43,.KVKH.TS...LD,P.VK.T..KCMQ.,36.471352195591955,16
108.0,0.43,.KVKH.TS...LD,P.VK.T.S.SMLD,139.05116024833535,18
108.0,0.43,.KVKH.TS...LD,P.VK.TTS.S..D,42.764748443578775,18
108.0,0.43,.KVKH.TS...LD,P.VKH....C.LD,102.02702877538624,18
108.0,0.43,.KVKH.TS...LD,P.VKH..S.S.L.,56.89552058586054,18
108.0,0.43,.KVKH.TS...LD,P.VKH.T.KCM..,63.81231477707423,18
108.0,0.43,.KVKH.TS...LD,P.VKH.TS.S.Q.,163.88497072648786,34
108.0,0.43,.KVKH.TS...LD,P.VKHT..K..L.,143.39254790578298,16
108.0,0.43,.KVKH.TS...LD,P.VKHT.SKC.QD,78.25440173255596,18
108.0,0.43,.KVKH.TS...LD,P.VKN..SK.M..,100.72610227599702,17
108.0,0.43,.KVKH.TS...LD,P.VKN..SK.M.D,39.418379582808065,17
108.0,0.43,.KVKH.TS...LD,P.VKNT..K.M..,24.18176985901594,17
108.0,0.43,.KVKH.TS...LD,P.VKNTTSKSM.D,98.35955065505303,18
108.0,0.43,.KVKH.TS...LD,P.VKS...K....,89.59514471538591,32
108.0,0.43,.KVKH.TS...LD,P.VKS...KC...,39.51332806710528,17
108.0,0.43,.KVKH.TS...LD,P.VKS..SK.MQD,60.45286581875102,18
108.0,0.43,.KVKH.TS...LD,P.VKS.TS.S..D,39.129679108119035,18
108.0,0.43,.KVKH.TS...LD,P.VKS.TS.S.L.,65.30302585818053,18
108.0,0.43,.KVKH.TS...LD,P.VKST.S.C.LD,47.63350204737814,18
108.0,0.43,.KVKH.TS...LD,P.VKST.SKCMLD,38.30593192623012,18
108.0,0.43,.KVKH.TS...LD,P.VKSTT...MQ.,78.82573398419194,16
108.0,0.43,.KVKH.TS...LD,PK........M.D,52.105995263772535,18
108.0,0.43,.KVKH.TS...LD,PK.......CML.,38.6610608951136,18
108.0,0.43,.KVKH.TS...LD,PK.....SK.M..,635.4226159984471,89
108.0,0.43,.KVKH.TS...LD,PK....TS.SMQD,35.52967282496428,17
108.0,0.43,.KVKH.TS...LD,PK..H....CM..,40.68491064829422,18
108.0,0.43,.KVKH.TS...LD,PK..H...K....,81.18261303228192,16
108.0,0.43,.KVKH.TS...LD,PK..H...K.M..,301.9602043875158,93
108.0,0.43,.KVKH.TS...LD,PK..H.T.K.MLD,64.18248134108781,17
108.0,0.43,.KVKH.TS...LD,PK..H.TSKC.L.,35.79346192149215,18
108.0,0.43,.KVKH.TS...LD,PK..HT..KC.L.,62.90695819210235,18
108.0,0.43,.KVKH.TS...LD,PK..HTT.K...D,42.78300444222101,14
108.0,0.43,.KVKH.TS...LD,PK..HTT.KSMQ.,39.968774655155954,18
108.0,0.43,.KVKH.TS...LD,PK..N..SK....,158.17015655927074,49
108.0,0.43,.KVKH.TS...LD,PK..N..SKC.Q.,80.690509794757,18
108.0,0.43,.KVKH.TS...LD,PK..N..SKS..D,130.50329727735465,50
108.0,0.43,.KVKH.TS...LD,PK..N.T.K..LD,41.92950904180637,17
108.0,0.43,.KVKH.TS...LD,PK..NT.S.C.Q.,36.45043428832635,18
108.0,0.43,.KVKH.TS...LD,PK..NTTS..MQD,36.92882249331337,16
108.0,0.43,.KVKH.TS...LD,PK..S..SK.M..,53.14956391994059,17
108.0,0.43,.KVKH.TS...LD,PK..ST..KSMLD,74.59981369803566,16
108.0,0.43,.KVKH.TS...LD,PK..ST.SK....,33.98973549748421,17
108.0,0.43,.KVKH.TS...LD,PK..STT.KS.L.,37.962285521078016,16
108.0,0.43,.KVKH.TS...LD,PK..STTSK.ML.,40.01592217048352,16
108.0,0.43,.KVKH.TS...LD,PK..STTSKSM..,33.157650528864416,16
108.0,0.43,.KVKH.TS...LD,PK.K.....C.LD,37.00681598981067,18
108.0,0.43,.KVKH.TS...LD,PK.K...SKSMLD,78.91464674664809,18
108.0,0.43,.KVKH.TS...LD,PK.K.T.....L.,99.18450491595675,17
108.0,0.43,.KVKH.TS...LD,PK.K.T.S.SM..,50.20167404669919,18
108.0,0.43,.KVKH.TS...LD,PK.K.TT..C...,39.638050659169956,18
108.0,0.43,.KVKH.TS...LD,PK.KH...KCMQ.,35.66634052618352,18
108.0,0.43,.KVKH.TS...LD,PK.KH..SK.MQD,67.60519833251728,18
108.0,0.43,.KVKH.TS...LD,PK.KHT.SK.M.D,39.197773926464066,18
108.0,0.43,.KVKH.TS...LD,PK.KHT.SKC.L.,40.996142483437986,18
108.0,0.43,.KVKH.TS...LD,PK.KN...K..L.,49.37038944614096,17
108.0,0.43,.KVKH.TS...LD,PK.KN...K..QD,31.746790079349427,17
108.0,0.43,.KVKH.TS...LD,PK.KN...K.ML.,11.939938037074423,16
108.0,0.43,.KVKH.TS...LD,PK.KN..SKC.QD,62.85963678347421,18
108.0,0.43,.KVKH.TS...LD,PK.KN.T..C..D,64.2078523457676,18
108.0,0.43,.KVKH.TS...LD,PK.KN.TS..M.D,40.381144892472875,16
108.0,0.43,.KVKH.TS...LD,PK.KN.TS..MQD,95.54153838566282,17
108.0,0.43,.KVKH.TS...LD,PK.KN.TS.S.L.,36.32441303301377,18
108.0,0.43,.KVKH.TS...LD,PK.KNT..K..Q.,68.20042992117992,17
108.0,0.43,.KVKH.TS...LD,PK.KNTT.K..L.,116.79649911776717,16
108.0,0.43,.KVKH.TS...LD,PK.KNTT.KSM..,67.76554289032477,18
108.0,0.43,.KVKH.TS...LD,PK.KNTTS.CMQD,47.46895238761683,18
108.0,0.43,.KVKH.TS...LD,PK.KNTTSKS.Q.,44.95098980502627,18
108.0,0.43,.KVKH.TS...LD,PK.KS..SKS.L.,110.17299989193901,18
108.0,0.43,.KVKH.TS...LD,PK.KS.TSKS...,70.69310697498047,18
108.0,0.43,.KVKH.TS...LD,PK.KS.TSKS.LD,46.78850525236997,18
108.0,0.43,.KVKH.TS...LD,PK.KS.TSKSML.,45.65312601472584,17
108.0,0.43,.KVKH.TS...LD,PK.KST..KSMQ.,86.95769580901852,33
108.0,0.43,.KVKH.TS...LD,PK.KST.S...QD,133.92696132834877,18
108.0,0.43,.KVKH.TS...LD,PKL...TSKS..D,137.1073831515518,18
108.0,0.43,.KVKH.TS...LD,PKL..T.S..M.D,56.93550457691684,17
108.0,0.43,.KVKH.TS...LD,PKL..T.SKSM..,107.90403201171684,16
108.0,0.43,.KVKH.TS...LD,PKL..TT..SMQ.,91.9122192921989,17
108.0,0.43,.KVKH.TS...LD,PKL..TTSK....,78.94474933033368,18
108.0,0.43,.KVKH.TS...LD,PKL.H..S.CML.,50.576341879585726,18
108.0,0.43,.KVKH.TS...LD,PKL.H.T...MLD,68.33010417636197,17
108.0,0.43,.KVKH.TS...LD,PKL.N.....M..,38.82866300214874,18
108.0,0.43,.KVKH.TS...LD,PKL.N..SK.MLD,57.29604644544294,17
108.0,0.43,.KVKH.TS...LD,PKL.NTT..SM.D,80.08458952706657,18
108.0,0.43,.KVKH.TS...LD,PKL.NTT.K..QD,44.545906949528316,18
108.0,0.43,.KVKH.TS...LD,PKL.S..SK.MQ.,83.95787877220934,18
108.0,0.43,.KVKH.TS...LD,PKL.ST...S..D,59.27695298617453,18
108.0,0.43,.KVKH.TS...LD,PKL.ST..KC.L.,95.02189403571887,18
108.0,0.43,.KVKH.TS...LD,PKL.ST.SK..LD,86.82142719075686,33
108.0,0.43,.KVKH.TS...LD,PKL.STT.KCM..,47.62785816229237,18
108.0,0.43,.KVKH.TS...LD,PKLK.....CMQ.,32.67921405869224,18
108.0,0.43,.KVKH.TS...LD,PKLK....K.M..,31.022788600212138,17
108.0,0.43,.KVKH.TS...LD,PKLK...S...L.,89.9711390537539,18
108.0,0.43,.KVKH.TS...LD,PKLK...SKS.Q.,46.909894472865524,16
108.0,0.43,.KVKH.TS...LD,PKLK.T..KC.QD,37.74520040260266,18
108.0,0.43,.KVKH.TS...LD,PKLKH...KC.Q.,51.21481365058436,18
108.0,0.43,.KVKH.TS...LD,PKLKN.TS.CMQD,71.60595763084501,18
108.0,0.43,.KVKH.TS...LD,PKLKNTT..S...,46.20070085579965,18
108.0,0.43,.KVKH.TS...LD,PKLKNTTSK.MQ.,71.07300567659118,17
108.0,0.43,.KVKH.TS...LD,PKLKNTTSKCM..,75.91622299855007,18
108.0,0.43,.KVKH.TS...LD,PKLKS...K.ML.,45.41140546896921,18
108.0,0.43,.KVKH.TS...LD,PKLKS...KS...,70.81079440396466,34
108.0,0.43,.KVKH.TS...LD,PKLKS..SKCMLD,82.39453476683042,18
108.0,0.43,.KVKH.TS...LD,PKLKS.T.K.MLD,51.1951828617503,18
108.0,0.43,.KVKH.TS...LD,PKLKST..KCMLD,73.41969027196228,17
108.0,0.43,.KVKH.TS...LD,PKV........LD,91.80268771681143,18
108.0,0.43,.KVKH.TS...LD,PKV....SKCMQ.,90.27035670107915,18
108.0,0.43,.KVKH.TS...LD,PKV...TS.CM..,36.78098911071908,17
108.0,0.43,.KVKH.TS...LD,PKV..T...S.Q.,244.48869931131176,18
108.0,0.43,.KVKH.TS...LD,PKV..T..K...D,111.23951821538424,17
108.0,0.43,.KVKH.TS...LD,PKV..TT.K..QD,40.26001391913703,17
108.0,0.43,.KVKH.TS...LD,PKV..TTSKC.L.,98.6923784108471,18
108.0,0.43,.KVKH.TS...LD,PKV.HT.SK.ML.,62.86177261199535,18
108.0,0.43,.KVKH.TS...LD,PKV.N..S.SML.,53.85617053942182,18
108.0,0.43,.KVKH.TS...LD,PKV.N.TSKC.LD,32.70723620664133,18
108.0,0.43,.KVKH.TS...LD,PKV.NT.SK.MQD,299.5590370611787,34
108.0,0.43,.KVKH.TS...LD,PKV.NTTS...LD,74.84781712819965,17
108.0,0.43,.KVKH.TS...LD,PKV.S....CMQD,48.71831625173046,18
108.0,0.43,.KVKH.TS...LD,PKV.S...K.MQ.,53.783370203377345,18
108.0,0.43,.KVKH.TS...LD,PKV.S.T...MQD,73.46153491279168,18
108.0,0.43,.KVKH.TS...LD,PKV.S.TS..M.D,40.087750073894874,18
108.0,0.43,.KVKH.TS...LD,PKV.S.TS.C.QD,89.64118335564018,18
108.0,0.43,.KVKH.TS...LD,PKV.S.TS.CML.,156.39936816347932,18
108.0,0.43,.KVKH.TS...LD,PKV.ST...SM.D,78.5379771564588,18
108.0,0.43,.KVKH.TS...LD,PKV.STTSK....,34.782412257490854,18
108.0,0.43,.KVKH.TS...LD,PKV.STTSKC..D,60.63805119378083,17
108.0,0.43,.KVKH.TS...LD,PKV.STTSKSMLD,57.2320968447894,18
108.0,0.43,.KVKH.TS...LD,PKVK....K.MQD,44.35956115447248,17
108.0,0.43,.KVKH.TS...LD,PKVK...SK.ML.,92.47581696778163,17
108.0,0.43,.KVKH.TS...LD,PKVK...SK.MQ.,41.43861666330563,17
108.0,0.43,.KVKH.TS...LD,PKVK.TT..CM.D,89.05175123824917,17
108.0,0.43,.KVKH.TS...LD,PKVK.TT.KSML.,91.44145025166807,16
108.0,0.43,.KVKH.TS...LD,PKVK.TTSK..L.,87.1487090701739,18
108.0,0.43,.KVKH.TS...LD,PKVKH..SKC.QD,107.19483069199751,18
108.0,0.43,.KVKH.TS...LD,PKVKHT....MLD,61.48564628841364,15
108.0,0.43,.KVKH.TS...LD,PKVKHT.SK....,42.697149986154784,18
108.0,0.43,.KVKH.TS...LD,PKVKHTT.K..Q.,48.421254365506016,17
108.0,0.43,.KVKH.TS...LD,PKVKHTTS.....,51.55186232600615,17
108.0,0.43,.KVKH.TS...LD,PKVKN....CMLD,68.10841958249904,18
108.0,0.43,.KVKH.TS...LD,PKVKN...K.M.D,46.420626827998134,17
108.0,0.43,.KVKH.TS...LD,PKVKN...KC.Q.,37.21872273067362,18
108.0,0.43,.KVKH.TS...LD,PKVKN..S...QD,84.49057032474171,18
108.0,0.43,.KVKH.TS...LD,PKVKNT.S..M.D,58.42452488185398,16
108.0,0.43,.KVKH.TS...LD,PKVKNTTSKCMQD,130.76637917869982,18
108.0,0.43,.KVKH.TS...LD,PKVKS...K.MLD,38.09631689291543,18
108.0,0.43,.KVKH.TS...LD,PKVKS..S.S...,46.056935033614785,18
108.0,0.43,.KVKH.TS...LD,PKVKS.T.KS.LD,115.49076055647737,17
108.0,0.43,.KVKH.TS...LD,PKVKS.T.KS.Q.,54.189260865591116,18
108.0,0.43,.KVKH.TS...LD,PKVKST...C.L.,131.29386147183885,18
108.0,0.43,.KVKH.TS...LD,PKVKST..K.MQ.,109.90538713757013,34
108.0,0.43,.KVKH.TS...LD,PKVKSTTS.CMQ.,57.617897516986474,18
108.0,0.43,P......SK.ML.,PK.....SK.M..,3.982188907537633,1
108.0,0.43,P...H.....ML.,P...HT....ML.,1.8978521576469798,1
108.0,0.43,P..KNT..K..Q.,PK.KNT..K..Q.,1.8746201167352934,1
108.0,0.43,P..KS...K.MQ.,.K.KS...K..Q.,3.3395501118485935,2
108.0,0.43,P.LKST.SK..Q.,P.LKNT.SK..Q.,1.7790625745395314,1
108.0,0.43,P.V.NT..K.M.D,P.V.NT..K.M..,2.840795063909641,1
108.0,0.43,P.VK.T..K....,P.VKS...K....,1.8439353714521216,1
108.0,0.43,P.VK.T.S.S.Q.,.KVKH.TS...LD,45.694060301958885,18
108.0,0.43,P.VKHTTSKSML.,.KVKH.TS...LD,32.40829748985994,18
108.0,0.43,P.VKN..SK.M.D,P.VKN..SK.M..,2.5463555852779605,1
108.0,0.43,P.VKNT..K.M..,P.V.NT..K.M..,1.9278089478013893,1
108.0,0.43,P.VKS...KC...,P.VKS...K....,3.0486922830981773,1
108.0,0.43,PK...T..KSMLD,.KL.N...KCMQ.,4.7590789248895025,2
108.0,0.43,PK...T..KSMLD,.KVKH.TS...LD,30.58359466975845,15
108.0,0.43,PK...T..KSMLD,PK..ST..KSMLD,9.11886217839881,1
108.0,0.43,PK..H...K.M..,PK.....SK.M..,2.109948731266143,1
108.0,0.43,PK..H...K.M..,PK..H...K....,3.4218409332801203,2
108.0,0.43,PK..H.T.K.MLD,P...H.T.K.MLD,1.8250222623345056,1
108.0,0.43,PK..N..SK....,PK.....SK.M..,2.99112112994038,1
108.0,0.43,PK..S..SK.M..,PK.....SK.M..,2.9733196975762843,1
108.0,0.43,PK..ST.SK....,P..KST..K.M..,2.53477233771978,1
108.0,0.43,PK..STT.K.ML.,.KL.N...KCMQ.,7.369298582390365,2
108.0,0.43,PK..STT.K.ML.,.KVKH.TS...LD,46.43966494936745,15
108.0,0.43,PK..STT.K.ML.,PK..STTSK.ML.,7.710592314266732,1
108.0,0.43,PK.KN...K..QD,P..KN...K..QD,2.0976996428430943,1
108.0,0.43,PK.KN...K.ML.,P..KN...K.ML.,1.5938689199106038,1
108.0,0.43,PK.KN...K.ML.,PK.KN...K..L.,2.044988615607484,1
108.0,0.43,PK.KN.TS..M.D,PK.KN.TS..MQD,2.2236662355136003,1
108.0,0.43,PKL..T....MQD,.KL.N...KCMQ.,2.421938560475017,1
108.0,0.43,PKL..T....MQD,.KVKH.TS...LD,42.279844999011225,17
108.0,0.43,PKL.STT.K..Q.,.KVKH.TS...LD,26.51962822042926,18
108.0,0.43,PKLK.TT..SML.,.KL.N...KCMQ.,2.81588967016999,1
108.0,0.43,PKLK.TT..SML.,.KVKH.TS...LD,38.962301974524955,16
108.0,0.43,PKV..TT.K..QD,P.V..TT.K..QD,1.6224643787602593,1
108.0,0.43,PKVK...SK.MQ.,PKVK...SK.ML.,2.265660684121666,1
108.0,0.43,PKVKN.TS.C.QD,.KVKH.TS...LD,32.65728281416885,18
