drug,genotype,concentration,rep1_auc,rep2_auc,rep3_auc,rep1_sum_reads,rep2_sum_reads,rep3_sum_reads,rep1_low_count,rep2_low_count,rep3_low_count,n_low_count_reps,all_reps_low,majority_low,mean_raw,sd_raw,mean_clean,sd_clean
Ampicillin,.K..H...K....,0.0,2.9725369976563507,3.3126312739718182,3.1018443648333,209,346,298,false,false,false,0,false,false,3.129004212153823,0.1716661649117,3.129004212153823,0.1716661649117
Ampicillin,.K..H...K....,3.1,3.1415866819670075,3.269745479737811,3.0880060355744923,5970,355,4741,false,false,false,0,false,false,3.16644606575977,0.09338521356786059,3.16644606575977,0.09338521356786059
Ampicillin,.K..H...K....,12.2,3.2618926668751396,3.3503727070412515,3.235337605381728,357,378,403,false,false,false,0,false,false,3.2825343264327067,0.06023144723001499,3.2825343264327067,0.06023144723001499
Ampicillin,.K..H...K....,48.8,3.5555804487265212,3.6569151551215517,3.425417356212887,620,728,657,false,false,false,0,false,false,3.5459709866869864,0.11604768005180488,3.5459709866869864,0.11604768005180488
Ampicillin,.K..H...K....,195.0,3.6661771421501994,3.83963167594674,3.6762531776743455,843,960,970,false,false,false,0,false,false,3.7273539985904285,0.09736574986804654,3.7273539985904285,0.09736574986804654
Ampicillin,.K..H...K....,781.0,4.357494667480959,4.409141653787599,4.206167720104034,2506,2448,2278,false,false,false,0,false,false,4.3242680137908645,0.105487498431455,4.3242680137908645,0.105487498431455
Ampicillin,.KV..........,0.0,3.147197906262595,3.077698777407305,3.123858703744711,317,303,306,false,false,false,0,false,false,3.1162517958048706,0.03536850313789035,3.1162517958048706,0.03536850313789035
Ampicillin,.KV..........,3.1,3.211708122849726,3.1294564430875997,3.1346176635862313,702,387,1580,false,false,false,0,false,false,3.158594076507853,0.046070445931897706,3.158594076507853,0.046070445931897706
Ampicillin,.KV..........,12.2,3.278095149011848,3.1942784857820206,3.249628532612039,436,394,388,false,false,false,0,false,false,3.2406673891353024,0.04262082622443604,3.2406673891353024,0.04262082622443604
Ampicillin,.KV..........,48.8,3.3867816542831557,3.1799765614107813,3.3184987835512683,467,416,476,false,false,false,0,false,false,3.2950856664150687,0.1053718043406912,3.2950856664150687,0.1053718043406912
Ampicillin,.KV..........,195.0,3.5952146074633786,3.6016246637312097,3.5488568127156057,773,898,683,false,false,false,0,false,false,3.581898694636731,0.028794038897077236,3.581898694636731,0.028794038897077236
Ampicillin,.KV..........,781.0,4.117340331143321,4.162286718636347,4.12339660148323,1626,2157,1726,false,false,false,0,false,false,4.134341217087633,0.02439022130310431,4.134341217087633,0.02439022130310431
Ampicillin,.K.KNT..K.M..,0.0,3.0851655835070724,3.3028771739777594,3.1650731221605213,346,337,435,false,false,false,0,false,false,3.184371959881785,0.11013136705481671,3.184371959881785,0.11013136705481671
Ampicillin,.K.KNT..K.M..,3.1,3.2755386280701586,3.3545267864930532,3.238433976127577,564,469,466,false,false,false,0,false,false,3.28949979689693,0.05929224933240266,3.28949979689693,0.05929224933240266
Ampicillin,.K.KNT..K.M..,12.2,3.3097594255793243,3.4804221488586324,3.4265388421697827,517,528,748,false,false,false,0,false,false,3.4055734722025797,0.08724162614643133,3.4055734722025797,0.08724162614643133
Ampicillin,.K.KNT..K.M..,48.8,3.408955148284303,3.6480813286924425,3.4319154406263888,602,777,836,false,false,false,0,false,false,3.4963173058677115,0.13193192458259545,3.4963173058677115,0.13193192458259545
Ampicillin,.K.KNT..K.M..,195.0,3.746443014576667,3.9068696785142722,3.6422890415574654,1248,1189,1158,false,false,false,0,false,false,3.7652005782161346,0.13328395630526552,3.7652005782161346,0.13328395630526552
Ampicillin,.K.KNT..K.M..,781.0,4.27530504227492,4.360332541974856,4.210130253995634,2766,2374,2923,false,false,false,0,false,false,4.2819226127484695,0.07531949288051255,4.2819226127484695,0.07531949288051255
Ampicillin,..LKH........,0.0,3.3968269452404716,3.1364140352292957,3.2177774161880284,341,221,368,false,false,false,0,false,false,3.250339465552598,0.13322513358686386,3.250339465552598,0.13322513358686386
Ampicillin,..LKH........,3.1,3.5039147176145513,3.3045055273813517,3.232858721051199,432,392,374,false,false,false,0,false,false,3.3470929886823675,0.14045678058850397,3.3470929886823675,0.14045678058850397
Ampicillin,..LKH........,12.2,3.534385745303853,3.373952774274691,3.208786724793112,423,368,365,false,false,false,0,false,false,3.372375081457219,0.16280524369736443,3.372375081457219,0.16280524369736443
Ampicillin,..LKH........,48.8,3.6929308330243216,3.651304347206733,3.5152641360303387,558,670,772,false,false,false,0,false,false,3.6198331054204647,0.09292035890947288,3.6198331054204647,0.09292035890947288
Ampicillin,..LKH........,195.0,4.008984573609087,3.7511335281397384,3.7861942416604655,1238,781,1205,false,false,false,0,false,false,3.8487707811364302,0.13985227163689293,3.8487707811364302,0.13985227163689293
Ampicillin,..LKH........,781.0,4.345991107516141,4.243224173628512,4.0697812462611385,1680,1623,1686,false,false,false,0,false,false,4.219665509135264,0.13960383185341282,4.219665509135264,0.13960383185341282
Ampicillin,..LKNT..K....,0.0,3.121319324267423,3.216883650072036,3.0997064691493574,390,418,417,false,false,false,0,false,false,3.145969814496272,0.06235669918812632,3.145969814496272,0.06235669918812632
Ampicillin,..LKNT..K....,3.1,3.204144239075259,3.129097542108728,3.2525046953675076,462,422,505,false,false,false,0,false,false,3.195248825517165,0.06218261538111862,3.195248825517165,0.06218261538111862
Ampicillin,..LKNT..K....,12.2,3.3203943010150647,3.3665062253963725,3.30296753815393,548,608,575,false,false,false,0,false,false,3.3299560215217894,0.03283079451383659,3.3299560215217894,0.03283079451383659
Ampicillin,..LKNT..K....,48.8,3.4657863341751867,3.50764717091313,3.4514884353885744,747,820,841,false,false,false,0,false,false,3.4749739801589636,0.029184936576454136,3.4749739801589636,0.029184936576454136
Ampicillin,..LKNT..K....,195.0,3.720586106523728,3.7328770643750273,3.730447176927349,1227,1251,1456,false,false,false,0,false,false,3.727970115942035,0.006509130861284673,3.727970115942035,0.006509130861284673
Ampicillin,..LKNT..K....,781.0,4.174628533117484,4.148362171506142,4.02762891575014,2342,2244,2095,false,false,false,0,false,false,4.116873206791255,0.07839571449159666,4.116873206791255,0.07839571449159666
Ampicillin,............D,0.0,3.1316175981509407,3.0845734055589795,3.103909432007334,475,408,491,false,false,false,0,false,false,3.1067001452390848,0.023645931455829428,3.1067001452390848,0.023645931455829428
Ampicillin,............D,3.1,3.1391058196345942,3.2195327523210113,3.0707926843621025,479,662,605,false,false,false,0,false,false,3.1431437521059027,0.074452203648296,3.1431437521059027,0.074452203648296
Ampicillin,............D,12.2,3.173143672360516,3.2832537788591245,3.204961994060375,470,657,561,false,false,false,0,false,false,3.2204531484266714,0.05666604614744219,3.2204531484266714,0.05666604614744219
Ampicillin,............D,48.8,3.360331369372673,3.4026067379146356,3.4625080635170065,673,834,1041,false,false,false,0,false,false,3.4084820569347714,0.051341101826484534,3.4084820569347714,0.051341101826484534
Ampicillin,............D,195.0,3.638931092493881,3.6769173217394444,3.6529846198553755,1236,1463,1413,false,false,false,0,false,false,3.6562776780295674,0.01920602970887223,3.6562776780295674,0.01920602970887223
Ampicillin,............D,781.0,4.262114368331767,4.225780383300611,4.182270532794445,3359,3341,3341,false,false,false,0,false,false,4.223388428142274,0.03997562514129534,4.223388428142274,0.03997562514129534
Ampicillin,.K.KST..K..L.,0.0,3.32032907316694,3.264925377887836,3.153442084880995,236,175,222,false,false,false,0,false,false,3.2462321786452573,0.08499937345786936,3.2462321786452573,0.08499937345786936
Ampicillin,.K.KST..K..L.,3.1,3.517774551617944,3.396092836968723,3.293433402644111,413,286,280,false,false,false,0,false,false,3.4024335970769264,0.11230490510118953,3.4024335970769264,0.11230490510118953
Ampicillin,.K.KST..K..L.,12.2,3.509524600974085,3.6466809430992555,3.4953512355745464,354,419,407,false,false,false,0,false,false,3.550518926549296,0.08357972925239274,3.550518926549296,0.08357972925239274
Ampicillin,.K.KST..K..L.,48.8,3.569673166463249,3.777664846304906,3.6879040385225186,339,541,681,false,false,false,0,false,false,3.678414017096891,0.10432008483907948,3.678414017096891,0.10432008483907948
Ampicillin,.K.KST..K..L.,195.0,4.000944816101623,3.9798974665258626,3.824139773441553,953,795,801,false,false,false,0,false,false,3.93499401868968,0.09657766562818702,3.93499401868968,0.09657766562818702
Ampicillin,.K.KST..K..L.,781.0,4.505630562239437,4.562776414797002,4.42257090417611,2032,2004,2208,false,false,false,0,false,false,4.49699262707085,0.07050075705337322,4.49699262707085,0.07050075705337322
Ampicillin,.K.K...S..ML.,0.0,3.1626968867386696,3.3799043158744757,3.3259714355315717,178,190,175,false,false,false,0,false,false,3.2895242127149054,0.11309759880842891,3.2895242127149054,0.11309759880842891
Ampicillin,.K.K...S..ML.,3.1,3.1661346269428234,3.4987453978720646,3.3320758095654366,196,298,190,false,false,false,0,false,false,3.332318611460108,0.1663055183964323,3.332318611460108,0.1663055183964323
Ampicillin,.K.K...S..ML.,12.2,3.2997519121500214,3.6845848761612494,3.558704853592482,253,375,301,false,false,false,0,false,false,3.514347213967918,0.1962136659160463,3.514347213967918,0.1962136659160463
Ampicillin,.K.K...S..ML.,48.8,3.530326894227796,3.7681982318125287,3.630399302260102,379,464,398,false,false,false,0,false,false,3.6429748094334755,0.11943324849717583,3.6429748094334755,0.11943324849717583
Ampicillin,.K.K...S..ML.,195.0,3.833236473760445,3.9245178276777106,3.9750107393233676,662,614,755,false,false,false,0,false,false,3.910921680253841,0.07185838164442072,3.910921680253841,0.07185838164442072
Ampicillin,.K.K...S..ML.,781.0,4.358899609012633,4.57019787652881,4.4614459092426495,1619,1723,1591,false,false,false,0,false,false,4.463514464928031,0.10566432063758356,4.463514464928031,0.10566432063758356
Ampicillin,...K.T.....Q.,0.0,3.1746161828762207,3.381591628248381,3.203506306995102,190,184,232,false,false,false,0,false,false,3.2532380393732345,0.11209211680911678,3.2532380393732345,0.11209211680911678
Ampicillin,...K.T.....Q.,3.1,3.0276182823640756,3.551663005527009,3.301492860994808,136,347,536,false,false,false,0,false,false,3.293591382961964,0.26211169944330326,3.293591382961964,0.26211169944330326
Ampicillin,...K.T.....Q.,12.2,3.40181427794369,3.731636754765819,3.4198378408725003,294,433,345,false,false,false,0,false,false,3.5177629578606697,0.18543924330392142,3.5177629578606697,0.18543924330392142
Ampicillin,...K.T.....Q.,48.8,3.534451453260359,3.815305375228824,3.5958626249384116,373,481,559,false,false,false,0,false,false,3.6485398178091977,0.1476512660217538,3.6485398178091977,0.1476512660217538
Ampicillin,...K.T.....Q.,195.0,3.9038714720640755,4.07389698911531,3.9002296307403346,832,820,946,false,false,false,0,false,false,3.9593326973065732,0.09923229550043099,3.9593326973065732,0.09923229550043099
Ampicillin,...K.T.....Q.,781.0,4.4017759074244,4.591536348314641,4.419319135418027,1741,1772,2186,false,false,false,0,false,false,4.47087713038569,0.10486146272834813,4.47087713038569,0.10486146272834813
Ampicillin,.K.......S...,0.0,3.1568601699607535,3.2121987072942795,3.13980826308471,336,327,328,false,false,false,0,false,false,3.1696223801132475,0.037845073777138,3.1696223801132475,0.037845073777138
Ampicillin,.K.......S...,3.1,3.2017487126872552,3.249234586773986,3.173428203059338,364,417,331,false,false,false,0,false,false,3.2081371675068593,0.038304845897219,3.2081371675068593,0.038304845897219
Ampicillin,.K.......S...,12.2,3.2889610517540673,3.294393933426759,3.2596343794237077,405,394,379,false,false,false,0,false,false,3.2809964548681783,0.018698469223142212,3.2809964548681783,0.018698469223142212
Ampicillin,.K.......S...,48.8,3.480434460434125,3.49724407612814,3.424050308525347,598,680,669,false,false,false,0,false,false,3.467242948362537,0.03833854323033225,3.467242948362537,0.03833854323033225
Ampicillin,.K.......S...,195.0,3.7133651591831383,3.710175371033257,3.645346934477794,993,896,900,false,false,false,0,false,false,3.689629154898063,0.03838267800873543,3.689629154898063,0.03838267800873543
Ampicillin,.K.......S...,781.0,3.7995162183399294,3.9039063874035778,3.730897993481354,894,1115,850,false,false,false,0,false,false,3.8114401997416203,0.08711837975558158,3.8114401997416203,0.08711837975558158
Ampicillin,P......SK....,0.0,3.494888322996766,3.3075758740922856,3.4720107418819453,89,55,67,false,false,false,0,false,false,3.4248249796569987,0.10218297556936913,3.4248249796569987,0.10218297556936913
Ampicillin,P......SK....,3.1,3.3751760708994967,3.4113597205708746,3.634264674746783,73,78,80,false,false,false,0,false,false,3.473600155405718,0.1403108333565402,3.473600155405718,0.1403108333565402
Ampicillin,P......SK....,12.2,3.3956047888519794,3.629224683345632,3.4223715870083375,75,114,55,false,false,false,0,false,false,3.4824003530686496,0.12785598672666482,3.4824003530686496,0.12785598672666482
Ampicillin,P......SK....,48.8,3.60778417202267,3.3786376975046113,3.7220841547353163,106,79,118,false,false,false,0,false,false,3.5695020080875324,0.17489428321917264,3.5695020080875324,0.17489428321917264
Ampicillin,P......SK....,195.0,3.87764387230098,3.7268334706294772,3.999593551423827,178,132,185,false,false,false,0,false,false,3.8680236314514276,0.13663428264618507,3.8680236314514276,0.13663428264618507
Ampicillin,P......SK....,781.0,4.485885294199935,4.307620628636822,4.586277148553836,453,275,492,false,false,false,0,false,false,4.459927690463531,0.1411301240588538,4.459927690463531,0.1411301240588538
Ampicillin,.K...........,0.0,3.161401932866964,3.0987023629181403,3.1676958859202022,303,243,282,false,false,false,0,false,false,3.1426000605684354,0.038146551030291576,3.1426000605684354,0.038146551030291576
Ampicillin,.K...........,3.1,3.1357793432047796,3.1612395318750566,3.2209890563570704,9502,292,11045,false,false,false,0,false,false,3.1726693104789683,0.04373961228765935,3.1726693104789683,0.04373961228765935
Ampicillin,.K...........,12.2,3.2908397061604964,3.3339587784213864,3.3913003254339578,364,406,387,false,false,false,0,false,false,3.3386996033386134,0.050397823086654164,3.3386996033386134,0.050397823086654164
Ampicillin,.K...........,48.8,3.3921147443203608,3.479772510683632,3.5024057528350467,414,536,561,false,false,false,0,false,false,3.4580976692796797,0.05825268836896278,3.4580976692796797,0.05825268836896278
Ampicillin,.K...........,195.0,3.677681045544976,3.6631954199548336,3.6920903378285517,843,706,747,false,false,false,0,false,false,3.6776556011094534,0.014447475741343295,3.6776556011094534,0.014447475741343295
Ampicillin,.K...........,781.0,4.260783021842152,4.219900493387894,4.327657462219533,1959,1849,2270,false,false,false,0,false,false,4.269446992483193,0.05439843171817848,4.269446992483193,0.05439843171817848
Ampicillin,..V..........,0.0,3.1176726366661733,3.112674469077426,3.2938785065788077,309,380,310,false,false,false,0,false,false,3.174741870774136,0.10320561473559757,3.174741870774136,0.10320561473559757
Ampicillin,..V..........,3.1,3.1869986195714826,3.0685374430860226,3.3174462524050563,351,399,316,false,false,false,0,false,false,3.1909941050208537,0.12450249703173376,3.1909941050208537,0.12450249703173376
Ampicillin,..V..........,12.2,3.245036434796242,3.0898593896080753,3.395754122667026,378,356,363,false,false,false,0,false,false,3.243549982357114,0.15295278383848404,3.243549982357114,0.15295278383848404
Ampicillin,..V..........,48.8,3.373263738459775,3.223888883840332,3.5432142971252514,446,489,546,false,false,false,0,false,false,3.380122306475119,0.15977315124516997,3.380122306475119,0.15977315124516997
Ampicillin,..V..........,195.0,3.4976036609397703,3.440186914584063,3.7827462973118124,632,711,801,false,false,false,0,false,false,3.573512290945215,0.18346204718055953,3.573512290945215,0.18346204718055953
Ampicillin,..V..........,781.0,4.124678451123606,3.977243883470079,4.369302034215486,1677,1597,2232,false,false,false,0,false,false,4.157074789603057,0.19802661551325212,4.157074789603057,0.19802661551325212
Ampicillin,.K.K.T..K.ML.,0.0,3.311269894419017,3.119164476572561,3.472748679820722,202,166,224,false,false,false,0,false,false,3.3010610169374335,0.17701303082325523,3.3010610169374335,0.17701303082325523
Ampicillin,.K.K.T..K.ML.,3.1,3.366740210127725,3.312060547843992,3.5324537199661212,385,277,399,false,false,false,0,false,false,3.4037514926459465,0.11476351273268993,3.4037514926459465,0.11476351273268993
Ampicillin,.K.K.T..K.ML.,12.2,3.382718095623471,3.2726789434751864,3.499853851088405,204,250,221,false,false,false,0,false,false,3.385083630062354,0.11360592624134867,3.385083630062354,0.11360592624134867
Ampicillin,.K.K.T..K.ML.,48.8,3.5894491223662626,3.423786901781903,3.6700707662674716,289,354,373,false,false,false,0,false,false,3.561102263471879,0.12556509779142463,3.561102263471879,0.12556509779142463
Ampicillin,.K.K.T..K.ML.,195.0,3.9863533489107112,3.779272819556078,3.8682656585236677,706,627,499,false,false,false,0,false,false,3.8779639423301524,0.10388035878375727,3.8779639423301524,0.10388035878375727
Ampicillin,.K.K.T..K.ML.,781.0,4.49465084496049,4.282903746177477,4.602181977293416,1505,1500,1685,false,false,false,0,false,false,4.459912189477127,0.16244915467531518,4.459912189477127,0.16244915467531518
Ampicillin,.K.KS...K.M..,0.0,3.0741175868581414,3.15995117321392,2.961221587237609,208,268,228,false,false,false,0,false,false,3.0650967824365565,0.09967142654687138,3.0650967824365565,0.09967142654687138
Ampicillin,.K.KS...K.M..,3.1,3.210457405757781,3.1604624746746217,3.0058966788602453,295,297,981,false,false,false,0,false,false,3.1256055197642163,0.10664205655571163,3.1256055197642163,0.10664205655571163
Ampicillin,.K.KS...K.M..,12.2,3.3527799805305594,3.356262322878463,3.270878009592409,321,408,382,false,false,false,0,false,false,3.3266401043338103,0.0483227698349214,3.3266401043338103,0.0483227698349214
Ampicillin,.K.KS...K.M..,48.8,3.537774744563876,3.552030740920151,3.3818349720660246,478,656,551,false,false,false,0,false,false,3.4905468191833506,0.09441667032771894,3.4905468191833506,0.09441667032771894
Ampicillin,.K.KS...K.M..,195.0,3.8426125401753373,3.7388392653973197,3.5833734371468653,873,851,726,false,false,false,0,false,false,3.721608414239841,0.13047568665640383,3.721608414239841,0.13047568665640383
Ampicillin,.K.KS...K.M..,781.0,4.29240651118361,4.1897557202132045,4.168079258195047,1601,1722,1943,false,false,false,0,false,false,4.216747163197287,0.06641325134860326,4.216747163197287,0.06641325134860326
Ampicillin,.........C...,0.0,3.257094485496221,2.8848076550456376,3.1986700985243877,317,274,337,false,false,false,0,false,false,3.1135240796887493,0.200216768589458,3.1135240796887493,0.200216768589458
Ampicillin,.........C...,3.1,3.3638883540716416,3.07445573345051,3.3234627957653107,366,419,411,false,false,false,0,false,false,3.2539356277624876,0.15674288113906024,3.2539356277624876,0.15674288113906024
Ampicillin,.........C...,12.2,3.5368744911718135,3.2322184280912003,3.355096920941382,542,578,447,false,false,false,0,false,false,3.374729946734799,0.1532740061761888,3.374729946734799,0.1532740061761888
Ampicillin,.........C...,48.8,3.740272615719856,3.426359042490497,3.569349041946401,759,965,848,false,false,false,0,false,false,3.5786602333855844,0.15716378901935035,3.5786602333855844,0.15716378901935035
Ampicillin,.........C...,195.0,3.6605899861262516,3.3841522102929544,3.5385507373371747,718,748,715,false,false,false,0,false,false,3.527764311252127,0.13853418790205263,3.527764311252127,0.13853418790205263
Ampicillin,.........C...,781.0,2.5510785816063373,2.2594342938119167,2.3815610500023494,141,140,71,false,false,false,0,false,false,2.3973579751402014,0.14646246885682648,2.3973579751402014,0.14646246885682648
Ampicillin,.K..H..SK.MT.,0.0,2.041707112480903,3.407787670494121,3.2533745953852344,2,13,8,true,false,true,2,false,true,2.9009564594534196,0.7481262792107144,3.407787670494121,NaN
Ampicillin,.K..H..SK.MT.,3.1,3.3428664875939704,3.343324725161206,3.2607265118408773,10,18,6,false,false,true,1,false,false,3.315639241532018,0.047556370835212185,3.343095606377588,0.0003240228911868118
Ampicillin,.K..H..SK.MT.,12.2,3.7616565267282587,3.493003167498507,3.4019883426722006,34,24,9,false,false,true,1,false,false,3.5522160122996556,0.1870024636137965,3.6273298471133826,0.18996661209990304
Ampicillin,.K..H..SK.MT.,48.8,2.9254869797140155,3.506288703346982,3.2486051344889213,4,15,10,true,false,false,1,false,false,3.226793605849973,0.29101454882863154,3.3774469189179515,0.18220979893988545
Ampicillin,.K..H..SK.MT.,195.0,4.243482389272441,4.079489929415687,3.554218639233776,87,50,14,false,false,false,0,false,false,3.959063652640635,0.3600666540833337,3.959063652640635,0.3600666540833337
Ampicillin,.K..H..SK.MT.,781.0,4.310539385489441,4.625172122346851,4.534567358261543,59,136,99,false,false,false,0,false,false,4.490092955365945,0.16196270916567826,4.490092955365945,0.16196270916567826
Ampicillin,.K.K....K..L.,0.0,3.186605807187639,3.0607661764951906,3.623062190032392,179,155,249,false,false,false,0,false,false,3.2901447245717406,0.29510071546806016,3.2901447245717406,0.29510071546806016
Ampicillin,.K.K....K..L.,3.1,3.269906094819726,3.167998569304648,3.4367000755295614,3179,253,3380,false,false,false,0,false,false,3.2915349132179785,0.13565020899675276,3.2915349132179785,0.13565020899675276
Ampicillin,.K.K....K..L.,12.2,3.45699031537174,3.363375550604138,3.7625406582347742,291,309,313,false,false,false,0,false,false,3.5276355080702175,0.20874925922263324,3.5276355080702175,0.20874925922263324
Ampicillin,.K.K....K..L.,48.8,3.5168119033648906,3.453395623135773,3.855331821668538,302,377,463,false,false,false,0,false,false,3.6085131160564003,0.2160902849032384,3.6085131160564003,0.2160902849032384
Ampicillin,.K.K....K..L.,195.0,3.7706482706678712,3.704692630138172,4.220870367830603,543,641,954,false,false,false,0,false,false,3.8987370895455484,0.28091800113810417,3.8987370895455484,0.28091800113810417
Ampicillin,.K.K....K..L.,781.0,4.503349904953374,4.3485964148733185,4.74840383354672,2000,1759,2038,false,false,false,0,false,false,4.533450051124471,0.20159614854012775,4.533450051124471,0.20159614854012775
Ampicillin,...KNT..K.M..,0.0,3.241815940247806,3.0424107315727915,3.2153673819306587,390,255,328,false,false,false,0,false,false,3.1665313512504185,0.10830202090050091,3.1665313512504185,0.10830202090050091
Ampicillin,...KNT..K.M..,3.1,3.208551554396648,3.167037724801496,3.201586772324505,417,405,294,false,false,false,0,false,false,3.192392017174216,0.022231894962399315,3.192392017174216,0.022231894962399315
Ampicillin,...KNT..K.M..,12.2,3.3906892281459005,3.2793022781589234,3.388157499108004,466,465,454,false,false,false,0,false,false,3.3527163351376092,0.06359103894836625,3.3527163351376092,0.06359103894836625
Ampicillin,...KNT..K.M..,48.8,3.483124547761111,3.4708211192068408,3.4387164583435257,576,702,572,false,false,false,0,false,false,3.4642207084371592,0.022928010558625804,3.4642207084371592,0.022928010558625804
Ampicillin,...KNT..K.M..,195.0,3.708150501242278,3.7499042200231583,3.7198121518879934,957,1182,910,false,false,false,0,false,false,3.725955624384477,0.02154413954523338,3.725955624384477,0.02154413954523338
Ampicillin,...KNT..K.M..,781.0,4.303040285714578,4.135860517523772,4.2827092785816765,2428,1975,2350,false,false,false,0,false,false,4.240536693940009,0.09122041380415824,4.240536693940009,0.09122041380415824
Ampicillin,.............,0.0,3.3052578825988665,3.1487289277690564,3.409926151927119,361,346,377,false,false,false,0,false,false,3.2879709874316805,0.13145388938848573,3.2879709874316805,0.13145388938848573
Ampicillin,.............,3.1,3.3369946405444293,3.149033092211366,3.30266103726871,5898,376,6568,false,false,false,0,false,false,3.262896256674835,0.10009152933540329,3.262896256674835,0.10009152933540329
Ampicillin,.............,12.2,3.3323272469813814,3.23590289874844,3.540045048181756,356,410,444,false,false,false,0,false,false,3.3694250646371926,0.15542778973400234,3.3694250646371926,0.15542778973400234
Ampicillin,.............,48.8,3.6414172481020453,3.5008576452228097,3.7402259314727484,615,752,773,false,false,false,0,false,false,3.6275002749325345,0.12028946638092966,3.6275002749325345,0.12028946638092966
Ampicillin,.............,195.0,3.843543449723133,3.6676573969433073,3.9869150296788405,959,991,1165,false,false,false,0,false,false,3.8327052921150937,0.15990452857948295,3.8327052921150937,0.15990452857948295
Ampicillin,.............,781.0,4.360054696678568,4.226899521013217,4.5373714923551836,2142,2304,2891,false,false,false,0,false,false,4.374775236682322,0.15575856949376282,4.374775236682322,0.15575856949376282
Ampicillin,.K.KN...K.M.D,0.0,3.164358325467531,3.203178112403484,3.2299659611586087,186,217,253,false,false,false,0,false,false,3.199167466343208,0.03298718579401544,3.199167466343208,0.03298718579401544
Ampicillin,.K.KN...K.M.D,3.1,3.2854110750587573,3.2939585754134453,3.1633868540744357,246,354,292,false,false,false,0,false,false,3.247585501515546,0.07304330300419509,3.247585501515546,0.07304330300419509
Ampicillin,.K.KN...K.M.D,12.2,3.370988237924186,3.3021186707172863,3.3117841012561535,300,295,271,false,false,false,0,false,false,3.3282970032992085,0.03728620753347087,3.3282970032992085,0.03728620753347087
Ampicillin,.K.KN...K.M.D,48.8,3.5526491148804475,3.558837273568986,3.3570730863596348,391,525,317,false,false,false,0,false,false,3.4895198249363566,0.1147439638791358,3.4895198249363566,0.1147439638791358
Ampicillin,.K.KN...K.M.D,195.0,3.895727592088043,3.793952970693581,3.823510213109619,890,764,845,false,false,false,0,false,false,3.837730258630414,0.05235623803288998,3.837730258630414,0.05235623803288998
Ampicillin,.K.KN...K.M.D,781.0,4.297244174676479,4.34379338549747,4.267891944222556,1466,1771,1661,false,false,false,0,false,false,4.302976501465501,0.038274036561544315,4.302976501465501,0.038274036561544315
Ampicillin,....N..S...T.,0.0,3.470317948412281,3.3501646263230485,3.6121463813548633,18,22,19,false,false,false,0,false,false,3.4775429853633977,0.13114023357305804,3.4775429853633977,0.13114023357305804
Ampicillin,....N..S...T.,3.1,3.238971261759007,3.283771663175953,3.0710531705778936,7,20,5,true,false,true,2,false,true,3.197932031837618,0.11214032757087503,3.283771663175953,NaN
Ampicillin,....N..S...T.,12.2,3.608670526564782,3.2764578396242277,3.2815285751712358,20,20,8,false,false,true,1,false,false,3.3888856471200817,0.19035617408988337,3.442564183094505,0.2349098437318696
Ampicillin,....N..S...T.,48.8,3.826256195953177,2.9560721509397525,3.8180899319175134,34,6,31,false,true,false,1,false,false,3.5334727596034816,0.5000602654990778,3.8221730639353453,0.005774420676577605
Ampicillin,....N..S...T.,195.0,4.011558836673544,3.97956915120059,3.975903579921386,43,65,57,false,false,false,0,false,false,3.9890105225985066,0.019613234152495555,3.9890105225985066,0.019613234152495555
Ampicillin,....N..S...T.,781.0,4.741949237910266,4.758946510556411,4.53540178844642,152,299,97,false,false,false,0,false,false,4.678765845637699,0.12444744469096193,4.678765845637699,0.12444744469096193
Ampicillin,P..KN...K....,0.0,3.090191381014117,3.0143876879984908,2.910561860263699,125,121,123,false,false,false,0,false,false,3.0050469764254353,0.09017831142117533,3.0050469764254353,0.09017831142117533
Ampicillin,P..KN...K....,3.1,3.233811167419196,3.372180231219223,2.941131729188624,174,258,178,false,false,false,0,false,false,3.182374375942348,0.22007955473823643,3.182374375942348,0.22007955473823643
Ampicillin,P..KN...K....,12.2,3.197513997545106,3.3154902702809554,3.087952328196426,132,232,169,false,false,false,0,false,false,3.2003188653408294,0.11379489986167779,3.2003188653408294,0.11379489986167779
Ampicillin,P..KN...K....,48.8,3.472924991891797,3.464307032203251,3.2829011475977867,225,296,275,false,false,false,0,false,false,3.406711057230945,0.10730907510470142,3.406711057230945,0.10730907510470142
Ampicillin,P..KN...K....,195.0,3.7223080849490793,3.699489336935709,3.6014032309720876,431,478,491,false,false,false,0,false,false,3.6744002176189583,0.0642385698771931,3.6744002176189583,0.0642385698771931
Ampicillin,P..KN...K....,781.0,4.238341590373297,4.161930803401244,4.159615068818975,925,891,1204,false,false,false,0,false,false,4.186629154197838,0.044799248856030136,4.186629154197838,0.044799248856030136
Ampicillin,...KS........,0.0,3.202213246227416,3.0953333103399823,3.173986425523307,256,194,244,false,false,false,0,false,false,3.157177660696902,0.05538710233499803,3.157177660696902,0.05538710233499803
Ampicillin,...KS........,3.1,3.0494701881936015,3.201053704691555,3.196267468722271,296,284,261,false,false,false,0,false,false,3.1489304538691427,0.08616835468938296,3.1489304538691427,0.08616835468938296
Ampicillin,...KS........,12.2,3.0443395854379482,3.1991637616968007,3.1782395316959,204,248,251,false,false,false,0,false,false,3.1405809596102165,0.08400153229083099,3.1405809596102165,0.08400153229083099
Ampicillin,...KS........,48.8,3.387216143108418,3.428671153998405,3.4209657194465457,322,410,449,false,false,false,0,false,false,3.412284338851123,0.022048906067063175,3.412284338851123,0.022048906067063175
Ampicillin,...KS........,195.0,3.610800727994096,3.5809548989042375,3.603566855765293,572,494,597,false,false,false,0,false,false,3.598440827554542,0.015569216500142874,3.598440827554542,0.015569216500142874
Ampicillin,...KS........,781.0,4.058157158797734,4.020079140952739,4.13328140193976,1049,934,1424,false,false,false,0,false,false,4.07050590056341,0.057602574079114933,4.07050590056341,0.057602574079114933
Ampicillin,PK.KN...K.M..,0.0,3.1292798527782915,3.206648063411573,3.1704608498383404,214,250,211,false,false,false,0,false,false,3.1687962553427353,0.0387109565920948,3.1687962553427353,0.0387109565920948
Ampicillin,PK.KN...K.M..,3.1,3.2464349662368317,3.1877567624045455,3.240515098003165,338,274,221,false,false,false,0,false,false,3.2249022755481804,0.03230484592137804,3.2249022755481804,0.03230484592137804
Ampicillin,PK.KN...K.M..,12.2,3.1199178548227406,3.3072678251922434,3.31080542357986,211,303,279,false,false,false,0,false,false,3.2459970345316145,0.10920209850380588,3.2459970345316145,0.10920209850380588
Ampicillin,PK.KN...K.M..,48.8,3.441470967693351,3.290347634926326,3.4486844818499263,358,314,405,false,false,false,0,false,false,3.393501028156534,0.08940623914359276,3.393501028156534,0.08940623914359276
Ampicillin,PK.KN...K.M..,195.0,3.5940297594676625,3.6830813577606785,3.7672194742231744,521,600,717,false,false,false,0,false,false,3.6814435304838384,0.08660647310054526,3.6814435304838384,0.08660647310054526
Ampicillin,PK.KN...K.M..,781.0,4.0523572348051475,4.1853723735200274,4.215030228400031,986,1366,1435,false,false,false,0,false,false,4.150919945575069,0.08663632641540833,4.150919945575069,0.08663632641540833
Ampicillin,.KLKN...K....,0.0,3.0645754946557133,3.295687445161428,3.170912255164979,252,216,266,false,false,false,0,false,false,3.1770583983273735,0.11567849723897906,3.1770583983273735,0.11567849723897906
Ampicillin,.KLKN...K....,3.1,3.138082062503725,3.34699494346355,3.268013920757573,302,303,306,false,false,false,0,false,false,3.2510303089082826,0.10548687245965256,3.2510303089082826,0.10548687245965256
Ampicillin,.KLKN...K....,12.2,3.295015347914889,3.499210738063181,3.4232207636428424,402,370,428,false,false,false,0,false,false,3.405815616540304,0.10320437829229447,3.405815616540304,0.10320437829229447
Ampicillin,.KLKN...K....,48.8,3.4833340171145832,3.6508033670457514,3.5712187202591017,571,546,631,false,false,false,0,false,false,3.5684520348064788,0.08376894832148322,3.5684520348064788,0.08376894832148322
Ampicillin,.KLKN...K....,195.0,3.6620156099932184,3.941253881026177,3.700861352537804,921,921,783,false,false,false,0,false,false,3.7680436145190668,0.15125671967241075,3.7680436145190668,0.15125671967241075
Ampicillin,.KLKN...K....,781.0,4.115413927800628,4.322637898404228,4.290209945377718,1581,1564,2049,false,false,false,0,false,false,4.242753923860858,0.1114652366517784,4.242753923860858,0.1114652366517784
Ampicillin,..L......S...,0.0,3.265452622307696,3.217914722483029,3.2317714643003836,329,296,398,false,false,false,0,false,false,3.2383796030303693,0.02444818199869003,3.2383796030303693,0.02444818199869003
Ampicillin,..L......S...,3.1,3.3695121055549038,3.2518045535279723,3.096424966742092,386,396,263,false,false,false,0,false,false,3.2392472086083224,0.13697595237783627,3.2392472086083224,0.13697595237783627
Ampicillin,..L......S...,12.2,3.375312748964134,3.5308364279225115,3.364092056016998,373,552,458,false,false,false,0,false,false,3.4234137443012145,0.09319978918889481,3.4234137443012145,0.09319978918889481
Ampicillin,..L......S...,48.8,3.5414634968097345,3.5697814198182303,3.476663097452094,490,616,634,false,false,false,0,false,false,3.5293026713600195,0.04773541396892621,3.5293026713600195,0.04773541396892621
Ampicillin,..L......S...,195.0,3.8203704322878926,3.68344294833929,3.661026322082536,950,684,887,false,false,false,0,false,false,3.721613234236573,0.08625754696485664,3.721613234236573,0.08625754696485664
Ampicillin,..L......S...,781.0,2.4931208538424516,3.069340495179617,2.40600911811342,105,205,82,false,false,false,0,false,false,2.6561568223784966,0.36046868688902617,2.6561568223784966,0.36046868688902617
Ampicillin,.K..H........,0.0,3.0712960397428133,3.103763293876331,3.190195497617534,228,200,263,false,false,false,0,false,false,3.121751610412226,0.0614569354879682,3.121751610412226,0.0614569354879682
Ampicillin,.K..H........,3.1,3.270621749530271,3.2537375015421057,3.287487457424255,1051,334,607,false,false,false,0,false,false,3.270615569498877,0.016874978789804332,3.270615569498877,0.016874978789804332
Ampicillin,.K..H........,12.2,3.293882541995727,3.138230714454215,3.3467254444576997,317,219,335,false,false,false,0,false,false,3.2596129003025474,0.1083896644802478,3.2596129003025474,0.1083896644802478
Ampicillin,.K..H........,48.8,3.479195394725588,3.4557959835190672,3.4950400481382555,458,452,502,false,false,false,0,false,false,3.476677142127637,0.019742855646260292,3.476677142127637,0.019742855646260292
Ampicillin,.K..H........,195.0,3.7202880537913474,3.6071736805818477,3.6586006877263952,736,559,690,false,false,false,0,false,false,3.6620208073665297,0.05663469140384825,3.6620208073665297,0.05663469140384825
Ampicillin,.K..H........,781.0,4.2381013235794365,4.256836460581679,4.245441046010246,1656,1549,1720,false,false,false,0,false,false,4.246792943390454,0.009440448057066047,4.246792943390454,0.009440448057066047
Ampicillin,..L.....K....,0.0,3.109634589116632,3.3123485136979847,3.1301165200279195,216,272,266,false,false,false,0,false,false,3.184033207614179,0.11159520914895622,3.184033207614179,0.11159520914895622
Ampicillin,..L.....K....,3.1,3.223058114099666,3.2676864354272555,3.2594947039040854,266,319,349,false,false,false,0,false,false,3.250079751143669,0.023757162451359688,3.250079751143669,0.023757162451359688
Ampicillin,..L.....K....,12.2,3.3536485220521173,3.5666243773876674,3.2956296634753204,359,507,367,false,false,false,0,false,false,3.4053008543050347,0.14269024603133545,3.4053008543050347,0.14269024603133545
Ampicillin,..L.....K....,48.8,3.49874239536968,3.5388986520467225,3.4422020538808185,477,481,520,false,false,false,0,false,false,3.49328103376574,0.04857908888751743,3.49328103376574,0.04857908888751743
Ampicillin,..L.....K....,195.0,3.7304608378839625,3.867477928079713,3.7114765665986984,719,878,855,false,false,false,0,false,false,3.7698051108541244,0.0851180654012151,3.7698051108541244,0.0851180654012151
Ampicillin,..L.....K....,781.0,4.209999843788039,4.403036638108834,4.171893018783161,1521,1996,1704,false,false,false,0,false,false,4.261643166893345,0.12392383872670436,4.261643166893345,0.12392383872670436
Ampicillin,P..KN...K.M..,0.0,3.259139086491712,3.150564191260816,2.959482434870235,211,211,113,false,false,false,0,false,false,3.1230619042075873,0.151709620855493,3.1230619042075873,0.151709620855493
Ampicillin,P..KN...K.M..,3.1,3.2267350014791902,3.188428757461609,3.2327761084249045,173,262,200,false,false,false,0,false,false,3.2159799557885678,0.02405047068605843,3.2159799557885678,0.02405047068605843
Ampicillin,P..KN...K.M..,12.2,3.4132036003322836,3.1853278179578903,3.4407791425222434,271,247,328,false,false,false,0,false,false,3.346436853604139,0.14020411426529453,3.346436853604139,0.14020411426529453
Ampicillin,P..KN...K.M..,48.8,3.508137898510714,3.365472250346021,3.454037266114046,332,378,365,false,false,false,0,false,false,3.4425491383235935,0.07202329207735732,3.4425491383235935,0.07202329207735732
Ampicillin,P..KN...K.M..,195.0,3.8737408645206375,3.7327891942530664,3.7170438158676364,751,735,597,false,false,false,0,false,false,3.774524624880447,0.0862836942381346,3.774524624880447,0.0862836942381346
Ampicillin,P..KN...K.M..,781.0,4.390137304808511,4.157853734468125,4.275673807899156,1458,1278,1436,false,false,false,0,false,false,4.274554949058597,0.11614582707247005,4.274554949058597,0.11614582707247005
Ampicillin,...K.T.S.....,0.0,3.227811569866918,3.0949278586699633,3.0915459289077702,162,151,177,false,false,false,0,false,false,3.138095119148217,0.0777151240711865,3.138095119148217,0.0777151240711865
Ampicillin,...K.T.S.....,3.1,3.211032410775177,3.32098932606538,3.139027838995357,137,294,156,false,false,false,0,false,false,3.223683191945305,0.09163802372565857,3.223683191945305,0.09163802372565857
Ampicillin,...K.T.S.....,12.2,3.4572752947303473,3.3451947504712667,3.2287692979286513,205,270,196,false,false,false,0,false,false,3.343746447710089,0.11425988285155121,3.343746447710089,0.11425988285155121
Ampicillin,...K.T.S.....,48.8,3.4708876580033747,3.4606041168904067,3.4716831898798928,232,337,384,false,false,false,0,false,false,3.4677249882578915,0.006179670259474745,3.4677249882578915,0.006179670259474745
Ampicillin,...K.T.S.....,195.0,3.731454023907283,3.717251039997004,3.5953006605801265,448,577,452,false,false,false,0,false,false,3.681335241494805,0.07484579495778049,3.681335241494805,0.07484579495778049
Ampicillin,...K.T.S.....,781.0,4.1215886997065905,4.0888542078096455,4.008952167266829,716,921,803,false,false,false,0,false,false,4.073131691594354,0.05794087716904565,4.073131691594354,0.05794087716904565
Ampicillin,P............,0.0,3.0737738076333545,3.2809180510843223,3.130814158256478,297,337,326,false,false,false,0,false,false,3.1618353389913856,0.10699962448232832,3.1618353389913856,0.10699962448232832
Ampicillin,P............,3.1,3.0840071516358907,3.298228379486593,3.1054402860270933,41588,433,40001,false,false,false,0,false,false,3.162558605716526,0.11798118684169016,3.162558605716526,0.11798118684169016
Ampicillin,P............,12.2,3.1777197782542657,3.3948404335400344,3.1494859081095856,350,430,314,false,false,false,0,false,false,3.2406820399679623,0.13424937835006226,3.2406820399679623,0.13424937835006226
Ampicillin,P............,48.8,3.3691308493043746,3.5986009781459485,3.266595812750155,492,627,454,false,false,false,0,false,false,3.411442546733493,0.16999872725074147,3.411442546733493,0.16999872725074147
Ampicillin,P............,195.0,3.5351947532895296,3.7576186188852847,3.6018212625504233,759,875,884,false,false,false,0,false,false,3.631544878241746,0.11415215282229114,3.631544878241746,0.11415215282229114
Ampicillin,P............,781.0,4.038772533168602,4.383852509469631,4.188497735414774,1574,2542,2241,false,false,false,0,false,false,4.203707592684336,0.1730420536447714,4.203707592684336,0.1730420536447714
Ampicillin,.....T.......,0.0,3.1373411456694322,2.88996397273899,3.142964235122998,371,270,350,false,false,false,0,false,false,3.05675645117714,0.14447388321563956,3.05675645117714,0.14447388321563956
Ampicillin,.....T.......,3.1,3.1676022210468493,3.069037845231507,3.2272806923089905,9336,486,7540,false,false,false,0,false,false,3.1546402528624493,0.07991376056229009,3.1546402528624493,0.07991376056229009
Ampicillin,.....T.......,12.2,3.2825783400594073,3.179231012831064,3.364186389683783,426,537,541,false,false,false,0,false,false,3.2753319141914177,0.09269037637520976,3.2753319141914177,0.09269037637520976
Ampicillin,.....T.......,48.8,3.467131330002422,3.3351953651865403,3.4896891385718116,572,745,763,false,false,false,0,false,false,3.4306719445869245,0.08345086334102082,3.4306719445869245,0.08345086334102082
Ampicillin,.....T.......,195.0,3.827275591181674,3.5544955381034775,3.679705553924739,1325,1024,1039,false,false,false,0,false,false,3.687158894403297,0.13654268033312114,3.687158894403297,0.13654268033312114
Ampicillin,.....T.......,781.0,4.31488419028109,4.1497106810490525,4.203241064470914,2664,2840,2365,false,false,false,0,false,false,4.222611978600352,0.08427334260407626,4.222611978600352,0.08427334260407626
Ampicillin,...K.........,0.0,3.0944541608163054,3.1765250051455634,3.244820786520775,224,183,269,false,false,false,0,false,false,3.1719333174942146,0.07528840035525176,3.1719333174942146,0.07528840035525176
Ampicillin,...K.........,3.1,3.1991649353571088,3.4159395412460483,3.2970984218998547,360,399,794,false,false,false,0,false,false,3.3040676328343372,0.10855521574463035,3.3040676328343372,0.10855521574463035
Ampicillin,...K.........,12.2,3.2856926164775655,3.5715428780274574,3.4006647688388663,279,468,352,false,false,false,0,false,false,3.4193000877812962,0.1438334082927189,3.4193000877812962,0.1438334082927189
Ampicillin,...K.........,48.8,3.4351883483951946,3.6112427030993643,3.6137992494183155,392,529,617,false,false,false,0,false,false,3.553410100304292,0.10239101987289842,3.553410100304292,0.10239101987289842
Ampicillin,...K.........,195.0,3.772539642787328,3.802574079529448,3.8253818034296416,853,719,854,false,false,false,0,false,false,3.8001651752488055,0.026503313004452748,3.8001651752488055,0.026503313004452748
Ampicillin,...K.........,781.0,4.346790352411601,4.459092778576905,4.377841151616742,2013,2163,2077,false,false,false,0,false,false,4.394574760868416,0.05799111129814804,4.394574760868416,0.05799111129814804
Ampicillin,.K.KS...K....,0.0,3.135466340905226,3.0887559532989672,3.208065542738788,292,230,281,false,false,false,0,false,false,3.1440959456476603,0.06012110354594831,3.1440959456476603,0.06012110354594831
Ampicillin,.K.KS...K....,3.1,3.248749145280351,3.3385955707932617,3.226038301240887,424,518,338,false,false,false,0,false,false,3.271127672438167,0.05952212689904748,3.271127672438167,0.05952212689904748
Ampicillin,.K.KS...K....,12.2,3.3367089566195167,3.4003845972370965,3.501262829527242,421,499,467,false,false,false,0,false,false,3.412785461127952,0.08297487777130255,3.412785461127952,0.08297487777130255
Ampicillin,.K.KS...K....,48.8,3.550184990639174,3.552129643127546,3.63579905041001,616,714,747,false,false,false,0,false,false,3.5793712280589105,0.0488775998775574,3.5793712280589105,0.0488775998775574
Ampicillin,.K.KS...K....,195.0,3.8070214035634904,3.79770036961354,3.8576609801411483,1124,1111,1032,false,false,false,0,false,false,3.8207942511060597,0.0322658829227409,3.8207942511060597,0.0322658829227409
Ampicillin,.K.KS...K....,781.0,4.324499147008097,4.267155361821504,4.44579394328499,2369,2236,2844,false,false,false,0,false,false,4.345816150704864,0.09120716354419525,4.345816150704864,0.09120716354419525
Ampicillin,.....T.SK....,0.0,3.1280968642693234,3.1943334262507506,2.9536277204865367,300,429,453,false,false,false,0,false,false,3.092019337002204,0.12434227027501313,3.092019337002204,0.12434227027501313
Ampicillin,.....T.SK....,3.1,3.358177830301886,3.248861414095224,3.006163997417475,518,563,516,false,false,false,0,false,false,3.2044010806048617,0.1801692969849445,3.2044010806048617,0.1801692969849445
Ampicillin,.....T.SK....,12.2,3.420354730869125,3.4129471973593466,3.151245117767688,555,676,592,false,false,false,0,false,false,3.3281823486653863,0.1532768920825437,3.3281823486653863,0.1532768920825437
Ampicillin,.....T.SK....,48.8,3.603811022288177,3.6001712514121524,3.356998670296457,745,1080,1042,false,false,false,0,false,false,3.5203269813322624,0.14145817357920337,3.5203269813322624,0.14145817357920337
Ampicillin,.....T.SK....,195.0,3.9063973739459583,3.7595898580843174,3.562698412031219,1514,1379,1454,false,false,false,0,false,false,3.742895214687165,0.17245659582612638,3.742895214687165,0.17245659582612638
Ampicillin,.....T.SK....,781.0,4.405591833915741,4.251062390611283,4.068896835327646,3031,2884,3394,false,false,false,0,false,false,4.24185035328489,0.16853642556532558,4.24185035328489,0.16853642556532558
Ampicillin,.K.K.T.S.....,0.0,2.85080216512633,2.9944054132522124,3.06597691909909,122,183,230,false,false,false,0,false,false,2.9703948324925435,0.10957839512477771,2.9703948324925435,0.10957839512477771
Ampicillin,.K.K.T.S.....,3.1,3.1864687989923794,3.1160055023666304,3.1430191199733457,274,294,223,false,false,false,0,false,false,3.1484978071107848,0.03554969834477547,3.1484978071107848,0.03554969834477547
Ampicillin,.K.K.T.S.....,12.2,3.3520558602180057,3.2384092031565275,3.256457444730063,331,335,307,false,false,false,0,false,false,3.282307502701532,0.061074215411731164,3.282307502701532,0.061074215411731164
Ampicillin,.K.K.T.S.....,48.8,3.439451374533099,3.3691874250493004,3.5065941643451115,373,467,553,false,false,false,0,false,false,3.438410987975837,0.0687092774239269,3.438410987975837,0.0687092774239269
Ampicillin,.K.K.T.S.....,195.0,3.743768086606587,3.81654585535902,3.688149342258162,752,1069,745,false,false,false,0,false,false,3.749487761407923,0.06438906859079026,3.749487761407923,0.06438906859079026
Ampicillin,.K.K.T.S.....,781.0,4.286766327243249,4.136375233125145,4.265695916428195,1672,1581,1985,false,false,false,0,false,false,4.229612492265529,0.08143021811334644,4.229612492265529,0.08143021811334644
Ampicillin,....N........,0.0,3.194277940830584,3.470833658395993,3.166297848331073,286,229,299,false,false,false,0,false,false,3.2771364825192166,0.168329047852857,3.2771364825192166,0.168329047852857
Ampicillin,....N........,3.1,3.2035349293595803,3.6399562479529726,3.1293205959292987,250,392,270,false,false,false,0,false,false,3.324270591080617,0.27589856340297086,3.324270591080617,0.27589856340297086
Ampicillin,....N........,12.2,3.3938360682159145,3.5438454167521316,3.2625765048037354,385,283,335,false,false,false,0,false,false,3.400085996590594,0.14073857470741677,3.400085996590594,0.14073857470741677
Ampicillin,....N........,48.8,3.5163319204357757,3.8154609212256614,3.4021864894287317,476,527,506,false,false,false,0,false,false,3.5779931103633893,0.21342566797771942,3.5779931103633893,0.21342566797771942
Ampicillin,....N........,195.0,3.7328815632806154,3.885784241940575,3.71743598853704,820,584,891,false,false,false,0,false,false,3.77870059791941,0.09305816222894424,3.77870059791941,0.09305816222894424
Ampicillin,....N........,781.0,4.384324239258134,4.563768806751842,4.234131783368113,2233,1727,1990,false,false,false,0,false,false,4.3940749431260295,0.16503469018894412,4.3940749431260295,0.16503469018894412
Ampicillin,..L.ST.......,0.0,3.09697227658335,3.2026334023264917,3.1833617127801364,278,313,325,false,false,false,0,false,false,3.160989130563326,0.05627137549067866,3.160989130563326,0.05627137549067866
Ampicillin,..L.ST.......,3.1,3.1572924542648853,3.2431138582736514,3.3089058687936794,505,400,431,false,false,false,0,false,false,3.2364373937774054,0.07602689162327511,3.2364373937774054,0.07602689162327511
Ampicillin,..L.ST.......,12.2,3.37430111149027,3.349296460268708,3.3728036511227995,484,477,475,false,false,false,0,false,false,3.365467074293926,0.01402416362399077,3.365467074293926,0.01402416362399077
Ampicillin,..L.ST.......,48.8,3.4619529655942847,3.617191534925048,3.521231314525311,552,864,746,false,false,false,0,false,false,3.533458605014881,0.07833826221268118,3.533458605014881,0.07833826221268118
Ampicillin,..L.ST.......,195.0,3.6903208620770473,3.7538322736049725,3.8590010360655898,917,1079,1311,false,false,false,0,false,false,3.7677180572492035,0.08519308372609846,3.7677180572492035,0.08519308372609846
Ampicillin,..L.ST.......,781.0,4.249872922141774,4.262751219919054,4.274871610348014,2085,2240,2450,false,false,false,0,false,false,4.2624985841362815,0.012501258802106658,4.2624985841362815,0.012501258802106658
Ampicillin,.K..S..SK....,0.0,3.163174577003519,3.8680944994369897,3.1068234068060816,286,294,316,false,false,false,0,false,false,3.379364161082197,0.4241896643212184,3.379364161082197,0.4241896643212184
Ampicillin,.K..S..SK....,3.1,3.4007876069982896,3.8816537883803135,3.1619537462938614,550,374,294,false,false,false,0,false,false,3.481465047224155,0.3665701497201576,3.481465047224155,0.3665701497201576
Ampicillin,.K..S..SK....,12.2,3.302501927325618,3.941758384223516,3.2666696395176666,400,366,422,false,false,false,0,false,false,3.5036433170222665,0.3798415423488515,3.5036433170222665,0.3798415423488515
Ampicillin,.K..S..SK....,48.8,3.525208186535285,4.274110424018153,3.4154274701720806,568,716,591,false,false,false,0,false,false,3.738248693575173,0.46730482239787935,3.738248693575173,0.46730482239787935
Ampicillin,.K..S..SK....,195.0,3.7960083178376918,4.47071928570015,3.8184323713771158,1078,1002,1313,false,false,false,0,false,false,4.028386658304986,0.3832353382557726,4.028386658304986,0.3832353382557726
Ampicillin,.K..S..SK....,781.0,4.255034032318266,5.0524342119322645,4.261909003094401,1991,2590,2629,false,false,false,0,false,false,4.5231257491149774,0.4584074638498951,4.5231257491149774,0.4584074638498951
Ampicillin,.K.KS.T.K....,0.0,3.0308143390216813,2.995063018813844,3.0820417639550395,197,267,268,false,false,false,0,false,false,3.0359730405968546,0.04371824193675381,3.0359730405968546,0.04371824193675381
Ampicillin,.K.KS.T.K....,3.1,3.3240034946883004,3.25457158157235,3.190098482028798,321,493,350,false,false,false,0,false,false,3.256224519429816,0.06696780761310504,3.256224519429816,0.06696780761310504
Ampicillin,.K.KS.T.K....,12.2,3.4247982620866817,3.171902980411103,3.2857060762943964,414,405,395,false,false,false,0,false,false,3.294135772930727,0.1266582042841204,3.294135772930727,0.1266582042841204
Ampicillin,.K.KS.T.K....,48.8,3.5903418828456646,3.3733354258183805,3.5720018553661363,552,588,841,false,false,false,0,false,false,3.5118930546767273,0.12034430413660199,3.5118930546767273,0.12034430413660199
Ampicillin,.K.KS.T.K....,195.0,3.829552272817998,3.6292672944855733,3.664424443242169,902,981,874,false,false,false,0,false,false,3.707748003515247,0.10694024636429549,3.707748003515247,0.10694024636429549
Ampicillin,.K.KS.T.K....,781.0,3.0480880497573497,3.17307807593459,3.0996917686845995,193,364,229,false,false,false,0,false,false,3.1069526314588463,0.06281056246457788,3.1069526314588463,0.06281056246457788
Ampicillin,XXXXXXXXXXXXX,0.0,3.14278157476586,3.1845765213935384,3.144735603644256,1459969,1431800,1454276,false,false,false,0,false,false,3.1573645666012182,0.023586488079594636,3.1573645666012182,0.023586488079594636
Ampicillin,XXXXXXXXXXXXX,3.1,2.2837564385784552,2.1245835769565122,2.4401957905343714,257938,180266,307294,false,false,false,0,false,false,2.2828452686897798,0.15780807968162963,2.2828452686897798,0.15780807968162963
Ampicillin,XXXXXXXXXXXXX,12.2,1.7041912991708352,1.7557848083403693,1.7676159494723642,91770,88042,87658,false,false,false,0,false,false,1.7425306856611895,0.033725737834239745,1.7425306856611895,0.033725737834239745
Ampicillin,XXXXXXXXXXXXX,48.8,0.8646449744632313,0.839890824797762,0.845641395019616,10524,12176,10697,false,false,false,0,false,false,0.850059064760203,0.012954876914420592,0.850059064760203,0.012954876914420592
Ampicillin,XXXXXXXXXXXXX,195.0,0.6630654806942528,0.6901288394147952,0.662550640744653,9485,7775,7579,false,false,false,0,false,false,0.6719149869512336,0.015775759291289798,0.6719149869512336,0.015775759291289798
Ampicillin,XXXXXXXXXXXXX,781.0,0.7523160140742684,0.73334979423861,0.7285199037440026,14106,11428,9475,false,false,false,0,false,false,0.7380619040189603,0.01257842202540132,0.7380619040189603,0.01257842202540132
Ampicillin,.K......K....,0.0,3.2138551462545735,3.053265908389445,3.0493014899409774,214,216,231,false,false,false,0,false,false,3.1054741815283315,0.09388159718311005,3.1054741815283315,0.09388159718311005
Ampicillin,.K......K....,3.1,3.199256802061461,3.1899485505773573,3.187711459496617,17714,311,35583,false,false,false,0,false,false,3.192305604045145,0.006122949413673709,3.192305604045145,0.006122949413673709
Ampicillin,.K......K....,12.2,3.4272336616761163,3.2447825616010664,3.275119600825855,332,331,319,false,false,false,0,false,false,3.315711941367679,0.09776453632399913,3.315711941367679,0.09776453632399913
Ampicillin,.K......K....,48.8,3.658202116563392,3.319278899726268,3.385946372384088,537,412,490,false,false,false,0,false,false,3.454475796224583,0.17955346885186782,3.454475796224583,0.17955346885186782
Ampicillin,.K......K....,195.0,3.867955346762466,3.6529953356537286,3.725111582899557,830,728,887,false,false,false,0,false,false,3.7486874217719173,0.10940208740178935,3.7486874217719173,0.10940208740178935
Ampicillin,.K......K....,781.0,4.360647907981702,4.201437519956961,4.195849868716856,1636,1745,1827,false,false,false,0,false,false,4.252645098885173,0.09357489268575878,4.252645098885173,0.09357489268575878
Ampicillin,...K.T..K.M.D,0.0,3.1823765948718306,3.4014932659297203,3.2266505598996216,231,207,233,false,false,false,0,false,false,3.2701734735670573,0.11586074354348923,3.2701734735670573,0.11586074354348923
Ampicillin,...K.T..K.M.D,3.1,3.265184412260813,3.592729917740288,3.2108664358829215,329,341,222,false,false,false,0,false,false,3.3562602552946745,0.20658179150715147,3.3562602552946745,0.20658179150715147
Ampicillin,...K.T..K.M.D,12.2,3.323027524966672,3.6368371266972948,3.4536392901636495,309,372,371,false,false,false,0,false,false,3.4711679806092057,0.15763742504917763,3.4711679806092057,0.15763742504917763
Ampicillin,...K.T..K.M.D,48.8,3.4973337097902273,3.725845678062559,3.6389130235714675,421,442,568,false,false,false,0,false,false,3.620697470474751,0.115339866012963,3.620697470474751,0.115339866012963
Ampicillin,...K.T..K.M.D,195.0,3.7821981792903245,4.042332503078047,3.810704631014609,822,759,733,false,false,false,0,false,false,3.87841177112766,0.14267326035329866,3.87841177112766,0.14267326035329866
Ampicillin,...K.T..K.M.D,781.0,4.342974511436405,4.636135515481463,4.393339296978553,1941,2089,2036,false,false,false,0,false,false,4.457483107965474,0.15675351651277558,4.457483107965474,0.15675351651277558
Ampicillin,...KN...K....,0.0,3.1180859754825616,3.188418366746779,3.0760074358707823,213,240,230,false,false,false,0,false,false,3.127503926033374,0.056794169502997406,3.127503926033374,0.056794169502997406
Ampicillin,...KN...K....,3.1,3.2303558652507958,3.3076897162456627,3.0391965851335465,255,401,214,false,false,false,0,false,false,3.1924140555433347,0.1382093558935316,3.1924140555433347,0.1382093558935316
Ampicillin,...KN...K....,12.2,3.384793574551941,3.2682822800233153,3.2417720909604686,370,341,314,false,false,false,0,false,false,3.298282648511908,0.07608418215545831,3.298282648511908,0.07608418215545831
Ampicillin,...KN...K....,48.8,3.4826948652351692,3.433882542931835,3.362608339835739,409,466,468,false,false,false,0,false,false,3.4263952493342473,0.06039236764434195,3.4263952493342473,0.06039236764434195
Ampicillin,...KN...K....,195.0,3.718954983845005,3.756391197117588,3.7012098832773646,696,879,793,false,false,false,0,false,false,3.7255186880799855,0.028170126184426873,3.7255186880799855,0.028170126184426873
Ampicillin,...KN...K....,781.0,4.280410524414512,4.065872083442623,4.182567337356611,1694,1215,1776,false,false,false,0,false,false,4.176283315071248,0.1074071802335594,4.176283315071248,0.1074071802335594
Ampicillin,.K.KS.T.KS...,0.0,3.234060048513855,3.1746476899282428,3.021320968534769,341,372,314,false,false,false,0,false,false,3.1433429023256223,0.10977008396061685,3.1433429023256223,0.10977008396061685
Ampicillin,.K.KS.T.KS...,3.1,3.3626350333202026,3.2142277445461196,3.0052478075540368,368,499,285,false,false,false,0,false,false,3.1940368618067865,0.17954709993356685,3.1940368618067865,0.17954709993356685
Ampicillin,.K.KS.T.KS...,12.2,3.4377024345365648,3.286949817090334,3.286240227403409,456,481,521,false,false,false,0,false,false,3.336964159676769,0.0872426265977632,3.336964159676769,0.0872426265977632
Ampicillin,.K.KS.T.KS...,48.8,3.5650199057803214,3.4703283264705234,3.39428771254577,542,765,756,false,false,false,0,false,false,3.476545314932205,0.08553571570297135,3.476545314932205,0.08553571570297135
Ampicillin,.K.KS.T.KS...,195.0,3.8010313348918383,3.6151394638003898,3.4937208320056468,911,918,812,false,false,false,0,false,false,3.6366305435659583,0.15477834531406037,3.6366305435659583,0.15477834531406037
Ampicillin,.K.KS.T.KS...,781.0,2.744281359079305,2.499194039141294,2.3395291189607663,165,135,157,false,false,false,0,false,false,2.5276681723937884,0.20387294123694882,2.5276681723937884,0.20387294123694882
Ampicillin,..L.S........,0.0,3.1252158455308456,3.0652783572199054,3.2062916381875795,262,303,414,false,false,false,0,false,false,3.1322619469794435,0.07077020567678885,3.1322619469794435,0.07077020567678885
Ampicillin,..L.S........,3.1,3.393589303156984,3.283920914295484,3.2834172917484152,485,618,464,false,false,false,0,false,false,3.320309169733628,0.06346295671355179,3.320309169733628,0.06346295671355179
Ampicillin,..L.S........,12.2,3.357398739656616,3.3009719364837884,3.531706870846295,469,541,791,false,false,false,0,false,false,3.3966925156622327,0.12028155764040577,3.3966925156622327,0.12028155764040577
Ampicillin,..L.S........,48.8,3.6242383318819074,3.5368193141018165,3.552214468922297,722,939,887,false,false,false,0,false,false,3.5710907049686735,0.04666642672058632,3.5710907049686735,0.04666642672058632
Ampicillin,..L.S........,195.0,3.894667534671814,3.749535529480729,3.8235488315496906,1294,1328,1478,false,false,false,0,false,false,3.822583965234078,0.07257081340285187,3.822583965234078,0.07257081340285187
Ampicillin,..L.S........,781.0,4.329871418890182,4.144867876350225,4.171790569442698,2489,2270,2382,false,false,false,0,false,false,4.215509954894369,0.09995056871417594,4.215509954894369,0.09995056871417594
Ampicillin,.........S...,0.0,2.9179109346634906,2.9769347463514713,2.8965637811936342,225,183,213,false,false,false,0,false,false,2.930469820736199,0.041631325040659105,2.930469820736199,0.041631325040659105
Ampicillin,.........S...,3.1,3.077753870772082,3.10845655007069,2.9802146031067585,302,357,226,false,false,false,0,false,false,3.0554750079831767,0.0669608843702808,3.0554750079831767,0.0669608843702808
Ampicillin,.........S...,12.2,3.1731589031759446,3.2543155855489525,3.2699336626684508,342,376,445,false,false,false,0,false,false,3.2324693837977825,0.05195460438616307,3.2324693837977825,0.05195460438616307
Ampicillin,.........S...,48.8,3.3367437391044157,3.3359277310864943,3.31030844730337,493,478,603,false,false,false,0,false,false,3.3276599724980933,0.015032399582524017,3.3276599724980933,0.015032399582524017
Ampicillin,.........S...,195.0,3.563026372106308,3.6098352605396626,3.5612935844688285,780,750,785,false,false,false,0,false,false,3.578051739038266,0.027538969071507425,3.578051739038266,0.027538969071507425
Ampicillin,.........S...,781.0,3.2502152899012327,3.4833792715625473,3.271966671185108,382,460,364,false,false,false,0,false,false,3.3351870775496297,0.12879819650022623,3.3351870775496297,0.12879819650022623
Ampicillin,....H...K....,0.0,3.041664056646591,3.024263899990421,3.281403233866447,332,271,324,false,false,false,0,false,false,3.115777063501153,0.14370007861974157,3.115777063501153,0.14370007861974157
Ampicillin,....H...K....,3.1,3.2206181131778213,3.1438435000095275,3.4729456880343665,476,438,602,false,false,false,0,false,false,3.279135767073905,0.17217810372927944,3.279135767073905,0.17217810372927944
Ampicillin,....H...K....,12.2,3.268240385046273,3.346883126681837,3.5888420922424675,524,577,564,false,false,false,0,false,false,3.4013218679901924,0.16708993410947032,3.4013218679901924,0.16708993410947032
Ampicillin,....H...K....,48.8,3.369756148272977,3.513679389499704,3.707962566453625,586,832,809,false,false,false,0,false,false,3.5304660347421017,0.16972695401295698,3.5304660347421017,0.16972695401295698
Ampicillin,....H...K....,195.0,3.706497655041554,3.753145722437137,3.961579431684812,1263,1235,1300,false,false,false,0,false,false,3.8070742697211677,0.13582302585715963,3.8070742697211677,0.13582302585715963
Ampicillin,....H...K....,781.0,4.22003540789012,4.251150808638794,4.427497216682416,2705,2754,2544,false,false,false,0,false,false,4.299561144403776,0.11188284490261019,4.299561144403776,0.11188284490261019
Ampicillin,....H.....M..,0.0,3.138389016366313,3.1551944349479717,3.392273300694956,161,171,159,false,false,false,0,false,false,3.2286189173364135,0.141977721554386,3.2286189173364135,0.141977721554386
Ampicillin,....H.....M..,3.1,3.342595045387101,3.1821636187005793,3.5797199059499794,273,234,198,false,false,false,0,false,false,3.3681595233458865,0.2000072680750897,3.3681595233458865,0.2000072680750897
Ampicillin,....H.....M..,12.2,3.4420083287379786,3.210557131687636,3.7385904552574236,307,221,288,false,false,false,0,false,false,3.4637186385610126,0.26468528645260603,3.4637186385610126,0.26468528645260603
Ampicillin,....H.....M..,48.8,3.586441648976453,3.5379085454860237,3.8491487978016297,366,467,411,false,false,false,0,false,false,3.657832997421368,0.16745198458053,3.657832997421368,0.16745198458053
Ampicillin,....H.....M..,195.0,3.758281884334658,3.709715363350986,4.008734916619896,566,588,511,false,false,false,0,false,false,3.8255773881018467,0.16046708986500757,3.8255773881018467,0.16046708986500757
Ampicillin,....H.....M..,781.0,4.339333571466264,4.259466308179801,4.662908399543981,1338,1437,1596,false,false,false,0,false,false,4.420569426396682,0.2136371418217877,4.420569426396682,0.2136371418217877
Ampicillin,....HT..K....,0.0,3.293710230992111,2.972831891933212,3.372826106392834,179,187,327,false,false,false,0,false,false,3.213122743106052,0.21182445633857244,3.213122743106052,0.21182445633857244
Ampicillin,....HT..K....,3.1,3.5197299757591436,3.1945566813382165,3.358361740968966,1164,331,439,false,false,false,0,false,false,3.3575494660221086,0.16258816898557443,3.3575494660221086,0.16258816898557443
Ampicillin,....HT..K....,12.2,3.710854914243678,3.249206971779043,3.420279424361345,373,301,335,false,false,false,0,false,false,3.460113770128022,0.2333876325396273,3.460113770128022,0.2333876325396273
Ampicillin,....HT..K....,48.8,3.856812521304299,3.478845141118395,3.712416051748465,509,537,679,false,false,false,0,false,false,3.682691238057053,0.1907288875154752,3.682691238057053,0.1907288875154752
Ampicillin,....HT..K....,195.0,4.025818907898836,3.777644907746126,3.9025353356094556,762,964,975,false,false,false,0,false,false,3.9019997170848058,0.12408786706746287,3.9019997170848058,0.12408786706746287
Ampicillin,....HT..K....,781.0,4.570701532874323,4.30132404369139,4.513567663945615,1827,2004,2689,false,false,false,0,false,false,4.461864413503776,0.14193652630423892,4.461864413503776,0.14193652630423892
Ampicillin,...KNT..K....,0.0,3.122258992137584,3.323624076635638,3.138405228611331,292,390,296,false,false,false,0,false,false,3.194762765794851,0.11188879886642356,3.194762765794851,0.11188879886642356
Ampicillin,...KNT..K....,3.1,3.2683001111657006,3.324774125304201,3.2968032118247974,610,429,413,false,false,false,0,false,false,3.2966258160982327,0.028237424991697364,3.2966258160982327,0.028237424991697364
Ampicillin,...KNT..K....,12.2,3.3805312342547365,3.472823554035389,3.412043953806691,496,522,450,false,false,false,0,false,false,3.421799580698939,0.0469131886005324,3.421799580698939,0.0469131886005324
Ampicillin,...KNT..K....,48.8,3.655900827981502,3.6335125004255477,3.529787851582102,800,773,648,false,false,false,0,false,false,3.6064003933297175,0.06728610902304236,3.6064003933297175,0.06728610902304236
Ampicillin,...KNT..K....,195.0,3.8771539163220172,3.8298814028168375,3.7709518569525144,1326,1101,988,false,false,false,0,false,false,3.8259957253637897,0.05320754852962774,3.8259957253637897,0.05320754852962774
Ampicillin,...KNT..K....,781.0,4.442522110897272,4.496198672058804,4.364024760207691,3057,3204,2736,false,false,false,0,false,false,4.434248514387922,0.06647424345493577,4.434248514387922,0.06647424345493577
Ampicillin,...KN...K.M..,0.0,3.3290864100059316,3.1259104432028133,3.0545979724454106,317,228,234,false,false,false,0,false,false,3.1698649418847182,0.14242532799466256,3.1698649418847182,0.14242532799466256
Ampicillin,...KN...K.M..,3.1,3.266186007911173,3.213170144182224,3.2769472256180974,338,328,381,false,false,false,0,false,false,3.252101125903831,0.03414186513636978,3.252101125903831,0.03414186513636978
Ampicillin,...KN...K.M..,12.2,3.390485308211411,3.276908346234394,3.236928439483861,309,317,341,false,false,false,0,false,false,3.3014406979765556,0.07966370060983446,3.3014406979765556,0.07966370060983446
Ampicillin,...KN...K.M..,48.8,3.533431040849346,3.523058919497208,3.3956053076013615,422,602,552,false,false,false,0,false,false,3.484031755982638,0.07675495296937422,3.484031755982638,0.07675495296937422
Ampicillin,...KN...K.M..,195.0,3.8503005322101584,3.772134234714318,3.6924337426279417,866,896,887,false,false,false,0,false,false,3.771622836517473,0.0789346372597973,3.771622836517473,0.0789346372597973
Ampicillin,...KN...K.M..,781.0,4.204607153035184,4.295231009032592,4.128484422194207,1381,1980,1727,false,false,false,0,false,false,4.209440861420661,0.08347831819178934,4.209440861420661,0.08347831819178934
Ampicillin,....H........,0.0,3.244579534032919,3.1571936277151664,3.245895438718055,168,235,202,false,false,false,0,false,false,3.2158895334887134,0.05083640346462301,3.2158895334887134,0.05083640346462301
Ampicillin,....H........,3.1,3.5447936061340415,3.055379036464985,3.241325947797558,306,233,238,false,false,false,0,false,false,3.280499530132195,0.24704773307153283,3.280499530132195,0.24704773307153283
Ampicillin,....H........,12.2,3.46904983576815,3.176317391204762,3.357509789458992,262,256,257,false,false,false,0,false,false,3.3342923388106342,0.14774084924614084,3.3342923388106342,0.14774084924614084
Ampicillin,....H........,48.8,3.6405537476989096,3.2090657889439913,3.5075494275069077,365,292,392,false,false,false,0,false,false,3.452389654716603,0.22096926265508074,3.452389654716603,0.22096926265508074
Ampicillin,....H........,195.0,3.8478932665942063,3.608696551686999,3.7734434383691853,542,614,630,false,false,false,0,false,false,3.7433444188834635,0.1224060061275645,3.7433444188834635,0.1224060061275645
Ampicillin,....H........,781.0,4.417622670621912,4.120800645503572,4.292632869857429,1322,1323,1397,false,false,false,0,false,false,4.277018728660971,0.14902576858656125,4.277018728660971,0.14902576858656125
Ampicillin,.......S.....,0.0,3.2636929120392497,3.1001031940255244,3.309203480573441,82,82,86,false,false,false,0,false,false,3.2243331955460715,0.10996646270760344,3.2243331955460715,0.10996646270760344
Ampicillin,.......S.....,3.1,3.392290795525687,3.2639239841285095,3.4980069028719085,96,115,155,false,false,false,0,false,false,3.384740560842035,0.11722396403760989,3.384740560842035,0.11722396403760989
Ampicillin,.......S.....,12.2,3.443098768852244,3.136152915760965,3.6550223030350377,119,81,168,false,false,false,0,false,false,3.411424662549416,0.2608808099882111,3.411424662549416,0.2608808099882111
Ampicillin,.......S.....,48.8,3.411765778349521,3.4753247821420388,3.488835055729624,83,193,143,false,false,false,0,false,false,3.4586418720737275,0.04115407628939462,3.4586418720737275,0.04115407628939462
Ampicillin,.......S.....,195.0,3.7896130784127244,3.4783290768304944,3.8806422496280013,226,164,292,false,false,false,0,false,false,3.71619480162374,0.21096600384089637,3.71619480162374,0.21096600384089637
Ampicillin,.......S.....,781.0,4.285949927865168,4.225417493401232,4.100231443783668,497,583,324,false,false,false,0,false,false,4.203866288350023,0.09471631148726191,4.203866288350023,0.09471631148726191
Ampicillin,........K....,0.0,3.1384972937570903,3.0530898679161718,3.080962717307246,201,203,187,false,false,false,0,false,false,3.090849959660169,0.04355370556223753,3.090849959660169,0.04355370556223753
Ampicillin,........K....,3.1,3.277461784847657,3.0817769074948402,3.1656185728380444,2955,260,2714,false,false,false,0,false,false,3.174952421726847,0.09817577785511032,3.174952421726847,0.09817577785511032
Ampicillin,........K....,12.2,3.3656416909751483,3.2441120066979643,3.377828638076356,256,292,324,false,false,false,0,false,false,3.3291941119164896,0.0739347948615809,3.3291941119164896,0.0739347948615809
Ampicillin,........K....,48.8,3.516641929225772,3.4094292525441787,3.352478032607052,354,452,345,false,false,false,0,false,false,3.4261830714590005,0.08335444843818135,3.4261830714590005,0.08335444843818135
Ampicillin,........K....,195.0,3.7243231440287397,3.6393170621611945,3.6383511943691498,540,635,587,false,false,false,0,false,false,3.6673304668530284,0.04935946883718555,3.6673304668530284,0.04935946883718555
Ampicillin,........K....,781.0,4.368444653242391,4.14288889880006,4.241979750114119,1692,1441,1610,false,false,false,0,false,false,4.25110443405219,0.11305438727992614,4.25110443405219,0.11305438727992614
Ampicillin,P.......K.ML.,0.0,3.458707097900934,3.304102682610284,3.340439071099568,206,190,183,false,false,false,0,false,false,3.3677496172035952,0.08083953706705702,3.3677496172035952,0.08083953706705702
Ampicillin,P.......K.ML.,3.1,3.4796160137313037,3.2917300744426607,3.1589836780773433,893,241,1159,false,false,false,0,false,false,3.3101099220837695,0.16110443124325058,3.3101099220837695,0.16110443124325058
Ampicillin,P.......K.ML.,12.2,3.477413619528017,3.3522234175270116,3.431131911860728,176,200,208,false,false,false,0,false,false,3.4202563163052524,0.06329972830334946,3.4202563163052524,0.06329972830334946
Ampicillin,P.......K.ML.,48.8,3.6449815966581687,3.593941022181434,3.524263691653921,272,391,265,false,false,false,0,false,false,3.587728770164508,0.060598244227823825,3.587728770164508,0.060598244227823825
Ampicillin,P.......K.ML.,195.0,3.8326312156089912,3.8578044343818787,3.838064302520358,422,603,525,false,false,false,0,false,false,3.8428333175037426,0.013246900157422678,3.8428333175037426,0.013246900157422678
Ampicillin,P.......K.ML.,781.0,4.464113239310265,4.403719315587574,4.506350460693527,1086,1367,1609,false,false,false,0,false,false,4.458061005197122,0.05158255654540639,4.458061005197122,0.05158255654540639
Ampicillin,.K.KN...K....,0.0,3.1803881946660923,3.0924990021773056,3.032451838909946,251,266,255,false,false,false,0,false,false,3.101779678584448,0.0744035587491139,3.101779678584448,0.0744035587491139
Ampicillin,.K.KN...K....,3.1,3.2224050987226756,3.1343243094163307,3.117467764178217,831,343,376,false,false,false,0,false,false,3.1580657241057413,0.056353368345776915,3.1580657241057413,0.056353368345776915
Ampicillin,.K.KN...K....,12.2,3.4075969515054587,3.1337565146616404,3.242421798850497,370,288,345,false,false,false,0,false,false,3.2612584216725318,0.1378885781426729,3.2612584216725318,0.1378885781426729
Ampicillin,.K.KN...K....,48.8,3.567660467567477,3.3681645018042587,3.3015964929120893,495,527,468,false,false,false,0,false,false,3.412473820761275,0.1384557563345837,3.412473820761275,0.1384557563345837
Ampicillin,.K.KN...K....,195.0,3.8080895116822266,3.572664193418267,3.600503910707967,806,711,760,false,false,false,0,false,false,3.6604192052694873,0.12864156409075939,3.6604192052694873,0.12864156409075939
Ampicillin,.K.KN...K....,781.0,4.371037318831657,4.078290689457659,4.17127362468222,2019,1511,1978,false,false,false,0,false,false,4.206867210990512,0.14958383867307884,4.206867210990512,0.14958383867307884
Ampicillin,....S.T.K....,0.0,3.13810536207726,3.2810401969061633,3.1501960434569285,293,263,364,false,false,false,0,false,false,3.189780534146784,0.07926405666676986,3.189780534146784,0.07926405666676986
Ampicillin,....S.T.K....,3.1,3.202827247508046,3.4761130358430363,3.2068932731145736,310,476,379,false,false,false,0,false,false,3.2952778521552184,0.15662105824445605,3.2952778521552184,0.15662105824445605
Ampicillin,....S.T.K....,12.2,3.4491800639756898,3.548791732214425,3.385780417560424,497,470,583,false,false,false,0,false,false,3.461250737916846,0.08217328065345647,3.461250737916846,0.08217328065345647
Ampicillin,....S.T.K....,48.8,3.593098093182409,3.7816052420531756,3.496909150234646,678,851,799,false,false,false,0,false,false,3.6238708284900767,0.1448212246285847,3.6238708284900767,0.1448212246285847
Ampicillin,....S.T.K....,195.0,3.8065101788234688,4.00817357312957,3.7537816957424823,1066,1183,1277,false,false,false,0,false,false,3.8561551492318404,0.13426568487617302,3.8561551492318404,0.13426568487617302
Ampicillin,....S.T.K....,781.0,3.5040129544668726,3.7019813407094766,3.169739125551259,438,581,291,false,false,false,0,false,false,3.458577806909203,0.26901432745175863,3.458577806909203,0.26901432745175863
Ampicillin,.....T.S.....,0.0,3.1969148224283153,3.3276253972985113,3.1237174544165764,314,255,207,false,false,false,0,false,false,3.2160858913811343,0.10329694916201981,3.2160858913811343,0.10329694916201981
Ampicillin,.....T.S.....,3.1,3.1422213841381184,3.2717787058545973,3.242055680004413,257,269,254,false,false,false,0,false,false,3.2186852566657094,0.06786683592049556,3.2186852566657094,0.06786683592049556
Ampicillin,.....T.S.....,12.2,3.3418664843017694,3.3293247274488027,3.4619277442625256,370,267,389,false,false,false,0,false,false,3.3777063186710325,0.07320696901755518,3.3777063186710325,0.07320696901755518
Ampicillin,.....T.S.....,48.8,3.468484207112641,3.629596058798184,3.5484229984411457,479,496,572,false,false,false,0,false,false,3.548834421450657,0.08055671381117571,3.548834421450657,0.08055671381117571
Ampicillin,.....T.S.....,195.0,3.727213019897468,3.81752704260128,3.848395360612201,867,718,925,false,false,false,0,false,false,3.79771180770365,0.06297438031304164,3.79771180770365,0.06297438031304164
Ampicillin,.....T.S.....,781.0,3.948686366656974,4.171345161156509,4.210266909823322,994,1146,1553,false,false,false,0,false,false,4.110099479212269,0.14113599933543447,4.110099479212269,0.14113599933543447
Ampicillin,...K...S.....,0.0,2.9972390077609603,3.39963882086832,3.1517915296554753,111,150,133,false,false,false,0,false,false,3.1828897860949183,0.2029944052489859,3.1828897860949183,0.2029944052489859
Ampicillin,...K...S.....,3.1,3.220268511508347,3.472564814981662,3.370262299217483,155,180,181,false,false,false,0,false,false,3.3543652085691638,0.12689718005095854,3.3543652085691638,0.12689718005095854
Ampicillin,...K...S.....,12.2,3.2377021151489793,3.410181438018066,3.356475078745001,147,156,175,false,false,false,0,false,false,3.3347862106373487,0.0882614550876429,3.3347862106373487,0.0882614550876429
Ampicillin,...K...S.....,48.8,3.489262855691513,3.8352917329219407,3.4996702477308745,265,395,272,false,false,false,0,false,false,3.6080749454481094,0.19684430353635185,3.6080749454481094,0.19684430353635185
Ampicillin,...K...S.....,195.0,3.709889051797774,3.9871200465113983,3.811119636628128,454,464,505,false,false,false,0,false,false,3.8360429116457664,0.14028589856318427,3.8360429116457664,0.14028589856318427
Ampicillin,...K...S.....,781.0,3.9275538257336575,3.976429204615109,4.051113231138075,542,380,614,false,false,false,0,false,false,3.98503208716228,0.06222731600401556,3.98503208716228,0.06222731600401556
Ampicillin,.K........M..,0.0,3.2120132486482293,3.219965301059518,3.158694834508349,470,448,463,false,false,false,0,false,false,3.196891128072032,0.03331705893217852,3.196891128072032,0.03331705893217852
Ampicillin,.K........M..,3.1,3.117880866184216,3.305873971183321,3.236771701422928,41009,618,64219,false,false,false,0,false,false,3.2201755129301546,0.09508904766673641,3.2201755129301546,0.09508904766673641
Ampicillin,.K........M..,12.2,3.3093802487898367,3.3647399195793573,3.248723356972281,561,632,531,false,false,false,0,false,false,3.3076145084471587,0.05802843336683084,3.3076145084471587,0.05802843336683084
Ampicillin,.K........M..,48.8,3.3987895513584934,3.4076826061867913,3.4279402213035852,632,714,865,false,false,false,0,false,false,3.4114707929496233,0.014939985233409439,3.4114707929496233,0.014939985233409439
Ampicillin,.K........M..,195.0,3.727291655699374,3.8017232258144826,3.7355276476733454,1295,1489,1566,false,false,false,0,false,false,3.7548475097290677,0.04080389025373898,3.7548475097290677,0.04080389025373898
Ampicillin,.K........M..,781.0,4.28583726560699,4.268769112455706,4.337999471323604,3092,2989,4188,false,false,false,0,false,false,4.2975352831287665,0.03606720612550052,4.2975352831287665,0.03606720612550052
Ampicillin,.K.K.........,0.0,3.260042203504874,3.175261623998244,3.3159982775581764,230,213,253,false,false,false,0,false,false,3.2504340350204313,0.07085858515403186,3.2504340350204313,0.07085858515403186
Ampicillin,.K.K.........,3.1,3.4416225177258624,3.319019942983433,3.3070004957669807,18285,395,12182,false,false,false,0,false,false,3.3558809854920923,0.0744971445103319,3.3558809854920923,0.0744971445103319
Ampicillin,.K.K.........,12.2,3.438716009753688,3.3577239948051427,3.467576360347054,330,362,288,false,false,false,0,false,false,3.4213387883019615,0.05695051731832809,3.4213387883019615,0.05695051731832809
Ampicillin,.K.K.........,48.8,3.7483947568031226,3.5610761668612936,3.6261396306842832,590,552,489,false,false,false,0,false,false,3.645203518116233,0.09510329850989563,3.645203518116233,0.09510329850989563
Ampicillin,.K.K.........,195.0,3.990433613368039,3.8348559591135065,4.015505440502699,1011,921,988,false,false,false,0,false,false,3.9469316709947484,0.09786660832088187,3.9469316709947484,0.09786660832088187
Ampicillin,.K.K.........,781.0,4.532451619524554,4.380329695627914,4.470962843273033,2351,2194,1961,false,false,false,0,false,false,4.4612480528085,0.07652485085141382,4.4612480528085,0.07652485085141382
Ampicillin,.K.K...S.....,0.0,3.47493934097891,3.152167518106039,2.888951178412145,106,104,90,false,false,false,0,false,false,3.1720193458323642,0.29349804593071843,3.1720193458323642,0.29349804593071843
Ampicillin,.K.K...S.....,3.1,3.431216257435998,3.134338757327258,2.8125492484206167,93,109,89,false,false,false,0,false,false,3.126034754394624,0.3094170880212312,3.126034754394624,0.3094170880212312
Ampicillin,.K.K...S.....,12.2,3.428613444355681,3.280509709420043,3.1410994836508066,96,143,158,false,false,false,0,false,false,3.283407545808844,0.14377888402631736,3.283407545808844,0.14377888402631736
Ampicillin,.K.K...S.....,48.8,3.638009824360349,3.454529074290079,3.1048580779355683,141,232,162,false,false,false,0,false,false,3.399132325528665,0.2708584427499904,3.399132325528665,0.2708584427499904
Ampicillin,.K.K...S.....,195.0,4.2107119276287275,3.530074637315628,3.4407197907300446,491,228,320,false,false,false,0,false,false,3.7271687852248,0.4211372105104011,3.7271687852248,0.4211372105104011
Ampicillin,.K.K...S.....,781.0,4.353528748481408,4.161361497583397,3.926809819052839,491,673,660,false,false,false,0,false,false,4.147233355039215,0.2137100009170784,4.147233355039215,0.2137100009170784
Ampicillin,...KH........,0.0,2.9825994156989197,3.0542498196367616,3.1916628750171663,215,223,305,false,false,false,0,false,false,3.07617070345095,0.10624159433067806,3.07617070345095,0.10624159433067806
Ampicillin,...KH........,3.1,3.1789194814222905,3.1454720728976744,3.12867095875136,296,347,244,false,false,false,0,false,false,3.151020837690442,0.02557968140334906,3.151020837690442,0.02557968140334906
Ampicillin,...KH........,12.2,3.290902653873406,3.1946800911597406,3.2839096635476817,355,353,363,false,false,false,0,false,false,3.256497469526943,0.05364947976979176,3.256497469526943,0.05364947976979176
Ampicillin,...KH........,48.8,3.344447337236005,3.403643974789666,3.585320546422581,422,524,736,false,false,false,0,false,false,3.444470619482751,0.12551926909296235,3.444470619482751,0.12551926909296235
Ampicillin,...KH........,195.0,3.604987054775655,3.697760364192762,3.7263559761160803,723,893,886,false,false,false,0,false,false,3.676367798361499,0.06344946943409586,3.676367798361499,0.06344946943409586
Ampicillin,...KH........,781.0,4.163426252320784,4.138036807022017,4.14804670332122,1678,1682,1610,false,false,false,0,false,false,4.149836587554674,0.012789008848290356,4.149836587554674,0.012789008848290356
Ampicillin,PK.K....K....,0.0,3.2970416757838388,3.0299106358724046,3.374663592419618,177,193,206,false,false,false,0,false,false,3.233871968025287,0.18084927217364422,3.233871968025287,0.18084927217364422
Ampicillin,PK.K....K....,3.1,3.3671172190223593,3.1552745531603703,3.36083157791871,325,314,667,false,false,false,0,false,false,3.2944077833671463,0.12053389204638587,3.2944077833671463,0.12053389204638587
Ampicillin,PK.K....K....,12.2,3.556505228571088,3.2861632399197513,3.568652952788069,290,340,284,false,false,false,0,false,false,3.470440473759636,0.15970430797155297,3.470440473759636,0.15970430797155297
Ampicillin,PK.K....K....,48.8,3.7199238360628932,3.384320123173022,3.6568330329828163,425,440,428,false,false,false,0,false,false,3.587025664072911,0.17835992989446786,3.587025664072911,0.17835992989446786
Ampicillin,PK.K....K....,195.0,3.866684092393397,3.751909256551973,3.9924771273315245,585,842,719,false,false,false,0,false,false,3.8703568254256315,0.12032598156174044,3.8703568254256315,0.12032598156174044
Ampicillin,PK.K....K....,781.0,4.574222912316751,4.295283174627051,4.534542489250128,1774,1977,1795,false,false,false,0,false,false,4.468016192064643,0.15090114472232535,4.468016192064643,0.15090114472232535
Ampicillin,.......SK....,0.0,3.6592059952028233,3.326031708103393,2.745902087760993,153,126,100,false,false,false,0,false,false,3.24371326368907,0.46218313638126635,3.24371326368907,0.46218313638126635
Ampicillin,.......SK....,3.1,3.780847116812468,3.317784456357368,3.0447725949581086,164,144,169,false,false,false,0,false,false,3.3811347227093145,0.37210397420066343,3.3811347227093145,0.37210397420066343
Ampicillin,.......SK....,12.2,3.6609356095455126,3.408622465434553,2.8779695873143694,141,163,122,false,false,false,0,false,false,3.315842554098145,0.3996436311926021,3.315842554098145,0.3996436311926021
Ampicillin,.......SK....,48.8,3.955039061864865,3.769939789605599,3.23614798743581,264,396,290,false,false,false,0,false,false,3.6537089463020913,0.3732737613665388,3.6537089463020913,0.3732737613665388
Ampicillin,.......SK....,195.0,4.1892575338288625,3.8327978845414017,3.5910332978621864,467,408,605,false,false,false,0,false,false,3.8710295720774837,0.3009390396299071,3.8710295720774837,0.3009390396299071
Ampicillin,.......SK....,781.0,4.648522351685231,4.462158145136083,3.9235699809939857,824,1074,880,false,false,false,0,false,false,4.344750159271766,0.376467078642012,4.344750159271766,0.376467078642012
Ampicillin,....S...K....,0.0,3.245094121301918,3.1387067016690122,3.2571414573806927,430,313,408,false,false,false,0,false,false,3.2136474267838744,0.06517951202030232,3.2136474267838744,0.06517951202030232
Ampicillin,....S...K....,3.1,3.2108695098726896,3.2963037079873634,3.3372392245746347,652,520,540,false,false,false,0,false,false,3.281470814144896,0.06447741661441767,3.281470814144896,0.06447741661441767
Ampicillin,....S...K....,12.2,3.404000922254813,3.353208542927756,3.4592916677646297,624,524,584,false,false,false,0,false,false,3.405500377649066,0.053057455825250864,3.405500377649066,0.053057455825250864
Ampicillin,....S...K....,48.8,3.5858335156910295,3.5660872586780274,3.7148042084626653,771,842,1134,false,false,false,0,false,false,3.622241660943907,0.08076724316749719,3.622241660943907,0.08076724316749719
Ampicillin,....S...K....,195.0,3.7761041522006793,3.850159018517049,3.8389125372656006,1216,1388,1417,false,false,false,0,false,false,3.8217252359944425,0.039907183564152904,3.8217252359944425,0.039907183564152904
Ampicillin,....S...K....,781.0,4.362053659538684,4.329958913127044,4.432915036256916,3000,2905,3535,false,false,false,0,false,false,4.374975869640881,0.05268043714631989,4.374975869640881,0.05268043714631989
Ampicillin,.......SK.ML.,0.0,3.108089540960646,3.022077438417175,3.2257152773510143,131,186,215,false,false,false,0,false,false,3.1186274189096115,0.10222708797164061,3.1186274189096115,0.10222708797164061
Ampicillin,.......SK.ML.,3.1,3.366957331076335,3.0522215681461833,3.2741681605546407,263,227,562,false,false,false,0,false,false,3.231115686592386,0.16172441606791815,3.231115686592386,0.16172441606791815
Ampicillin,.......SK.ML.,12.2,3.419495748831367,3.271231147639626,3.383699040046833,212,335,271,false,false,false,0,false,false,3.3581419788392757,0.0773658227178619,3.3581419788392757,0.0773658227178619
Ampicillin,.......SK.ML.,48.8,3.6297794584413916,3.397213870839121,3.5564743317559864,345,452,434,false,false,false,0,false,false,3.527822553678833,0.11890072087432513,3.527822553678833,0.11890072087432513
Ampicillin,.......SK.ML.,195.0,3.8931995680303886,3.680135085326331,3.7114813755155263,636,682,529,false,false,false,0,false,false,3.761605342957415,0.11503663560611284,3.761605342957415,0.11503663560611284
Ampicillin,.......SK.ML.,781.0,4.492476000944432,4.036982843773024,4.401966399322954,1496,1175,1722,false,false,false,0,false,false,4.310475081346804,0.24113585383815095,4.310475081346804,0.24113585383815095
Ampicillin,..V........Q.,0.0,3.031341809314075,3.0197571010740165,3.1364972088922585,181,205,286,false,false,false,0,false,false,3.0625320397601166,0.06431707432565299,3.0625320397601166,0.06431707432565299
Ampicillin,..V........Q.,3.1,3.2416076271945626,3.085412003965063,3.236224357916304,268,324,329,false,false,false,0,false,false,3.1877479963586435,0.08866643334100412,3.1877479963586435,0.08866643334100412
Ampicillin,..V........Q.,12.2,3.335486370347084,3.241775373614256,3.316798329622301,325,368,399,false,false,false,0,false,false,3.298020024527881,0.04959744231136704,3.298020024527881,0.04959744231136704
Ampicillin,..V........Q.,48.8,3.5554025233303563,3.4698395025112547,3.382283983649216,513,632,505,false,false,false,0,false,false,3.469175336496942,0.08656118086477081,3.469175336496942,0.08656118086477081
Ampicillin,..V........Q.,195.0,3.751417249211587,3.6954243315565964,3.6680762591803298,828,884,832,false,false,false,0,false,false,3.704972613316171,0.04248302506022488,3.704972613316171,0.04248302506022488
Ampicillin,..V........Q.,781.0,3.2979343900466063,3.092387085971137,3.256794905855621,261,253,283,false,false,false,0,false,false,3.2157054606244544,0.10875973719730628,3.2157054606244544,0.10875973719730628
Ampicillin,.K.KH..S.....,0.0,3.165689634058791,3.0285115702692433,3.1271069020048947,141,130,108,false,false,false,0,false,false,3.1071027021109763,0.07074306542912295,3.1071027021109763,0.07074306542912295
Ampicillin,.K.KH..S.....,3.1,3.2564992099358405,3.0985364434680838,3.2255787903089685,155,180,133,false,false,false,0,false,false,3.1935381479042975,0.08371386367749827,3.1935381479042975,0.08371386367749827
Ampicillin,.K.KH..S.....,12.2,3.227839579333641,3.284694630341887,3.493856888182564,146,246,235,false,false,false,0,false,false,3.3354636992860307,0.1400872082771915,3.3354636992860307,0.1400872082771915
Ampicillin,.K.KH..S.....,48.8,3.573939875099282,3.382456111454361,3.4962092798768145,293,310,252,false,false,false,0,false,false,3.484201755476819,0.09630495011456237,3.484201755476819,0.09630495011456237
Ampicillin,.K.KH..S.....,195.0,3.7701791444093793,3.6186379125123116,3.78281526169201,471,476,429,false,false,false,0,false,false,3.7238774395379006,0.09135883318772364,3.7238774395379006,0.09135883318772364
Ampicillin,.K.KH..S.....,781.0,3.878335880905436,3.510532854036993,3.7976249841510645,434,317,345,false,false,false,0,false,false,3.7288312396978314,0.1933111509983832,3.7288312396978314,0.1933111509983832
Ampicillin,.K...T.......,0.0,3.3548345969178825,3.367040889431583,3.05605759735643,172,230,188,false,false,false,0,false,false,3.2593110279019655,0.17612840817321035,3.2593110279019655,0.17612840817321035
Ampicillin,.K...T.......,3.1,3.531354084622131,3.3765895648426363,3.2688132403219203,11104,265,5306,false,false,false,0,false,false,3.392252296595563,0.1319693699535614,3.392252296595563,0.1319693699535614
Ampicillin,.K...T.......,12.2,3.6717289605894554,3.4202794617749674,3.396503472509522,317,298,322,false,false,false,0,false,false,3.4961706316246484,0.152502031357206,3.4961706316246484,0.152502031357206
Ampicillin,.K...T.......,48.8,3.8129127773281457,3.5627413868646576,3.5945876523474842,431,433,551,false,false,false,0,false,false,3.656747272180096,0.13617743904520258,3.656747272180096,0.13617743904520258
Ampicillin,.K...T.......,195.0,4.089740701785501,3.895124757138589,3.6856569005389597,791,697,614,false,false,false,0,false,false,3.8901741198210167,0.2020873850957826,3.8901741198210167,0.2020873850957826
Ampicillin,.K...T.......,781.0,4.648035810117832,4.407615195633597,4.393155256633648,1831,1607,2013,false,false,false,0,false,false,4.482935420795026,0.14316380958495473,4.482935420795026,0.14316380958495473
Ampicillin,...KHT.......,0.0,3.109994869367982,3.3331141446122388,3.180144925084049,332,316,332,false,false,false,0,false,false,3.2077513130214235,0.1140926695173367,3.2077513130214235,0.1140926695173367
Ampicillin,...KHT.......,3.1,3.036702436604003,3.2903944631294686,3.251014706599113,275,393,434,false,false,false,0,false,false,3.192703868777528,0.13652848214288743,3.192703868777528,0.13652848214288743
Ampicillin,...KHT.......,12.2,3.279911247155045,3.509989714089614,3.3465912880457864,423,465,481,false,false,false,0,false,false,3.3788307497634817,0.11837889341274252,3.3788307497634817,0.11837889341274252
Ampicillin,...KHT.......,48.8,3.4517931689316876,3.682214154395003,3.435511539984353,614,727,592,false,false,false,0,false,false,3.523172954437014,0.1379740929426692,3.523172954437014,0.1379740929426692
Ampicillin,...KHT.......,195.0,3.6731643138507266,3.981734282889942,3.7918778562756246,1002,1244,1191,false,false,false,0,false,false,3.815592151005431,0.1556458553226352,3.815592151005431,0.1556458553226352
Ampicillin,...KHT.......,781.0,4.264978451000663,4.471494249630023,4.2233705601145735,2520,2578,2293,false,false,false,0,false,false,4.319947753581753,0.13288175004257893,4.319947753581753,0.13288175004257893
Ampicillin,.KLKNT..K....,0.0,3.1218705178846293,3.0243913027893243,3.2687705490445427,356,331,515,false,false,false,0,false,false,3.1383441232394986,0.12301966816370521,3.1383441232394986,0.12301966816370521
Ampicillin,.KLKNT..K....,3.1,3.2991992105574983,3.25553803414705,3.274821177303862,473,656,527,false,false,false,0,false,false,3.2765194740028036,0.021880076328575644,3.2765194740028036,0.021880076328575644
Ampicillin,.KLKNT..K....,12.2,3.3462813581677002,3.313562856967727,3.4478698165072013,504,646,692,false,false,false,0,false,false,3.369238010547543,0.07003460402937384,3.369238010547543,0.07003460402937384
Ampicillin,.KLKNT..K....,48.8,3.567860968241726,3.4391222274027458,3.5480814344096356,740,877,977,false,false,false,0,false,false,3.518354876684702,0.06932652467729696,3.518354876684702,0.06932652467729696
Ampicillin,.KLKNT..K....,195.0,3.784497415128505,3.6985175261558356,3.7920442268086036,1256,1416,1485,false,false,false,0,false,false,3.7583530560309817,0.051956294789114,3.7583530560309817,0.051956294789114
Ampicillin,.KLKNT..K....,781.0,4.2250503224701035,4.208352009487879,4.30093841081316,2337,3148,3286,false,false,false,0,false,false,4.244780247590381,0.049345849739672334,4.244780247590381,0.049345849739672334
Ampicillin,.K.KST.....L.,0.0,3.3870925174556805,3.462853467429016,3.2585497744877383,83,129,140,false,false,false,0,false,false,3.3694985864574782,0.1032819420002262,3.3694985864574782,0.1032819420002262
Ampicillin,.K.KST.....L.,3.1,3.605377616678065,3.5139556422305898,3.2921607817068463,118,169,143,false,false,false,0,false,false,3.4704980135385006,0.1610671305574217,3.4704980135385006,0.1610671305574217
Ampicillin,.K.KST.....L.,12.2,3.678137367250248,3.4801874353116626,3.3239277741811866,157,144,144,false,false,false,0,false,false,3.494084192247699,0.1775132356911506,3.494084192247699,0.1775132356911506
Ampicillin,.K.KST.....L.,48.8,3.8108413560566046,3.6889613565786337,3.5755728198700627,191,236,309,false,false,false,0,false,false,3.6917918441684336,0.11765980526431509,3.6917918441684336,0.11765980526431509
Ampicillin,.K.KST.....L.,195.0,4.102292791124783,3.7084233882835296,3.7940472629572537,375,217,412,false,false,false,0,false,false,3.868254480788522,0.20715527994073515,3.868254480788522,0.20715527994073515
Ampicillin,.K.KST.....L.,781.0,4.625555687638119,4.5609635550076835,4.311366366411156,783,1004,1008,false,false,false,0,false,false,4.499295203018986,0.16592459619060804,4.499295203018986,0.16592459619060804
Ampicillin,.K..S...K....,0.0,3.0181834568890675,3.3039918891319195,3.1691461795829285,257,246,272,false,false,false,0,false,false,3.1637738418679717,0.1429799338881925,3.1637738418679717,0.1429799338881925
Ampicillin,.K..S...K....,3.1,3.1493117406823097,3.4658238919446305,3.3371720622247443,4287,399,1353,false,false,false,0,false,false,3.3174358982838945,0.1591763883228308,3.3174358982838945,0.1591763883228308
Ampicillin,.K..S...K....,12.2,3.2158580351935395,3.6103247475334523,3.4179836791950327,381,437,418,false,false,false,0,false,false,3.414722153974008,0.19725358031260273,3.414722153974008,0.19725358031260273
Ampicillin,.K..S...K....,48.8,3.4695748527499077,3.7172656822938777,3.702577614059737,580,601,854,false,false,false,0,false,false,3.6298060497011746,0.13895849090444,3.6298060497011746,0.13895849090444
Ampicillin,.K..S...K....,195.0,3.7352013517758937,3.9365248896788607,3.842694193396584,1057,872,1055,false,false,false,0,false,false,3.838140144950446,0.10073900062229708,3.838140144950446,0.10073900062229708
Ampicillin,.K..S...K....,781.0,4.332063736622863,4.5075784690035325,4.358904839496419,2691,2175,2370,false,false,false,0,false,false,4.399515681707605,0.09454250736833086,4.399515681707605,0.09454250736833086
Ampicillin,.K...T.SK....,0.0,3.098100892732119,3.2116711026965192,3.0178357896171084,190,260,170,false,false,false,0,false,false,3.109202595015249,0.0973933673015557,3.109202595015249,0.0973933673015557
Ampicillin,.K...T.SK....,3.1,3.2742588145792886,3.2505183222116307,3.2242620756208606,682,338,327,false,false,false,0,false,false,3.2496797374705935,0.025008916307893512,3.2496797374705935,0.025008916307893512
Ampicillin,.K...T.SK....,12.2,3.412199706358449,3.3095949392375594,3.433436804341928,383,364,415,false,false,false,0,false,false,3.385077149979312,0.06622632925458537,3.385077149979312,0.06622632925458537
Ampicillin,.K...T.SK....,48.8,3.5510746586672175,3.60977185802192,3.580901180700731,474,720,586,false,false,false,0,false,false,3.580582565796623,0.029349896756449802,3.580582565796623,0.029349896756449802
Ampicillin,.K...T.SK....,195.0,3.7325431187733944,3.7407605399823356,3.745232348148113,693,812,776,false,false,false,0,false,false,3.739512002301281,0.006436091227353444,3.739512002301281,0.006436091227353444
Ampicillin,.K...T.SK....,781.0,4.367217999338593,4.17532332441101,4.2737744882816,1969,1608,1810,false,false,false,0,false,false,4.272105270677067,0.09595822675492292,4.272105270677067,0.09595822675492292
Ampicillin,...........L.,0.0,3.1737455643946118,3.1023703399194487,3.2642367200374713,291,382,361,false,false,false,0,false,false,3.1801175414505107,0.08112109973261412,3.1801175414505107,0.08112109973261412
Ampicillin,...........L.,3.1,3.218177579693324,3.0446493105747487,3.3095260747652824,1466,444,1439,false,false,false,0,false,false,3.190784321677785,0.13454634142384292,3.190784321677785,0.13454634142384292
Ampicillin,...........L.,12.2,3.3559692468734945,3.2392366052076067,3.5110868412677627,461,547,573,false,false,false,0,false,false,3.3687642311162875,0.1363760295206626,3.3687642311162875,0.1363760295206626
Ampicillin,...........L.,48.8,3.589636915410112,3.393425914100944,3.654753413635394,654,782,904,false,false,false,0,false,false,3.5459387477154833,0.13603368295438048,3.5459387477154833,0.13603368295438048
Ampicillin,...........L.,195.0,3.8675734893770195,3.609850470531827,3.798880739143744,1265,1123,1070,false,false,false,0,false,false,3.7587682330175305,0.13346178655878996,3.7587682330175305,0.13346178655878996
Ampicillin,...........L.,781.0,4.39654589030514,4.20656901222055,4.430740181277893,2642,2953,3277,false,false,false,0,false,false,4.3446183612678615,0.12077056538359052,4.3446183612678615,0.12077056538359052
Ampicillin,.K.KN...K.M..,0.0,3.084609371318123,3.144115030640703,3.2521135776487453,282,265,321,false,false,false,0,false,false,3.160279326535857,0.08491394544450578,3.160279326535857,0.08491394544450578
Ampicillin,.K.KN...K.M..,3.1,3.030303570020321,3.2402705122758877,3.1537538725860883,285,403,287,false,false,false,0,false,false,3.1414426516274325,0.10552347526099462,3.1414426516274325,0.10552347526099462
Ampicillin,.K.KN...K.M..,12.2,3.2956492186295017,3.2611947245220083,3.2672579123922354,421,365,307,false,false,false,0,false,false,3.2747006185145815,0.018393570802553074,3.2747006185145815,0.018393570802553074
Ampicillin,.K.KN...K.M..,48.8,3.3730204637352648,3.620833197728932,3.5291738979921488,481,784,627,false,false,false,0,false,false,3.507675853152115,0.12529729538705975,3.507675853152115,0.12529729538705975
Ampicillin,.K.KN...K.M..,195.0,3.7868994794611073,3.7356444728164293,3.7828336530576436,1164,896,950,false,false,false,0,false,false,3.7684592017783936,0.028491008471466038,3.7684592017783936,0.028491008471466038
Ampicillin,.K.KN...K.M..,781.0,4.21907723534131,4.21682008794068,4.188532155197244,2073,1934,1660,false,false,false,0,false,false,4.208143159493078,0.01702108385842286,4.208143159493078,0.01702108385842286
Ampicillin,.K.KS......L.,0.0,3.2222608745263908,3.196587498749245,3.3206027986222373,249,255,270,false,false,false,0,false,false,3.2464837239659574,0.0654599761447863,3.2464837239659574,0.0654599761447863
Ampicillin,.K.KS......L.,3.1,3.204952309365303,3.273324940187366,3.4378076823518326,356,365,334,false,false,false,0,false,false,3.3053616439681672,0.11968779793290564,3.3053616439681672,0.11968779793290564
Ampicillin,.K.KS......L.,12.2,3.5072745584031035,3.404580095373699,3.5550818850046904,452,391,406,false,false,false,0,false,false,3.4889788462604976,0.07690089064917667,3.4889788462604976,0.07690089064917667
Ampicillin,.K.KS......L.,48.8,3.6639446030885177,3.585096434348727,3.7811323985720176,541,625,721,false,false,false,0,false,false,3.676724478669754,0.09864085731654375,3.676724478669754,0.09864085731654375
Ampicillin,.K.KS......L.,195.0,3.8988409092398086,3.761852284885675,3.8543491605414006,938,862,848,false,false,false,0,false,false,3.8383474515556286,0.06988212803327125,3.8383474515556286,0.06988212803327125
Ampicillin,.K.KS......L.,781.0,4.427300709708839,4.426912124355262,4.527459036340146,2140,2542,2637,false,false,false,0,false,false,4.460557290134749,0.05793893754326873,4.460557290134749,0.05793893754326873
Ampicillin,PK.KN...K....,0.0,2.760811639196103,3.2323038289566477,3.0487876037962036,71,166,173,false,false,false,0,false,false,3.0139676906496518,0.23766686983033297,3.0139676906496518,0.23766686983033297
Ampicillin,PK.KN...K....,3.1,3.1323934932131268,3.3713750928421855,2.9925355990082414,138,278,212,false,false,false,0,false,false,3.165434728354518,0.19156887256765195,3.165434728354518,0.19156887256765195
Ampicillin,PK.KN...K....,12.2,3.2441612154399446,3.4303137838671294,3.1223893059558927,186,263,197,false,false,false,0,false,false,3.265621435087656,0.15507990454834217,3.265621435087656,0.15507990454834217
Ampicillin,PK.KN...K....,48.8,3.503279057961505,3.474208878806588,3.2638420419692884,312,294,286,false,false,false,0,false,false,3.4137766595791272,0.1306581838132658,3.4137766595791272,0.1306581838132658
Ampicillin,PK.KN...K....,195.0,3.6930400768075162,3.713685556903091,3.439713904631734,459,460,376,false,false,false,0,false,false,3.615479846114114,0.15256739035909567,3.615479846114114,0.15256739035909567
Ampicillin,PK.KN...K....,781.0,4.360364640093439,4.276502136904951,4.065873744361314,1414,1116,1090,false,false,false,0,false,false,4.234246840453235,0.15172460076053662,4.234246840453235,0.15172460076053662
Ampicillin,P.LKN...K....,0.0,2.86375175528279,3.0961056491975296,3.2551300831528636,110,129,181,false,false,false,0,false,false,3.0716624958777277,0.1968307640836545,3.0716624958777277,0.1968307640836545
Ampicillin,P.LKN...K....,3.1,3.054890555894631,3.115736865668746,3.289822727368603,160,185,174,false,false,false,0,false,false,3.153483382977327,0.12192981987628862,3.153483382977327,0.12192981987628862
Ampicillin,P.LKN...K....,12.2,3.1355447524035593,3.2323574226757223,3.343409915647197,187,195,195,false,false,false,0,false,false,3.2371040302421594,0.10401384155543124,3.2371040302421594,0.10401384155543124
Ampicillin,P.LKN...K....,48.8,3.39781984409775,3.442539159034171,3.487804096375832,309,317,312,false,false,false,0,false,false,3.442721033169251,0.04499240183811181,3.442721033169251,0.04499240183811181
Ampicillin,P.LKN...K....,195.0,3.5347725027947874,3.768007953070678,3.667317387182202,443,554,385,false,false,false,0,false,false,3.656699281015889,0.11697970742940272,3.656699281015889,0.11697970742940272
Ampicillin,P.LKN...K....,781.0,3.9378264895400754,3.986905550214199,4.095928994741235,679,722,731,false,false,false,0,false,false,4.006887011498503,0.0809230785005908,4.006887011498503,0.0809230785005908
Ampicillin,..........M..,0.0,3.090351417317364,3.235663926516447,3.2132568368861523,330,443,313,false,false,false,0,false,false,3.1797573935733214,0.07823420517354025,3.1797573935733214,0.07823420517354025
Ampicillin,..........M..,3.1,3.1778205717992054,3.1420916870285063,3.365861415302069,5098,429,6596,false,false,false,0,false,false,3.228591224709927,0.12021425548012903,3.228591224709927,0.12021425548012903
Ampicillin,..........M..,12.2,3.172070671331363,3.084378168101469,3.4223888585245947,348,337,454,false,false,false,0,false,false,3.2262792326524754,0.17540448341036832,3.2262792326524754,0.17540448341036832
Ampicillin,..........M..,48.8,3.4082962381541617,3.408408794286876,3.514903965122993,551,646,608,false,false,false,0,false,false,3.443869665854677,0.06151753344881663,3.443869665854677,0.06151753344881663
Ampicillin,..........M..,195.0,3.6707630313307695,3.647854829365674,3.7820031789549575,1005,1055,975,false,false,false,0,false,false,3.7002070132171334,0.07175761963983726,3.7002070132171334,0.07175761963983726
Ampicillin,..........M..,781.0,4.218270523345924,4.162897684674882,4.337350807424054,2315,2229,2419,false,false,false,0,false,false,4.23950633848162,0.08914422523412525,4.23950633848162,0.08914422523412525
Ampicillin,T..K........D,0.0,2.851879237220575,2.9695629480646417,3.74031871716321,12,12,12,false,false,false,0,false,false,3.1872536341494757,0.4825692732512599,3.1872536341494757,0.4825692732512599
Ampicillin,T..K........D,3.1,3.0595832380716868,0.17609125905568124,3.5628952241841625,74,0,10,false,true,false,1,false,false,2.2661899071038434,1.8274887161814948,3.3112392311279244,0.355895318432601
Ampicillin,T..K........D,12.2,2.6184914304079205,3.282343725743247,4.387471026993816,8,26,53,true,false,false,1,false,false,3.429435394381661,0.8936157857387167,3.8349073763685313,0.7814430087886658
Ampicillin,T..K........D,48.8,2.7054444488563463,3.13449287070855,4.199412629023975,6,13,41,true,false,false,1,false,false,3.346449982862957,0.7692071202757882,3.6669527498662626,0.7530119825243763
Ampicillin,T..K........D,195.0,3.639600153754885,3.5993472467493492,4.676267036564124,56,34,107,false,false,false,0,false,false,3.9717381456894523,0.6104717787813128,3.9717381456894523,0.6104717787813128
Ampicillin,T..K........D,781.0,4.112361036111777,4.377024795946111,5.079808266225208,121,176,188,false,false,false,0,false,false,4.523064699427699,0.49998427557296354,4.523064699427699,0.49998427557296354
Ampicillin,.K.KS........,0.0,3.2560709478401506,3.056243082052651,3.1312457837167176,289,209,247,false,false,false,0,false,false,3.1478532712031733,0.10094379855521737,3.1478532712031733,0.10094379855521737
Ampicillin,.K.KS........,3.1,3.2098395947179004,3.232245782143436,3.086502477051825,394,380,241,false,false,false,0,false,false,3.1761959513043876,0.07848056320744856,3.1761959513043876,0.07848056320744856
Ampicillin,.K.KS........,12.2,3.3479874647430523,3.247644773168833,3.3472541103040068,290,356,388,false,false,false,0,false,false,3.314295449405298,0.05772234345785696,3.314295449405298,0.05772234345785696
Ampicillin,.K.KS........,48.8,3.4979138103571468,3.418850392206524,3.3232636997507594,408,513,397,false,false,false,0,false,false,3.41334263410481,0.08745522759210042,3.41334263410481,0.08745522759210042
Ampicillin,.K.KS........,195.0,3.7642480197885995,3.564870210065641,3.557755389584842,724,617,640,false,false,false,0,false,false,3.6289578731463608,0.11721869732033939,3.6289578731463608,0.11721869732033939
Ampicillin,.K.KS........,781.0,4.343644679454955,4.206986374602669,4.237958409647503,1861,1893,1990,false,false,false,0,false,false,4.262863154568376,0.07165233988471928,4.262863154568376,0.07165233988471928
Ampicillin,.K.KH........,0.0,3.132445001441713,3.185894503718554,3.149196766745664,238,204,230,false,false,false,0,false,false,3.155845423968644,0.027337991981160936,3.155845423968644,0.027337991981160936
Ampicillin,.K.KH........,3.1,3.130657383802913,3.3125000945873295,3.1144174555736726,207,292,205,false,false,false,0,false,false,3.185858311321305,0.10997517796676563,3.185858311321305,0.10997517796676563
Ampicillin,.K.KH........,12.2,3.2243577428119026,3.383896667367767,3.3793244808214835,283,328,355,false,false,false,0,false,false,3.329192963667051,0.09081874185026079,3.329192963667051,0.09081874185026079
Ampicillin,.K.KH........,48.8,3.5063977313738337,3.6311581742628976,3.5492858032907386,462,594,566,false,false,false,0,false,false,3.5622805696424895,0.06338722262310675,3.5622805696424895,0.06338722262310675
Ampicillin,.K.KH........,195.0,3.6993316161883634,3.85992323989106,3.725399420449272,719,825,775,false,false,false,0,false,false,3.761551425509565,0.08618377459404251,3.761551425509565,0.08618377459404251
Ampicillin,.K.KH........,781.0,4.243338066710912,4.392492167780979,4.259830174926889,1584,1890,1785,false,false,false,0,false,false,4.298553469806261,0.0817701451707223,4.298553469806261,0.0817701451707223
Ampicillin,....H...K.M..,0.0,3.0169296053680554,3.2263226334793935,3.0272414083121073,176,240,165,false,false,false,0,false,false,3.0901645490531853,0.1180290273023973,3.0901645490531853,0.1180290273023973
Ampicillin,....H...K.M..,3.1,3.2257284120991185,3.1950974536495065,3.1402632675746758,1180,281,1050,false,false,false,0,false,false,3.1870297111077672,0.04329998942766404,3.1870297111077672,0.04329998942766404
Ampicillin,....H...K.M..,12.2,3.353672671021921,3.3120838021178245,3.203108822925738,309,307,230,false,false,false,0,false,false,3.2896217653551614,0.07775458449524407,3.2896217653551614,0.07775458449524407
Ampicillin,....H...K.M..,48.8,3.476231755638731,3.4549432208044184,3.589054758862234,417,429,568,false,false,false,0,false,false,3.5067432451017946,0.07207419373117675,3.5067432451017946,0.07207419373117675
Ampicillin,....H...K.M..,195.0,3.6395525797684565,3.6617042388859407,3.647810230844894,564,624,605,false,false,false,0,false,false,3.6496890164997637,0.011194703080788387,3.6496890164997637,0.011194703080788387
Ampicillin,....H...K.M..,781.0,4.2761590631678885,4.2210295813655545,4.250097552228454,1627,1505,1568,false,false,false,0,false,false,4.249095398920633,0.0275784005045208,4.249095398920633,0.0275784005045208
Ampicillin,.K..S.T.K....,0.0,3.264269069900466,3.23329597529289,3.150641774035933,400,392,420,false,false,false,0,false,false,3.216068939743096,0.058739838753157324,3.216068939743096,0.058739838753157324
Ampicillin,.K..S.T.K....,3.1,3.25536575584899,3.3758297483392683,3.257107512448139,355,660,463,false,false,false,0,false,false,3.296101005545466,0.06905260856494064,3.296101005545466,0.06905260856494064
Ampicillin,.K..S.T.K....,12.2,3.3252720852092734,3.2912303478574683,3.2824106169371126,463,458,509,false,false,false,0,false,false,3.2996376833346184,0.022633798465577306,3.2996376833346184,0.022633798465577306
Ampicillin,.K..S.T.K....,48.8,3.5254980245896554,3.508610724487557,3.570575888091644,637,761,1014,false,false,false,0,false,false,3.5348948790562855,0.03203351417688334,3.5348948790562855,0.03203351417688334
Ampicillin,.K..S.T.K....,195.0,3.7871811650435903,3.6726247483555197,3.6995115005510333,1142,920,1210,false,false,false,0,false,false,3.7197724713167144,0.05990553691753838,3.7197724713167144,0.05990553691753838
Ampicillin,.K..S.T.K....,781.0,3.610951036366886,3.7459820847780616,3.7202275435475296,679,791,974,false,false,false,0,false,false,3.692386888230826,0.07169150978395523,3.692386888230826,0.07169150978395523
Ampicillin,.K.KST..K.M..,0.0,3.3347440005251627,3.062249503989062,3.185925047650231,217,197,244,false,false,false,0,false,false,3.1943061840548186,0.13644044578566128,3.1943061840548186,0.13644044578566128
Ampicillin,.K.KST..K.M..,3.1,3.4059479258216157,3.095822565006251,3.278528238223411,246,286,259,false,false,false,0,false,false,3.260099576350426,0.15588183517984577,3.260099576350426,0.15588183517984577
Ampicillin,.K.KST..K.M..,12.2,3.577221675455794,3.245889674019917,3.2828446099699833,330,316,258,false,false,false,0,false,false,3.3686519864818982,0.18156927931720496,3.3686519864818982,0.18156927931720496
Ampicillin,.K.KST..K.M..,48.8,3.688331613314975,3.4978474665908688,3.474490901456215,410,555,427,false,false,false,0,false,false,3.5535566604540194,0.11730131381500769,3.5535566604540194,0.11730131381500769
Ampicillin,.K.KST..K.M..,195.0,3.9169673775118827,3.7437203638041616,3.7642958417509926,637,809,742,false,false,false,0,false,false,3.8083278610223457,0.09464536956711316,3.8083278610223457,0.09464536956711316
Ampicillin,.K.KST..K.M..,781.0,4.451088541225115,4.232575775827888,4.25564642083502,1543,1682,1594,false,false,false,0,false,false,4.3131035792960075,0.12005395018155038,4.3131035792960075,0.12005395018155038
Ampicillin,...KHT.S.....,0.0,3.2388303629200728,3.2575960133622397,3.188142874657353,274,271,245,false,false,false,0,false,false,3.2281897503132218,0.035928423239503175,3.2281897503132218,0.035928423239503175
Ampicillin,...KHT.S.....,3.1,3.373473303424582,3.363758414895021,3.2743352845267473,333,425,277,false,false,false,0,false,false,3.3371890009487832,0.05464921788856405,3.3371890009487832,0.05464921788856405
Ampicillin,...KHT.S.....,12.2,3.4582418336768495,3.328055159914384,3.415067164906686,419,321,392,false,false,false,0,false,false,3.4004547194993067,0.06631202890065568,3.4004547194993067,0.06631202890065568
Ampicillin,...KHT.S.....,48.8,3.603511912320648,3.6144727896416775,3.599742775088975,544,704,652,false,false,false,0,false,false,3.6059091590171004,0.007652021038486732,3.6059091590171004,0.007652021038486732
Ampicillin,...KHT.S.....,195.0,3.8795339096328374,3.875638634573282,3.8531976538718262,1050,1016,955,false,false,false,0,false,false,3.869456732692649,0.014214834681545972,3.869456732692649,0.014214834681545972
Ampicillin,...KHT.S.....,781.0,3.4832898945209485,3.713145131691008,3.5256251919872126,358,558,426,false,false,false,0,false,false,3.574020072733056,0.12233113207777233,3.574020072733056,0.12233113207777233
Ampicillin,....S........,0.0,3.1829754227232634,3.125397246722711,3.0065649195553275,298,221,192,false,false,false,0,false,false,3.104979196333767,0.08996020783243651,3.104979196333767,0.08996020783243651
Ampicillin,....S........,3.1,3.173780559876669,3.2128330974587054,3.149799672522495,276,271,251,false,false,false,0,false,false,3.1788044432859563,0.03181560494756949,3.1788044432859563,0.03181560494756949
Ampicillin,....S........,12.2,3.5175435613006116,3.2837643932978335,3.352249170745531,572,326,371,false,false,false,0,false,false,3.3845190417813256,0.12018395600294526,3.3845190417813256,0.12018395600294526
Ampicillin,....S........,48.8,3.516348007017237,3.570425620998367,3.4505629918953433,517,592,498,false,false,false,0,false,false,3.5124455399703156,0.06002653080648166,3.5124455399703156,0.06002653080648166
Ampicillin,....S........,195.0,3.7534256547133453,3.7711016982203875,3.734160122223047,869,842,837,false,false,false,0,false,false,3.75289582505226,0.018476486378479734,3.75289582505226,0.018476486378479734
Ampicillin,....S........,781.0,4.358903402275309,4.349336000139722,4.189193262169149,2312,2119,1648,false,false,false,0,false,false,4.29914422152806,0.09534041060255968,4.29914422152806,0.09534041060255968
Ampicillin,.K.KS..S.....,0.0,3.1130765731986876,3.120376386796412,3.3444889650909615,210,174,215,false,false,false,0,false,false,3.192647308362021,0.13154937612274173,3.192647308362021,0.13154937612274173
Ampicillin,.K.KS..S.....,3.1,3.144849520820525,3.1809646803710185,3.4711687566248677,223,240,236,false,false,false,0,false,false,3.2656609859388035,0.17888867780439952,3.2656609859388035,0.17888867780439952
Ampicillin,.K.KS..S.....,12.2,3.232067068736877,3.3255095727457133,3.427435369080052,261,275,219,false,false,false,0,false,false,3.3283373368542137,0.09771484217934986,3.3283373368542137,0.09771484217934986
Ampicillin,.K.KS..S.....,48.8,3.3928341108848072,3.325434266596081,3.5124226683296933,334,301,309,false,false,false,0,false,false,3.4102303486035273,0.09470025032066884,3.4102303486035273,0.09470025032066884
Ampicillin,.K.KS..S.....,195.0,3.5051900844097945,3.595101947593507,3.8087291499733085,470,456,502,false,false,false,0,false,false,3.636340393992203,0.15591487477731694,3.636340393992203,0.15591487477731694
Ampicillin,.K.KS..S.....,781.0,3.807065939747744,3.8967090461162774,4.093934124379718,617,640,675,false,false,false,0,false,false,3.9325697034145803,0.1467577217556568,3.9325697034145803,0.1467577217556568
Ampicillin,...........Q.,0.0,3.098845061984987,3.1066427930937905,3.2408996577706035,329,306,366,false,false,false,0,false,false,3.14879583761646,0.07985947919847305,3.14879583761646,0.07985947919847305
Ampicillin,...........Q.,3.1,3.1021938953764634,3.1113193171654534,3.2129277052612784,310,384,434,false,false,false,0,false,false,3.142146972601065,0.06146749073814697,3.142146972601065,0.06146749073814697
Ampicillin,...........Q.,12.2,3.2886542101613947,3.303274101027828,3.308976142536833,431,509,404,false,false,false,0,false,false,3.300301484575352,0.010482011748615799,3.300301484575352,0.010482011748615799
Ampicillin,...........Q.,48.8,3.4548410297891006,3.4081766307028167,3.5337139532444715,580,656,720,false,false,false,0,false,false,3.4655772045787963,0.06345355722548607,3.4655772045787963,0.06345355722548607
Ampicillin,...........Q.,195.0,3.722842204723522,3.669158872111592,3.711071615256404,1098,1086,948,false,false,false,0,false,false,3.7010242306971732,0.028216794687589586,3.7010242306971732,0.028216794687589586
Ampicillin,...........Q.,781.0,4.218352958863303,4.1966844963178564,4.293477847405295,2066,2491,2374,false,false,false,0,false,false,4.236171767528819,0.050797348950291615,4.236171767528819,0.050797348950291615
Ampicillin,.K.......C...,0.0,3.1108175126206348,3.2295912504093027,3.0671329921753347,230,302,273,false,false,false,0,false,false,3.135847251735091,0.08407162004628524,3.135847251735091,0.08407162004628524
Ampicillin,.K.......C...,3.1,3.1782823252363217,3.233409249444405,3.0662209063576564,245,330,239,false,false,false,0,false,false,3.159304160346128,0.08519456304819363,3.159304160346128,0.08519456304819363
Ampicillin,.K.......C...,12.2,3.337845747957299,3.3144319245117426,3.2574340837304625,362,329,353,false,false,false,0,false,false,3.3032372520665017,0.04135818485257246,3.3032372520665017,0.04135818485257246
Ampicillin,.K.......C...,48.8,3.501543528497268,3.534065391974308,3.463067097764682,484,563,604,false,false,false,0,false,false,3.4995586727454193,0.03554073978458946,3.4995586727454193,0.03554073978458946
Ampicillin,.K.......C...,195.0,3.6328902347896705,3.6656024071530036,3.606705451807886,662,683,775,false,false,false,0,false,false,3.6350660312501866,0.029508700495097843,3.6350660312501866,0.029508700495097843
Ampicillin,.K.......C...,781.0,2.3119523965289854,2.699110571479606,2.4106017400088193,74,110,93,false,false,false,0,false,false,2.4738882360058034,0.2011883409630291,2.4738882360058034,0.2011883409630291
Ampicillin,....H...K.M.D,0.0,3.3669504427233186,3.2742123554363234,3.2173481296083284,263,273,255,false,false,false,0,false,false,3.28617030925599,0.07551461790278655,3.28617030925599,0.07551461790278655
Ampicillin,....H...K.M.D,3.1,3.573238335956414,3.305408375305913,3.2484387117524918,570,337,344,false,false,false,0,false,false,3.3756951410049396,0.17343261240341942,3.3756951410049396,0.17343261240341942
Ampicillin,....H...K.M.D,12.2,3.6321807498168748,3.451749102449974,3.3967171831645704,399,407,369,false,false,false,0,false,false,3.493549011810473,0.12317141357500737,3.493549011810473,0.12317141357500737
Ampicillin,....H...K.M.D,48.8,3.90038344980464,3.636019444184921,3.599267793718518,676,613,636,false,false,false,0,false,false,3.711890229236026,0.16427093961881148,3.711890229236026,0.16427093961881148
Ampicillin,....H...K.M.D,195.0,4.1026031254384625,3.890047682308903,3.9093415169983365,1035,932,1144,false,false,false,0,false,false,3.9673307749152342,0.11754581926344798,3.9673307749152342,0.11754581926344798
Ampicillin,....H...K.M.D,781.0,4.675923965492359,4.452487032395529,4.444568455134694,2644,2332,2606,false,false,false,0,false,false,4.52432648434086,0.13134695727373424,4.52432648434086,0.13134695727373424
Ampicillin,..VK.T..K...D,0.0,3.2460555482739335,3.38103925742249,3.3861683287197124,240,254,237,false,false,false,0,false,false,3.337754378138712,0.07945491420938157,3.337754378138712,0.07945491420938157
Ampicillin,..VK.T..K...D,3.1,3.2548939374613344,3.499717212202908,3.5728107439379486,239,392,396,false,false,false,0,false,false,3.4424739645340634,0.16650935713295437,3.4424739645340634,0.16650935713295437
Ampicillin,..VK.T..K...D,12.2,3.4454612356413,3.555551942543439,3.7075579579275666,376,369,455,false,false,false,0,false,false,3.5695237120374355,0.13160577766722892,3.5695237120374355,0.13160577766722892
Ampicillin,..VK.T..K...D,48.8,3.688961472168777,3.724072317420541,3.7177559117378,529,581,478,false,false,false,0,false,false,3.7102632337757058,0.018716250448636007,3.7102632337757058,0.018716250448636007
Ampicillin,..VK.T..K...D,195.0,3.926324091123688,4.054691013050358,3.9663807606899297,860,1112,760,false,false,false,0,false,false,3.982465288287992,0.06567762695371679,3.982465288287992,0.06567762695371679
Ampicillin,..VK.T..K...D,781.0,4.318668032327522,4.576903306649053,4.574155646748651,1448,2457,2104,false,false,false,0,false,false,4.489908995241742,0.14830538743947952,4.489908995241742,0.14830538743947952
Ampicillin,.K.KNT....M.D,0.0,3.1955195770611655,3.5215523877349573,3.36013235016665,276,277,306,false,false,false,0,false,false,3.359068104987591,0.16301901076964612,3.359068104987591,0.16301901076964612
Ampicillin,.K.KNT....M.D,3.1,3.2506480649549045,3.487156845741003,3.40478316684433,303,340,311,false,false,false,0,false,false,3.3808626925134124,0.12005516509669116,3.3808626925134124,0.12005516509669116
Ampicillin,.K.KNT....M.D,12.2,3.3505428404856996,3.6139220669275547,3.51920348538739,323,366,406,false,false,false,0,false,false,3.494556130933548,0.13340829543719343,3.494556130933548,0.13340829543719343
Ampicillin,.K.KNT....M.D,48.8,3.5711881499954927,3.787626992882033,3.5742525337174182,528,573,518,false,false,false,0,false,false,3.644355892198315,0.12408587280686677,3.644355892198315,0.12408587280686677
Ampicillin,.K.KNT....M.D,195.0,3.8489143154237477,4.089436799540843,3.905243203226689,1024,1008,909,false,false,false,0,false,false,3.947864772730427,0.12579831072667907,3.947864772730427,0.12579831072667907
Ampicillin,.K.KNT....M.D,781.0,4.270981165880409,4.564518894461825,4.552179452911806,1675,1945,2727,false,false,false,0,false,false,4.462559837751346,0.16602667283095174,4.462559837751346,0.16602667283095174
Ampicillin,.K..S........,0.0,3.12906409685063,3.089466765140553,3.266092893946235,256,229,336,false,false,false,0,false,false,3.161541251979139,0.09268371781575918,3.161541251979139,0.09268371781575918
Ampicillin,.K..S........,3.1,3.1202503141815856,3.2482892745068646,3.226897438437465,1321,410,846,false,false,false,0,false,false,3.1984790090419715,0.06858716488727734,3.1984790090419715,0.06858716488727734
Ampicillin,.K..S........,12.2,3.2773142060526212,3.3754429801198063,3.335923598382547,336,470,367,false,false,false,0,false,false,3.3295602615183246,0.04937289860862775,3.3295602615183246,0.04937289860862775
Ampicillin,.K..S........,48.8,3.5287220527847243,3.4408765043445313,3.5331372785402264,526,557,624,false,false,false,0,false,false,3.500911945223161,0.05203906393985737,3.500911945223161,0.05203906393985737
Ampicillin,.K..S........,195.0,3.738559790629272,3.7565173893638564,3.697422630496735,910,1008,806,false,false,false,0,false,false,3.730833270163288,0.03029557674437416,3.730833270163288,0.03029557674437416
Ampicillin,.K..S........,781.0,4.283965093788014,4.26962101897305,4.337461113297021,2037,2208,2399,false,false,false,0,false,false,4.2970157420193615,0.03575344967852903,4.2970157420193615,0.03575344967852903
Ampicillin,...K.T.......,0.0,3.011415890137245,3.1453415070483652,3.0334978585437655,242,226,221,false,false,false,0,false,false,3.063418418576459,0.07180144602136168,3.063418418576459,0.07180144602136168
Ampicillin,...K.T.......,3.1,3.0599241046985286,3.0995900880915785,3.19372347221827,1097,246,1895,false,false,false,0,false,false,3.1177458883361258,0.06872257634184448,3.1177458883361258,0.06872257634184448
Ampicillin,...K.T.......,12.2,3.045426318119127,3.234687563577322,3.302746012646972,247,293,354,false,false,false,0,false,false,3.1942866314478073,0.13333241460978684,3.1942866314478073,0.13333241460978684
Ampicillin,...K.T.......,48.8,3.2796855248229786,3.5057919904458856,3.4016364357032525,342,558,517,false,false,false,0,false,false,3.395704650324039,0.11316988560328008,3.395704650324039,0.11316988560328008
Ampicillin,...K.T.......,195.0,3.624334842276034,3.6708704043679794,3.7650402397159803,735,714,964,false,false,false,0,false,false,3.686748495453331,0.0716839420621478,3.686748495453331,0.0716839420621478
Ampicillin,...K.T.......,781.0,4.1853742103546505,4.1944301095253005,4.3293027802879385,1764,1614,2362,false,false,false,0,false,false,4.236369033389297,0.08061025562490719,4.236369033389297,0.08061025562490719
Ampicillin,..L..........,0.0,3.006911275158326,3.1814233130867207,3.2230108603194916,338,447,404,false,false,false,0,false,false,3.137115149521513,0.11466109931270445,3.137115149521513,0.11466109931270445
Ampicillin,..L..........,3.1,3.184561692396462,3.070083543900544,3.2518418873881547,1945,470,2815,false,false,false,0,false,false,3.168829041228387,0.09189483713148587,3.168829041228387,0.09189483713148587
Ampicillin,..L..........,12.2,3.288234967606847,3.2894916589543737,3.2278866093727814,587,580,391,false,false,false,0,false,false,3.2685377453113342,0.03521052340006827,3.2685377453113342,0.03521052340006827
Ampicillin,..L..........,48.8,3.4110914028039816,3.4319484544201195,3.5363930413761246,735,796,816,false,false,false,0,false,false,3.459810966200075,0.06713691107901912,3.459810966200075,0.06713691107901912
Ampicillin,..L..........,195.0,3.613266228531629,3.6405627111274224,3.8078811062521227,1085,1164,1273,false,false,false,0,false,false,3.6872366819703912,0.10536879197954402,3.6872366819703912,0.10536879197954402
Ampicillin,..L..........,781.0,4.131772448991354,4.221430876939224,4.344907373968112,2357,2887,3123,false,false,false,0,false,false,4.232703566632897,0.10701368702605005,4.232703566632897,0.10701368702605005
Ampicillin,.K.KNT..K....,0.0,3.0310506131107413,2.9238826769473194,3.1490467118652035,331,275,345,false,false,false,0,false,false,3.034660000641088,0.11262540305758598,3.034660000641088,0.11262540305758598
Ampicillin,.K.KNT..K....,3.1,3.085588805935978,3.065088928936933,3.155548049807575,954,457,415,false,false,false,0,false,false,3.1020752615601617,0.047429585191718644,3.1020752615601617,0.047429585191718644
Ampicillin,.K.KNT..K....,12.2,3.199034302422381,2.982537439005292,3.2129185611273052,443,319,368,false,false,false,0,false,false,3.131496767518326,0.12918921906736971,3.131496767518326,0.12918921906736971
Ampicillin,.K.KNT..K....,48.8,3.358618395595475,3.306347385991991,3.4582660072837674,529,685,690,false,false,false,0,false,false,3.3744105962904114,0.07718071051687984,3.3744105962904114,0.07718071051687984
Ampicillin,.K.KNT..K....,195.0,3.617359778161122,3.4855297640150202,3.6244520846117028,975,912,888,false,false,false,0,false,false,3.575780542262615,0.07823987112348561,3.575780542262615,0.07823987112348561
Ampicillin,.K.KNT..K....,781.0,4.137877616733235,3.9766436589739675,4.26245012289412,2100,1858,2682,false,false,false,0,false,false,4.125657132867108,0.1432945877347678,4.125657132867108,0.1432945877347678
Ampicillin,.......SK.M..,0.0,3.140492199969478,3.322966733144235,3.3411314789509676,155,220,203,false,false,false,0,false,false,3.26819680402156,0.11096773819281953,3.26819680402156,0.11096773819281953
Ampicillin,.......SK.M..,3.1,3.1206574676609655,3.278185724896479,3.4880590267967535,158,266,239,false,false,false,0,false,false,3.295634073118066,0.1843212143395282,3.295634073118066,0.1843212143395282
Ampicillin,.......SK.M..,12.2,3.271043403979892,3.4005355311862733,3.550681765242978,217,272,276,false,false,false,0,false,false,3.4074202334697143,0.13994624902663436,3.4074202334697143,0.13994624902663436
Ampicillin,.......SK.M..,48.8,3.5160338245448495,3.5119946834260936,3.6057697730626166,322,369,322,false,false,false,0,false,false,3.5445994270111867,0.05301355574080165,3.5445994270111867,0.05301355574080165
Ampicillin,.......SK.M..,195.0,3.763550564448523,3.839500025786566,3.95407168958555,527,641,666,false,false,false,0,false,false,3.8523740932735464,0.0959107970518135,3.8523740932735464,0.0959107970518135
Ampicillin,.......SK.M..,781.0,4.308642686906015,4.369965969006995,4.418575089745827,1252,1516,1323,false,false,false,0,false,false,4.365727915219613,0.05508860248238542,4.365727915219613,0.05508860248238542
Ampicillin,..L........Q.,0.0,3.091485693732373,3.099647345896361,2.991390079164267,295,273,223,false,false,false,0,false,false,3.060841039597667,0.06028457572507861,3.060841039597667,0.06028457572507861
Ampicillin,..L........Q.,3.1,3.186138055823653,3.177637262406679,3.210975710469978,327,369,335,false,false,false,0,false,false,3.1915836762334364,0.017323513386519204,3.1915836762334364,0.017323513386519204
Ampicillin,..L........Q.,12.2,3.1560577598458113,3.1296202282084207,3.3395820145661257,332,283,422,false,false,false,0,false,false,3.2084200008734527,0.11435620292186709,3.2084200008734527,0.11435620292186709
Ampicillin,..L........Q.,48.8,3.425920067980673,3.3544349346623763,3.383567068137003,478,488,519,false,false,false,0,false,false,3.387974023593351,0.03594575098226972,3.387974023593351,0.03594575098226972
Ampicillin,..L........Q.,195.0,3.6536757426990003,3.6909835689063057,3.617331385689362,811,939,793,false,false,false,0,false,false,3.653996899098223,0.03682714188245049,3.653996899098223,0.03682714188245049
Ampicillin,..L........Q.,781.0,3.9669415466536853,3.930574495482365,3.9595547355604404,1143,1125,1259,false,false,false,0,false,false,3.95235692589883,0.019222303469353885,3.95235692589883,0.019222303469353885
Ampicillin,......T......,0.0,3.0544982519122694,3.222037094780618,3.1766764055401,239,300,325,false,false,false,0,false,false,3.151070584077662,0.08665482985379956,3.151070584077662,0.08665482985379956
Ampicillin,......T......,3.1,3.1771406496716654,3.2218365729821414,3.145054057441967,296,371,861,false,false,false,0,false,false,3.181343760031925,0.03856343184539809,3.181343760031925,0.03856343184539809
Ampicillin,......T......,12.2,3.1924860140469105,3.3600764537513315,3.196303292312821,326,433,311,false,false,false,0,false,false,3.2496219200370207,0.09567547186648293,3.2496219200370207,0.09567547186648293
Ampicillin,......T......,48.8,3.5735082989317455,3.4978029736157055,3.432979405957235,620,566,632,false,false,false,0,false,false,3.5014302261682286,0.07033462988436208,3.5014302261682286,0.07033462988436208
Ampicillin,......T......,195.0,3.6598287433472683,3.7751753100291388,3.638541715540158,797,945,843,false,false,false,0,false,false,3.691181922972188,0.07351497255790275,3.691181922972188,0.07351497255790275
Ampicillin,......T......,781.0,3.7822814979110713,3.791679677701529,3.680886296729403,731,765,701,false,false,false,0,false,false,3.751615824114001,0.06143354929417559,3.751615824114001,0.06143354929417559
Ampicillin,....ST.......,0.0,3.0178069249850727,3.0891580319817153,3.066830100551952,355,368,414,false,false,false,0,false,false,3.05793168583958,0.03649837606944457,3.05793168583958,0.03649837606944457
Ampicillin,....ST.......,3.1,3.1300653567064276,3.270089709070712,3.24863710458173,3439,653,4189,false,false,false,0,false,false,3.21626405678629,0.07541694425945474,3.21626405678629,0.07541694425945474
Ampicillin,....ST.......,12.2,3.2442938800091246,3.330191207517013,3.3242320740605074,531,672,680,false,false,false,0,false,false,3.2995723871955485,0.04796522527266748,3.2995723871955485,0.04796522527266748
Ampicillin,....ST.......,48.8,3.4698845767662982,3.5369962221857123,3.412658201852457,814,1029,900,false,false,false,0,false,false,3.4731796669348225,0.06223446825925554,3.4731796669348225,0.06223446825925554
Ampicillin,....ST.......,195.0,3.6898793082849695,3.7679005867538202,3.7332913713150067,1354,1576,1668,false,false,false,0,false,false,3.730357088784599,0.03909331763811664,3.730357088784599,0.03909331763811664
Ampicillin,....ST.......,781.0,4.267386034417495,4.327551938834398,4.2771778849354085,3280,3711,3911,false,false,false,0,false,false,4.290705286062434,0.03228353991610246,4.290705286062434,0.03228353991610246
Ampicillin,.K.KST..K....,0.0,3.2017670717372817,3.149173358300832,3.2008956851227692,342,335,315,false,false,false,0,false,false,3.1839453717202937,0.030116598688936336,3.1839453717202937,0.030116598688936336
Ampicillin,.K.KST..K....,3.1,3.3300294620707067,3.287943637876012,3.2210780804775134,745,525,301,false,false,false,0,false,false,3.279683726808077,0.054943338867455484,3.279683726808077,0.054943338867455484
Ampicillin,.K.KST..K....,12.2,3.367320730150269,3.395529146501941,3.418137065132404,460,607,472,false,false,false,0,false,false,3.3936623139282047,0.025459551707520588,3.3936623139282047,0.025459551707520588
Ampicillin,.K.KST..K....,48.8,3.567802374279731,3.5214654092807915,3.7385735802130564,664,784,1075,false,false,false,0,false,false,3.609280454591193,0.11434296144114621,3.609280454591193,0.11434296144114621
Ampicillin,.K.KST..K....,195.0,3.9239382128053664,3.847963438702103,3.8921199559930755,1489,1489,1330,false,false,false,0,false,false,3.888007202500182,0.03815399888583702,3.888007202500182,0.03815399888583702
Ampicillin,.K.KST..K....,781.0,4.425467094529032,4.261387147351739,4.502961073495734,3102,2663,3629,false,false,false,0,false,false,4.396605105125501,0.123346063060007,4.396605105125501,0.123346063060007
Ampicillin,..V........L.,0.0,3.0975738768415635,3.1601948566738876,3.08871494368337,305,320,329,false,false,false,0,false,false,3.115494559066274,0.038964183923601826,3.115494559066274,0.038964183923601826
Ampicillin,..V........L.,3.1,3.1928631541594923,3.257504622062656,3.189982428530825,357,523,362,false,false,false,0,false,false,3.213450068250991,0.03817954201788664,3.213450068250991,0.03817954201788664
Ampicillin,..V........L.,12.2,3.3009898764848407,3.457292704300579,3.3563653285131445,436,656,529,false,false,false,0,false,false,3.371549303099521,0.07924997355822204,3.371549303099521,0.07924997355822204
Ampicillin,..V........L.,48.8,3.490250646347518,3.5047057026415103,3.484302793749464,579,727,777,false,false,false,0,false,false,3.4930863809128305,0.010492888816144406,3.4930863809128305,0.010492888816144406
Ampicillin,..V........L.,195.0,3.7643894396465436,3.7135817001542386,3.7380347538743552,1046,1088,1184,false,false,false,0,false,false,3.738668631225046,0.025409800244222132,3.738668631225046,0.025409800244222132
Ampicillin,..V........L.,781.0,4.153100813963838,4.104502085776987,4.106172492882645,1846,1825,2020,false,false,false,0,false,false,4.121258464207823,0.02758892882050563,4.121258464207823,0.02758892882050563
Aztreonam,.K..H...K....,0.0,3.1047719706971737,3.155306306161316,3.41026280326925,240,230,300,false,false,false,0,false,false,3.2234470267092465,0.16374837569877906,3.2234470267092465,0.16374837569877906
Aztreonam,.K..H...K....,0.44,3.742265167786903,3.719782677479125,3.847977118270079,1116,850,895,false,false,false,0,false,false,3.770008321178702,0.06845228690494573,3.770008321178702,0.06845228690494573
Aztreonam,.K..H...K....,1.33,3.942440803306517,4.00079290022579,4.106220780384513,1802,1780,1573,false,false,false,0,false,false,4.016484827972273,0.08300992513078109,4.016484827972273,0.08300992513078109
Aztreonam,.K..H...K....,4.0,4.088400279703903,4.203994390679269,4.302023101684858,2690,2751,2646,false,false,false,0,false,false,4.19813925735601,0.10693170464110063,4.19813925735601,0.10693170464110063
Aztreonam,.K..H...K....,12.0,4.529909961773325,4.525911202341268,4.674174544442449,7189,5977,6270,false,false,false,0,false,false,4.576665236185681,0.0844692039549562,4.576665236185681,0.0844692039549562
Aztreonam,.K..H...K....,36.0,4.773338882132714,4.628262749981633,4.804695944257237,14230,7799,9104,false,false,false,0,false,false,4.7354325254571945,0.09412670671962363,4.7354325254571945,0.09412670671962363
Aztreonam,.K..H...K....,108.0,3.332458895932382,3.8780255863567064,3.5339122660441857,902,2154,864,false,false,false,0,false,false,3.5814655827777577,0.2758745038498669,3.5814655827777577,0.2758745038498669
Aztreonam,.K..H...K....,324.0,1.973287021538265,2.0643299291076644,2.2530924652637436,198,188,164,false,false,false,0,false,false,2.096903138636558,0.14271836626329104,2.096903138636558,0.14271836626329104
Aztreonam,.KV..........,0.0,3.163615893745781,3.343090792836189,3.267520844955595,320,347,317,false,false,false,0,false,false,3.258075843845855,0.09010946612509842,3.258075843845855,0.09010946612509842
Aztreonam,.KV..........,0.44,2.6721320219698073,2.4694759903680286,2.8903323677067956,141,63,169,false,false,false,0,false,false,2.677313460014877,0.21047602728538667,2.677313460014877,0.21047602728538667
Aztreonam,.KV..........,1.33,2.589784604387461,2.787108299749047,2.610773766796019,119,166,85,false,false,false,0,false,false,2.662555556977509,0.10837516105449567,2.662555556977509,0.10837516105449567
Aztreonam,.KV..........,4.0,2.3425180598356725,2.7479288589296775,2.825329995727316,117,141,162,false,false,false,0,false,false,2.6385923048308886,0.25931197987464283,2.6385923048308886,0.25931197987464283
Aztreonam,.KV..........,12.0,2.8302834062630136,2.8353936462262093,2.3746511800230077,242,163,131,false,false,false,0,false,false,2.68010941083741,0.26454692724981504,2.68010941083741,0.26454692724981504
Aztreonam,.KV..........,36.0,2.1318336905294943,2.369883773758491,2.7501592427939667,156,127,179,false,false,false,0,false,false,2.4172922356939837,0.3118770492407353,2.4172922356939837,0.3118770492407353
Aztreonam,.KV..........,108.0,1.9398605057047367,2.073242411774033,2.1550748472822443,150,145,118,false,false,false,0,false,false,2.056059254920338,0.10863125178673975,2.056059254920338,0.10863125178673975
Aztreonam,.KV..........,324.0,1.9578286772575826,1.9907542204153694,2.131481388882077,243,159,196,false,false,false,0,false,false,2.026688095518343,0.092234747240788,2.026688095518343,0.092234747240788
Aztreonam,.K.KNT..K.M..,0.0,3.2877197149073876,3.2655007314842264,3.1503317723085016,386,390,318,false,false,false,0,false,false,3.234517406233372,0.07374846795418111,3.234517406233372,0.07374846795418111
Aztreonam,.K.KNT..K.M..,0.44,3.7467046506671378,3.881015916317498,3.6747211987612527,1261,1398,1177,false,false,false,0,false,false,3.7674805885819627,0.104704858149387,3.7674805885819627,0.104704858149387
Aztreonam,.K.KNT..K.M..,1.33,3.998698923626619,4.053010117448488,3.9722936676476914,2299,2495,2277,false,false,false,0,false,false,4.008000902907599,0.04115436102066177,4.008000902907599,0.04115436102066177
Aztreonam,.K.KNT..K.M..,4.0,4.264288488123168,4.250737253734816,4.146903707016517,4314,3655,3699,false,false,false,0,false,false,4.220643149624834,0.06421867357319773,4.220643149624834,0.06421867357319773
Aztreonam,.K.KNT..K.M..,12.0,4.590955788784668,4.586247885086581,4.460443050333789,8943,8167,7877,false,false,false,0,false,false,4.545882241401679,0.07402994405684225,4.545882241401679,0.07402994405684225
Aztreonam,.K.KNT..K.M..,36.0,4.996349641218837,4.889504177878734,4.805715150884478,25782,16926,17645,false,false,false,0,false,false,4.897189656660682,0.09554934413349456,4.897189656660682,0.09554934413349456
Aztreonam,.K.KNT..K.M..,108.0,5.422479814315084,5.379695816475708,5.377274455628785,90750,68719,86671,false,false,false,0,false,false,5.393150028806526,0.025429175872829026,5.393150028806526,0.025429175872829026
Aztreonam,.K.KNT..K.M..,324.0,5.536383623998076,5.751368120880382,5.6979430237391995,268781,371499,344739,false,false,false,0,false,false,5.661898256205887,0.111933026515111,5.661898256205887,0.111933026515111
Aztreonam,..LKH........,0.0,3.1126572976101867,3.41698197871498,3.25050130897679,274,349,282,false,false,false,0,false,false,3.2600468617673193,0.15238673192224153,3.2600468617673193,0.15238673192224153
Aztreonam,..LKH........,0.44,3.786540118355292,3.9085068716958817,3.798033171091209,1241,1087,1111,false,false,false,0,false,false,3.831026720380794,0.06734540037117823,3.831026720380794,0.06734540037117823
Aztreonam,..LKH........,1.33,3.9936438634571014,4.003019219013449,3.953656199858214,2109,1641,1400,false,false,false,0,false,false,3.983439760776255,0.026215829162377722,3.983439760776255,0.026215829162377722
Aztreonam,..LKH........,4.0,4.19908669031952,4.262504675113299,4.163330179700766,3500,2605,2537,false,false,false,0,false,false,4.208307181711195,0.050226071230095565,4.208307181711195,0.050226071230095565
Aztreonam,..LKH........,12.0,4.191567359113445,4.277296163519214,4.366275353821678,3527,3000,4248,false,false,false,0,false,false,4.278379625484779,0.08735903657387768,4.278379625484779,0.08735903657387768
Aztreonam,..LKH........,36.0,3.4228585178793742,3.4150567838760204,3.5147485794466413,798,524,819,false,false,false,0,false,false,3.4508879604006784,0.05544231923418201,3.4508879604006784,0.05544231923418201
Aztreonam,..LKH........,108.0,2.1914025653370133,2.2865600477684365,2.3672676003366457,164,192,142,false,false,false,0,false,false,2.2817434044806983,0.08803140163189764,2.2817434044806983,0.08803140163189764
Aztreonam,..LKH........,324.0,1.9449217357950255,2.2095007564442053,2.314816336201118,228,213,194,false,false,false,0,false,false,2.1564129428134495,0.19057607619915493,2.1564129428134495,0.19057607619915493
Aztreonam,..LKNT..K....,0.0,3.354871997758913,3.1388680800307207,3.1440462438357333,406,412,336,false,false,false,0,false,false,3.2125954405417887,0.12324231170854455,3.2125954405417887,0.12324231170854455
Aztreonam,..LKNT..K....,0.44,3.9332909645592213,3.744806105612163,3.6860820462912223,1655,1578,1278,false,false,false,0,false,false,3.7880597054875356,0.12915578866021715,3.7880597054875356,0.12915578866021715
Aztreonam,..LKNT..K....,1.33,4.023697552042168,3.914343847071542,3.983209696142266,2098,2778,2284,false,false,false,0,false,false,3.973750365085325,0.055287135987807115,3.973750365085325,0.055287135987807115
Aztreonam,..LKNT..K....,4.0,4.360712493260169,4.043277563883257,4.167569916075241,4696,3477,3950,false,false,false,0,false,false,4.190519991072889,0.1599570662832046,4.190519991072889,0.1599570662832046
Aztreonam,..LKNT..K....,12.0,4.697128011009145,4.403156566339895,4.457550925714862,10142,8394,7857,false,false,false,0,false,false,4.519278501021301,0.1564049958765401,4.519278501021301,0.1564049958765401
Aztreonam,..LKNT..K....,36.0,5.05630499663329,4.7981651353675785,4.840534906586452,25309,20759,19657,false,false,false,0,false,false,4.89833501286244,0.13843657828661748,4.89833501286244,0.13843657828661748
Aztreonam,..LKNT..K....,108.0,5.431136327161957,5.155175237028385,5.3064300637130035,80641,62956,75407,false,false,false,0,false,false,5.297580542634448,0.13819322101469783,5.297580542634448,0.13819322101469783
Aztreonam,..LKNT..K....,324.0,4.810220750419178,4.760680352962909,4.92106413813422,47195,61852,64616,false,false,false,0,false,false,4.830655080505436,0.08212131891917523,4.830655080505436,0.08212131891917523
Aztreonam,............D,0.0,3.2493734586300165,3.1293204692223777,3.1384037249028514,413,392,313,false,false,false,0,false,false,3.1723658842517484,0.06684497937136018,3.1723658842517484,0.06684497937136018
Aztreonam,............D,0.44,2.55509525799159,2.7407422589453447,2.7585696546202474,130,172,160,false,false,false,0,false,false,2.6848023905190606,0.11268278120685309,2.6848023905190606,0.11268278120685309
Aztreonam,............D,1.33,2.6039689431659703,2.5716230464347136,2.719180761944239,162,138,173,false,false,false,0,false,false,2.631590917181641,0.07755997639239774,2.631590917181641,0.07755997639239774
Aztreonam,............D,4.0,2.5046724253654706,2.4423639694657213,2.9388286007038054,136,131,287,false,false,false,0,false,false,2.6286216651783327,0.27044748668684543,2.6286216651783327,0.27044748668684543
Aztreonam,............D,12.0,2.6468491399104215,2.4170236670001515,2.6437478225909,220,131,162,false,false,false,0,false,false,2.569206876500491,0.13180364745577897,2.569206876500491,0.13180364745577897
Aztreonam,............D,36.0,2.083162900045039,2.361750011993394,2.46664941726283,195,162,180,false,false,false,0,false,false,2.3038541097670877,0.19819038534425998,2.3038541097670877,0.19819038534425998
Aztreonam,............D,108.0,2.143056618667361,2.1367966305512716,2.158254329760923,180,186,172,false,false,false,0,false,false,2.1460358596598517,0.011034723445173939,2.1460358596598517,0.011034723445173939
Aztreonam,............D,324.0,1.9476558510638258,1.9008257404387037,1.9845432591340737,254,209,213,false,false,false,0,false,false,1.9443416168788676,0.04195704762375405,1.9443416168788676,0.04195704762375405
Aztreonam,.K.KST..K..L.,0.0,3.149493791478481,3.1627065769159683,3.122668128933709,231,176,209,false,false,false,0,false,false,3.144956165776053,0.02040127114835064,3.144956165776053,0.02040127114835064
Aztreonam,.K.KST..K..L.,0.44,3.650786542147897,3.915914192036299,3.632360209716494,795,923,733,false,false,false,0,false,false,3.7330203146335634,0.1586584703861516,3.7330203146335634,0.1586584703861516
Aztreonam,.K.KST..K..L.,1.33,3.7605259491633296,4.067281535146544,3.9780262778477424,1125,1655,1540,false,false,false,0,false,false,3.9352779207192055,0.15778248924030847,3.9352779207192055,0.15778248924030847
Aztreonam,.K.KST..K..L.,4.0,4.022849934666125,4.345638588308969,4.112019672499135,2047,2765,2357,false,false,false,0,false,false,4.160169398491409,0.1666941085191325,4.160169398491409,0.1666941085191325
Aztreonam,.K.KST..K..L.,12.0,4.333860600241459,4.626294858794428,4.439161292530613,4152,5583,5065,false,false,false,0,false,false,4.4664389171888335,0.14811313412085467,4.4664389171888335,0.14811313412085467
Aztreonam,.K.KST..K..L.,36.0,4.326451724269664,4.593405112350128,4.508839306288378,4832,5462,6657,false,false,false,0,false,false,4.476232047636057,0.1364311285576873,4.476232047636057,0.1364311285576873
Aztreonam,.K.KST..K..L.,108.0,2.2384010759096817,2.447979187672723,2.2493529956703946,130,160,116,false,false,false,0,false,false,2.3119110864176,0.11796559782831645,2.3119110864176,0.11796559782831645
Aztreonam,.K.KST..K..L.,324.0,1.9988341610710065,2.2395135192486593,2.137378903791739,159,177,131,false,false,false,0,false,false,2.1252421947038016,0.12079781928418919,2.1252421947038016,0.12079781928418919
Aztreonam,.K.K...S..ML.,0.0,3.1269794853048443,3.0810322060101742,3.158319759992117,156,167,145,false,false,false,0,false,false,3.1221104837690454,0.038873151172687755,3.1221104837690454,0.038873151172687755
Aztreonam,.K.K...S..ML.,0.44,3.657498130207506,3.695355135919817,3.7648766600317027,608,690,595,false,false,false,0,false,false,3.705909975386342,0.05446182740162655,3.705909975386342,0.05446182740162655
Aztreonam,.K.K...S..ML.,1.33,3.9867295331856627,3.9365154715349235,4.108066540839627,1344,1433,1185,false,false,false,0,false,false,4.010437181853405,0.08819853626286339,4.010437181853405,0.08819853626286339
Aztreonam,.K.K...S..ML.,4.0,4.006104080274575,4.141365187310302,4.212539847504053,1453,2133,1781,false,false,false,0,false,false,4.120003038362977,0.10486270811704987,4.120003038362977,0.10486270811704987
Aztreonam,.K.K...S..ML.,12.0,3.1800709560702667,3.592573635598074,3.6245698026706625,286,654,496,false,false,false,0,false,false,3.4657381314463342,0.24791175847938318,3.4657381314463342,0.24791175847938318
Aztreonam,.K.K...S..ML.,36.0,2.0836793801097384,2.1821097083882615,2.7787632751331226,65,74,229,false,false,false,0,false,false,2.3481841212103745,0.3761262264531375,2.3481841212103745,0.3761262264531375
Aztreonam,.K.K...S..ML.,108.0,2.0287982433866856,2.0030261568828287,1.8720058243739988,73,74,63,false,false,false,0,false,false,1.9679434082145042,0.08407773251911649,1.9679434082145042,0.08407773251911649
Aztreonam,.K.K...S..ML.,324.0,2.0372949978582495,1.966478769864939,2.0409187279818393,148,114,86,false,false,false,0,false,false,2.014897498568343,0.041970975946986254,2.014897498568343,0.041970975946986254
Aztreonam,...K.T.....Q.,0.0,3.1740828852839686,3.4958420863666904,3.153669621830788,162,213,207,false,false,false,0,false,false,3.2745315311604823,0.191932140913038,3.2745315311604823,0.191932140913038
Aztreonam,...K.T.....Q.,0.44,2.3582734639253,2.7753485109455105,2.680330053269933,38,52,101,false,false,false,0,false,false,2.6046506760469144,0.21859420123684808,2.6046506760469144,0.21859420123684808
Aztreonam,...K.T.....Q.,1.33,2.868508319924324,3.032350820369943,2.476083869732643,114,94,52,false,false,false,0,false,false,2.7923143366756364,0.2858537605232895,2.7923143366756364,0.2858537605232895
Aztreonam,...K.T.....Q.,4.0,3.063576362000477,2.9782596111414272,2.5976512649841466,146,125,87,false,false,false,0,false,false,2.8798290793753503,0.24806849093593838,2.8798290793753503,0.24806849093593838
Aztreonam,...K.T.....Q.,12.0,3.2208134650865143,3.3439679940194345,2.4973440736751895,204,210,76,false,false,false,0,false,false,3.020708510927046,0.4574106580897922,3.020708510927046,0.4574106580897922
Aztreonam,...K.T.....Q.,36.0,3.2540634934098533,3.604225217046271,2.8327218595785584,309,361,178,false,false,false,0,false,false,3.230336856678228,0.38629855373005767,3.230336856678228,0.38629855373005767
Aztreonam,...K.T.....Q.,108.0,2.2187591027900933,2.349451541304786,2.21600319262724,111,91,92,false,false,false,0,false,false,2.2614046122407063,0.07626332702169324,2.2614046122407063,0.07626332702169324
Aztreonam,...K.T.....Q.,324.0,1.8879802740896836,2.3853179120608172,1.8992654893877607,92,142,104,false,false,false,0,false,false,2.057521225179421,0.2839363308365034,2.057521225179421,0.2839363308365034
Aztreonam,.K.......S...,0.0,3.135929356606021,3.2223419790336534,3.2719250442480243,268,247,301,false,false,false,0,false,false,3.2100654599625664,0.06882398894776733,3.2100654599625664,0.06882398894776733
Aztreonam,.K.......S...,0.44,2.67968682216977,2.7597455697659368,2.5681997075901566,112,92,84,false,false,false,0,false,false,2.6692106998419547,0.09620169532516701,2.6692106998419547,0.09620169532516701
Aztreonam,.K.......S...,1.33,2.5577486413842476,2.584416801452682,2.6843154100596944,94,90,103,false,false,false,0,false,false,2.6088269509655415,0.06672089839522641,2.6088269509655415,0.06672089839522641
Aztreonam,.K.......S...,4.0,2.822612768753674,2.657575078841505,2.5584213147200594,168,122,99,false,false,false,0,false,false,2.6795363874384126,0.1334578787579262,2.6795363874384126,0.1334578787579262
Aztreonam,.K.......S...,12.0,2.2442405559318854,2.848027845072256,2.8541808360063596,107,155,212,false,false,false,0,false,false,2.6488164123368336,0.35038647592866184,2.6488164123368336,0.35038647592866184
Aztreonam,.K.......S...,36.0,2.2080057550215857,2.1393812060155986,2.2364415841997967,136,61,90,false,false,false,0,false,false,2.194609515078994,0.04989763207572594,2.194609515078994,0.04989763207572594
Aztreonam,.K.......S...,108.0,2.0590551491540254,2.053701614889694,2.1467481036236005,158,127,140,false,false,false,0,false,false,2.0865016225557738,0.05224360193432191,2.0865016225557738,0.05224360193432191
Aztreonam,.K.......S...,324.0,1.9102858091583677,1.9246297952294351,2.132668742637464,162,106,202,false,false,false,0,false,false,1.9891947823417555,0.12445891067457829,1.9891947823417555,0.12445891067457829
Aztreonam,P......SK....,0.0,3.256751218267918,3.5317246796489368,3.096391140698834,61,56,55,false,false,false,0,false,false,3.2949556795385626,0.22016700065959094,3.2949556795385626,0.22016700065959094
Aztreonam,P......SK....,0.44,3.5452890029532242,3.9249613144876396,3.4789268758890493,151,143,151,false,false,false,0,false,false,3.649725731109971,0.24065941233422514,3.649725731109971,0.24065941233422514
Aztreonam,P......SK....,1.33,3.8860084989749155,4.055597480349606,3.643199874808646,298,207,210,false,false,false,0,false,false,3.861601951377722,0.20727929452357233,3.861601951377722,0.20727929452357233
Aztreonam,P......SK....,4.0,4.139886114055157,4.415475761473658,3.889110869988111,583,478,398,false,false,false,0,false,false,4.1481575818389755,0.26327991308039816,4.1481575818389755,0.26327991308039816
Aztreonam,P......SK....,12.0,4.400263233029994,4.558786154733773,4.343379959332102,1035,693,1139,false,false,false,0,false,false,4.434143115698623,0.11162814202335235,4.434143115698623,0.11162814202335235
Aztreonam,P......SK....,36.0,4.152716069650656,4.544320520740385,3.7575817123677915,761,690,346,false,false,false,0,false,false,4.1515394342529435,0.3933707240034856,4.1515394342529435,0.3933707240034856
Aztreonam,P......SK....,108.0,2.484185758552633,3.7735762465399136,2.1722737826039284,49,183,50,false,false,false,0,false,false,2.8100119292321586,0.8489195576593973,2.8100119292321586,0.8489195576593973
Aztreonam,P......SK....,324.0,1.8853610937987744,2.673692677722056,2.133313645302978,33,66,47,false,false,false,0,false,false,2.2307891389412693,0.4031039263611421,2.2307891389412693,0.4031039263611421
Aztreonam,.K...........,0.0,3.1587407618072656,3.1152280645757253,3.3104395739721215,231,227,247,false,false,false,0,false,false,3.194802800118371,0.10248041913247884,3.194802800118371,0.10248041913247884
Aztreonam,.K...........,0.44,2.866258349221344,2.782280438071909,2.8225405101504575,133,111,110,false,false,false,0,false,false,2.8236930991479032,0.04200081828135464,2.8236930991479032,0.04200081828135464
Aztreonam,.K...........,1.33,2.548609456738697,2.7233164585192386,2.8849181246064415,97,138,108,false,false,false,0,false,false,2.718948013288126,0.1681968861365963,2.718948013288126,0.1681968861365963
Aztreonam,.K...........,4.0,2.5095577924489554,2.535019991249311,2.80486806783207,93,107,145,false,false,false,0,false,false,2.6164819505101122,0.16364314159679613,2.6164819505101122,0.16364314159679613
Aztreonam,.K...........,12.0,2.4644323045449976,2.083312098892151,2.60182515234809,105,51,123,false,false,false,0,false,false,2.3831898519284125,0.2686339493277401,2.3831898519284125,0.2686339493277401
Aztreonam,.K...........,36.0,2.1058797154235664,2.1714866896418377,2.5800703058821295,98,98,117,false,false,false,0,false,false,2.2858122369825113,0.25693759378673764,2.2858122369825113,0.25693759378673764
Aztreonam,.K...........,108.0,2.0649606662940445,1.851442373302762,2.27830796852245,120,101,141,false,false,false,0,false,false,2.0649036693730856,0.2134328033176985,2.0649036693730856,0.2134328033176985
Aztreonam,.K...........,324.0,2.040101520361982,1.9404009281781869,2.195837027076372,175,134,160,false,false,false,0,false,false,2.0587798252055136,0.12873833717642835,2.0587798252055136,0.12873833717642835
Aztreonam,..V..........,0.0,3.183933215344703,3.0390058397626856,3.0621911812443234,280,272,256,false,false,false,0,false,false,3.095043412117237,0.07784881407746827,3.095043412117237,0.07784881407746827
Aztreonam,..V..........,0.44,2.565810663702552,2.6710843208375716,2.7140564616275222,97,134,138,false,false,false,0,false,false,2.6503171487225488,0.07627359129373693,2.6503171487225488,0.07627359129373693
Aztreonam,..V..........,1.33,2.8211952708300596,2.432213414961049,2.3830847693915556,174,107,87,false,false,false,0,false,false,2.5454978183942214,0.2400212905422802,2.5454978183942214,0.2400212905422802
Aztreonam,..V..........,4.0,2.85184367897764,2.2517726891374066,2.6961079504920606,217,87,134,false,false,false,0,false,false,2.5999081062023692,0.3113873885419576,2.5999081062023692,0.3113873885419576
Aztreonam,..V..........,12.0,2.891045283541959,2.58881403173019,2.5717199478404185,223,158,163,false,false,false,0,false,false,2.683859754370856,0.17963138520158478,2.683859754370856,0.17963138520158478
Aztreonam,..V..........,36.0,2.8123651418601434,3.192499704828079,2.280139202209621,254,484,152,false,false,false,0,false,false,2.7616680162992817,0.4582881959964185,2.7616680162992817,0.4582881959964185
Aztreonam,..V..........,108.0,3.329617954806602,2.1700149668865176,2.1147710555958037,767,141,147,false,false,false,0,false,false,2.538134659096308,0.6860009679111218,2.538134659096308,0.6860009679111218
Aztreonam,..V..........,324.0,2.0696173833977802,1.6894428040319058,1.9765772434861262,208,116,154,false,false,false,0,false,false,1.911879143638604,0.19817305768422414,1.911879143638604,0.19817305768422414
Aztreonam,.K.K.T..K.ML.,0.0,3.428746099878446,3.1474316066917973,3.1538249279997834,194,149,152,false,false,false,0,false,false,3.2433342115233423,0.16060322193807586,3.2433342115233423,0.16060322193807586
Aztreonam,.K.K.T..K.ML.,0.44,3.565767971973192,3.2653444542630083,3.3175112297811813,298,204,232,false,false,false,0,false,false,3.3828745520057937,0.16052365999290924,3.3828745520057937,0.16052365999290924
Aztreonam,.K.K.T..K.ML.,1.33,2.9672657764947306,3.0156133244210968,2.928342708055089,89,156,116,false,false,false,0,false,false,2.970407269656972,0.043720039509268886,2.970407269656972,0.043720039509268886
Aztreonam,.K.K.T..K.ML.,4.0,2.849978210125467,2.4589135391399646,2.117290268623025,63,61,36,false,false,false,0,false,false,2.4753940059628188,0.36662188866159623,2.4753940059628188,0.36662188866159623
Aztreonam,.K.K.T..K.ML.,12.0,2.7468217071197607,2.488904499343541,2.4065949139008778,87,62,52,false,false,false,0,false,false,2.547440373454726,0.17750606785254286,2.547440373454726,0.17750606785254286
Aztreonam,.K.K.T..K.ML.,36.0,2.4817204952677767,2.3929871708062906,2.218407671819692,108,71,71,false,false,false,0,false,false,2.36437177929792,0.13396843367537586,2.36437177929792,0.13396843367537586
Aztreonam,.K.K.T..K.ML.,108.0,2.6549698879713852,1.9602179953425132,2.2665366261411073,104,64,119,false,false,false,0,false,false,2.293908169818335,0.34818378642651604,2.293908169818335,0.34818378642651604
Aztreonam,.K.K.T..K.ML.,324.0,2.216892270209572,2.155021385752042,1.9965814763831786,127,125,80,false,false,false,0,false,false,2.1228317107815973,0.1136280900575692,2.1228317107815973,0.1136280900575692
Aztreonam,.K.KS...K.M..,0.0,3.090695031286932,3.1116875783492715,2.9900648174091904,231,248,158,false,false,false,0,false,false,3.0641491423484646,0.06501182322718006,3.0641491423484646,0.06501182322718006
Aztreonam,.K.KS...K.M..,0.44,3.585404850855828,3.6500617841671494,3.7759399449527455,727,837,1017,false,false,false,0,false,false,3.670468859991908,0.0968929413240117,3.670468859991908,0.0968929413240117
Aztreonam,.K.KS...K.M..,1.33,3.8682361693435467,3.832500017376776,3.8852554529139938,1400,1504,1232,false,false,false,0,false,false,3.861997213211439,0.026925404823217775,3.861997213211439,0.026925404823217775
Aztreonam,.K.KS...K.M..,4.0,4.066425766105742,3.9950831619493155,4.181542249673037,2316,1967,2684,false,false,false,0,false,false,4.081017059242698,0.0940820239219325,4.081017059242698,0.0940820239219325
Aztreonam,.K.KS...K.M..,12.0,4.441601412061694,4.374927878524081,4.506202025838079,5319,4998,5803,false,false,false,0,false,false,4.4409104388079506,0.06563980135011377,4.4409104388079506,0.06563980135011377
Aztreonam,.K.KS...K.M..,36.0,4.917252014276136,4.752324554121942,4.904614826180951,17826,12035,14700,false,false,false,0,false,false,4.858063798193009,0.09179060645446735,4.858063798193009,0.09179060645446735
Aztreonam,.K.KS...K.M..,108.0,5.2675712612638135,5.120416052388422,5.237059168828949,53016,37507,41952,false,false,false,0,false,false,5.208348827493729,0.07766515724234833,5.208348827493729,0.07766515724234833
Aztreonam,.K.KS...K.M..,324.0,4.96763291405092,4.910835380819989,5.316218535223251,63453,53875,99413,false,false,false,0,false,false,5.064895610031386,0.21949692364706638,5.064895610031386,0.21949692364706638
Aztreonam,.........C...,0.0,3.2891748564981977,3.1225120120878533,3.16836705416298,369,286,329,false,false,false,0,false,false,3.19335130758301,0.08609463174875595,3.19335130758301,0.08609463174875595
Aztreonam,.........C...,0.44,2.641645456351286,2.499402029667819,2.642178949239819,128,92,119,false,false,false,0,false,false,2.594408811752975,0.08227871921279348,2.594408811752975,0.08227871921279348
Aztreonam,.........C...,1.33,2.85885836851152,2.462285580864622,2.4147410499089643,206,85,74,false,false,false,0,false,false,2.5786283330950353,0.24384785249842075,2.5786283330950353,0.24384785249842075
Aztreonam,.........C...,4.0,2.567499962353875,2.492390209510329,2.464659690619235,118,120,120,false,false,false,0,false,false,2.5081832874944796,0.05320804785719689,2.5081832874944796,0.05320804785719689
Aztreonam,.........C...,12.0,2.4705520936218828,2.4802141321181477,2.511317937744305,133,105,132,false,false,false,0,false,false,2.4873613878281122,0.02130201774224957,2.4873613878281122,0.02130201774224957
Aztreonam,.........C...,36.0,2.3693407995021363,2.309095254020921,2.4658252610739906,190,100,164,false,false,false,0,false,false,2.381420438199016,0.07906017980626646,2.381420438199016,0.07906017980626646
Aztreonam,.........C...,108.0,2.1457465441169776,2.311736384254078,2.0979130733966938,145,184,100,false,false,false,0,false,false,2.1851320005892494,0.11222082116367864,2.1851320005892494,0.11222082116367864
Aztreonam,.........C...,324.0,1.924896051598722,1.9067595151287813,1.9430179703936714,174,152,188,false,false,false,0,false,false,1.9248911790403913,0.01812922812354068,1.9248911790403913,0.01812922812354068
Aztreonam,.K..H..SK.MT.,0.0,3.216245555741503,3.178521456533779,3.2722414526266435,6,8,10,true,true,false,2,false,true,3.2223361549673086,0.047155921856206595,3.2722414526266435,NaN
Aztreonam,.K..H..SK.MT.,0.44,3.7737470135269358,3.2436976774157493,3.885292453365497,28,7,52,false,true,false,1,false,false,3.6342457147693943,0.3427920993806339,3.829519733446216,0.07887453692028265
Aztreonam,.K..H..SK.MT.,1.33,4.213445204472963,4.249191817288132,4.196892121935632,79,125,89,false,false,false,0,false,false,4.219843047898909,0.02673039157715913,4.219843047898909,0.02673039157715913
Aztreonam,.K..H..SK.MT.,4.0,4.350161997237547,4.372827625211098,4.337158981317905,110,139,160,false,false,false,0,false,false,4.353382867922183,0.01805113695228699,4.353382867922183,0.01805113695228699
Aztreonam,.K..H..SK.MT.,12.0,4.573351822615221,3.4520059257317697,4.359312518940223,191,23,186,false,false,false,0,false,false,4.1282234224290715,0.5953198997254278,4.1282234224290715,0.5953198997254278
Aztreonam,.K..H..SK.MT.,36.0,2.286394922898626,3.2881219157749504,2.424110647952352,10,10,13,false,false,false,0,false,false,2.666209162208643,0.5429760676292174,2.666209162208643,0.5429760676292174
Aztreonam,.K..H..SK.MT.,108.0,0.17609125905568124,0.17609125905568124,2.020106424398018,0,0,8,true,true,true,3,true,true,0.79076298083646,1.0646426521001502,NaN,NaN
Aztreonam,.K..H..SK.MT.,324.0,2.4798152380147647,0.17609125905568124,2.3279695657800694,10,0,14,false,true,false,1,false,false,1.6612920209501718,1.2884604201887937,2.403892401897417,0.10737110453098286
Aztreonam,.K.K....K..L.,0.0,3.2364717121674134,3.2078097192899393,3.303180350930031,217,184,188,false,false,false,0,false,false,3.249153927462461,0.04893381533714673,3.249153927462461,0.04893381533714673
Aztreonam,.K.K....K..L.,0.44,2.7479050222668504,2.8851882146221706,3.0017221419247746,94,105,118,false,false,false,0,false,false,2.878271792937932,0.12704983362660066,2.878271792937932,0.12704983362660066
Aztreonam,.K.K....K..L.,1.33,2.538455753712557,2.565229378597079,2.832578221999423,52,65,65,false,false,false,0,false,false,2.6454211181030196,0.16263469156834623,2.6454211181030196,0.16263469156834623
Aztreonam,.K.K....K..L.,4.0,2.34346702033413,2.8103875909940204,2.771554609071507,59,95,94,false,false,false,0,false,false,2.6418030734665523,0.2590951573654403,2.6418030734665523,0.2590951573654403
Aztreonam,.K.K....K..L.,12.0,2.5750674608581003,2.8190030638380965,2.3320639066019178,99,122,46,false,false,false,0,false,false,2.5753781437660384,0.24346972728734054,2.5753781437660384,0.24346972728734054
Aztreonam,.K.K....K..L.,36.0,2.5073042709393416,1.8044233484185366,2.6337408790790717,100,42,77,false,false,false,0,false,false,2.31515616614565,0.4468025988029586,2.31515616614565,0.4468025988029586
Aztreonam,.K.K....K..L.,108.0,2.389118970439686,2.0075951258039204,2.2098975258721287,92,81,108,false,false,false,0,false,false,2.2022038740385783,0.19087824709828993,2.2022038740385783,0.19087824709828993
Aztreonam,.K.K....K..L.,324.0,1.7330265500105393,2.124322613690632,2.202302395036161,102,134,105,false,false,false,0,false,false,2.0198838529124443,0.2514667885542552,2.0198838529124443,0.2514667885542552
Aztreonam,...KNT..K.M..,0.0,3.1324245340584085,3.2988566495937532,3.3465733819077736,299,339,328,false,false,false,0,false,false,3.2592848551866456,0.1124249858494608,3.2592848551866456,0.1124249858494608
Aztreonam,...KNT..K.M..,0.44,3.8001206622133217,3.779864220288155,3.789365710890472,1434,1045,964,false,false,false,0,false,false,3.78978353113065,0.01013468253976105,3.78978353113065,0.01013468253976105
Aztreonam,...KNT..K.M..,1.33,3.888834927960357,4.022082102486224,4.013079840300538,1831,2049,1596,false,false,false,0,false,false,3.974665623582373,0.07446772061997275,3.974665623582373,0.07446772061997275
Aztreonam,...KNT..K.M..,4.0,4.137418358967937,4.252409248113203,4.239150608326931,3319,3045,2888,false,false,false,0,false,false,4.209659405136024,0.06291283212382198,4.209659405136024,0.06291283212382198
Aztreonam,...KNT..K.M..,12.0,4.4399503864648855,4.561749837535989,4.512349014454858,6456,6730,5656,false,false,false,0,false,false,4.504683079485244,0.061260521459780996,4.504683079485244,0.061260521459780996
Aztreonam,...KNT..K.M..,36.0,4.84385932056497,5.001524566976738,4.919649119257067,18229,18854,15108,false,false,false,0,false,false,4.921677668932925,0.07885219554242895,4.921677668932925,0.07885219554242895
Aztreonam,...KNT..K.M..,108.0,5.292912328458673,5.378244307561256,5.466705134619216,68331,59888,69809,false,false,false,0,false,false,5.379287256879716,0.08690109709174969,5.379287256879716,0.08690109709174969
Aztreonam,...KNT..K.M..,324.0,5.439798713505061,5.638052791297336,5.744103932020113,221168,250989,253749,false,false,false,0,false,false,5.607318478940837,0.15446315085124185,5.607318478940837,0.15446315085124185
Aztreonam,.............,0.0,3.1458440694770866,3.2062986716444786,3.252070444343657,262,323,291,false,false,false,0,false,false,3.2014043951550737,0.05328204327997706,3.2014043951550737,0.05328204327997706
Aztreonam,.............,0.44,2.7877559986289326,2.966408501403383,3.00767499718871,164,207,184,false,false,false,0,false,false,2.920613165740342,0.11689311809619847,2.920613165740342,0.11689311809619847
Aztreonam,.............,1.33,2.449747230710605,2.7907161466937542,2.862120426155144,79,181,136,false,false,false,0,false,false,2.7008612678531683,0.22038225318495433,2.7008612678531683,0.22038225318495433
Aztreonam,.............,4.0,2.2837655155048964,2.4330780356634665,2.663517375756543,70,108,102,false,false,false,0,false,false,2.4601203089749686,0.1913147465579614,2.4601203089749686,0.1913147465579614
Aztreonam,.............,12.0,2.3936365957567056,2.3748714284953407,2.563496354324311,120,78,91,false,false,false,0,false,false,2.4440014595254524,0.1039100827053345,2.4440014595254524,0.1039100827053345
Aztreonam,.............,36.0,2.2043814334037677,2.2112699848658948,2.2865477015792166,113,64,125,false,false,false,0,false,false,2.23406637328296,0.045580482666556045,2.23406637328296,0.045580482666556045
Aztreonam,.............,108.0,2.0944345812346117,1.8036794671753147,2.3665944066985127,148,98,161,false,false,false,0,false,false,2.0882361517028127,0.2815086547179268,2.0882361517028127,0.2815086547179268
Aztreonam,.............,324.0,1.9440432989125835,1.9963802696640651,1.9264598762043934,147,179,121,false,false,false,0,false,false,1.9556278149270139,0.0363712264551977,1.9556278149270139,0.0363712264551977
Aztreonam,.K.KN...K.M.D,0.0,3.333066869956135,3.2742932884445883,3.1561820560124056,211,267,171,false,false,false,0,false,false,3.2545140714710428,0.09008591687407023,3.2545140714710428,0.09008591687407023
Aztreonam,.K.KN...K.M.D,0.44,3.8419958439346398,3.669359005943536,3.792583282858748,764,677,821,false,false,false,0,false,false,3.7679793775789747,0.08890941217977828,3.7679793775789747,0.08890941217977828
Aztreonam,.K.KN...K.M.D,1.33,4.106484285685686,3.8762413496016106,3.9888131072326622,1401,1220,1215,false,false,false,0,false,false,3.9905129141733195,0.11513087948886917,3.9905129141733195,0.11513087948886917
Aztreonam,.K.KN...K.M.D,4.0,4.385622213489805,4.1783034989177175,4.195612793378577,2789,2306,2068,false,false,false,0,false,false,4.2531795019287,0.1150248095104999,4.2531795019287,0.1150248095104999
Aztreonam,.K.KN...K.M.D,12.0,4.6703655547874945,4.353487643040494,4.4916979453247885,5152,3623,4296,false,false,false,0,false,false,4.505183714384259,0.15886882077245043,4.505183714384259,0.15886882077245043
Aztreonam,.K.KN...K.M.D,36.0,5.0525720808239925,4.829094032803045,4.989369746316805,13861,11068,13830,false,false,false,0,false,false,4.9570119533146135,0.11519930365584971,4.9570119533146135,0.11519930365584971
Aztreonam,.K.KN...K.M.D,108.0,5.408463608399198,5.247633018196736,5.3871489446593745,41953,38839,45529,false,false,false,0,false,false,5.347748523751769,0.08735510610142021,5.347748523751769,0.08735510610142021
Aztreonam,.K.KN...K.M.D,324.0,5.113685891339227,4.825540045005004,4.936961771838323,50745,35283,33517,false,false,false,0,false,false,4.958729236060852,0.14530097750505883,4.958729236060852,0.14530097750505883
Aztreonam,....N..S...T.,0.0,2.4202623310758398,3.1934602942976484,,2,14,16,true,false,false,1,false,false,2.806861312686744,0.5467335229937677,3.1934602942976484,NaN
Aztreonam,....N..S...T.,0.44,2.452317411277698,3.0663981354119265,,4,15,57,true,false,false,1,false,false,2.7593577733448122,0.4342206442312586,3.0663981354119265,NaN
Aztreonam,....N..S...T.,1.33,1.9587286806303952,2.8857865472403157,,4,10,2,true,false,true,2,false,true,2.4222576139353555,0.6555289040322086,2.8857865472403157,NaN
Aztreonam,....N..S...T.,4.0,0.17609125905568124,2.093030027411051,,0,3,2,true,true,true,3,true,true,1.1345606432333661,1.3554804022234703,NaN,NaN
Aztreonam,....N..S...T.,12.0,2.424439990455054,1.9712426264257663,,7,6,9,true,true,true,3,true,true,2.19784130844041,0.32045892932097764,NaN,NaN
Aztreonam,....N..S...T.,36.0,0.17609125905568124,2.0390714257618336,,0,10,20,true,false,false,1,false,false,1.1075813424087575,1.3173259090939653,2.0390714257618336,NaN
Aztreonam,....N..S...T.,108.0,2.3363924815602286,1.242245859566633,,6,2,10,true,true,false,2,false,true,1.7893191705634308,0.7736784960240255,NaN,NaN
Aztreonam,....N..S...T.,324.0,1.8878279670037479,1.7714014427371394,,7,6,6,true,true,true,3,true,true,1.8296147048704436,0.082325984818899,NaN,NaN
Aztreonam,P..KN...K....,0.0,3.0907585724126654,3.130477338203341,3.5269566441282887,129,166,163,false,false,false,0,false,false,3.2493975182480983,0.24119223942431306,3.2493975182480983,0.24119223942431306
Aztreonam,P..KN...K....,0.44,3.454599618331134,3.6015773725739977,3.846593832787525,331,451,356,false,false,false,0,false,false,3.6342569412308854,0.19802987577009942,3.6342569412308854,0.19802987577009942
Aztreonam,P..KN...K....,1.33,3.765767725081659,3.725827436335908,4.157560604336789,743,694,733,false,false,false,0,false,false,3.8830519219181188,0.23856879345106982,3.8830519219181188,0.23856879345106982
Aztreonam,P..KN...K....,4.0,4.059461957017998,3.949212999633342,4.372328385992186,1476,1092,1225,false,false,false,0,false,false,4.127001114214509,0.2194944438009986,4.127001114214509,0.2194944438009986
Aztreonam,P..KN...K....,12.0,4.228111965954338,4.1797142498084785,4.750527666054523,2151,1991,3001,false,false,false,0,false,false,4.38611796060578,0.3165144701288765,4.38611796060578,0.3165144701288765
Aztreonam,P..KN...K....,36.0,4.781604703640788,4.67709359520191,5.049418100995124,8404,6191,6095,false,false,false,0,false,false,4.83603879994594,0.19203824497729383,4.83603879994594,0.19203824497729383
Aztreonam,P..KN...K....,108.0,5.0567233470892905,5.097891580930213,5.562585823537342,21345,21852,26453,false,false,false,0,false,false,5.239066917185615,0.28093071733909447,5.239066917185615,0.28093071733909447
Aztreonam,P..KN...K....,324.0,5.064184366908518,5.109709360150956,5.750357557428397,51153,52473,78991,false,false,false,0,false,false,5.308083761495957,0.3836961221836862,5.308083761495957,0.3836961221836862
Aztreonam,...KS........,0.0,3.302611225651418,3.40915084317582,3.300442044467251,176,242,198,false,false,false,0,false,false,3.337401371098163,0.06214633049761909,3.337401371098163,0.06214633049761909
Aztreonam,...KS........,0.44,3.7582708995431426,3.8958200502790947,3.784438161890003,602,766,692,false,false,false,0,false,false,3.8128430372374136,0.07304156299444764,3.8128430372374136,0.07304156299444764
Aztreonam,...KS........,1.33,3.9642455371139556,4.0237112181317425,4.024782865790541,959,1206,1107,false,false,false,0,false,false,4.004246540345413,0.034646028658685366,4.004246540345413,0.034646028658685366
Aztreonam,...KS........,4.0,4.2707164127151405,4.210634862320156,4.185614182284795,2023,1738,1729,false,false,false,0,false,false,4.222321819106697,0.04373826842997725,4.222321819106697,0.04373826842997725
Aztreonam,...KS........,12.0,4.4420719016545,4.48161043867767,4.480898505072316,2990,3366,3666,false,false,false,0,false,false,4.468193615134829,0.022624867927258818,4.468193615134829,0.022624867927258818
Aztreonam,...KS........,36.0,4.376995472130316,4.310878122106444,4.406288276036121,3025,2416,3286,false,false,false,0,false,false,4.364720623424294,0.04887512968052342,4.364720623424294,0.04887512968052342
Aztreonam,...KS........,108.0,2.444716982785817,2.3137408117450606,2.1848544318566496,151,130,133,false,false,false,0,false,false,2.3144374087958424,0.1299326759496697,2.3144374087958424,0.1299326759496697
Aztreonam,...KS........,324.0,2.1962544173515304,2.0025352589129777,2.11497928577348,158,125,117,false,false,false,0,false,false,2.104589654012663,0.0972765975074648,2.104589654012663,0.0972765975074648
Aztreonam,PK.KN...K.M..,0.0,3.1601455120123454,3.187635236744545,3.2411282286901395,228,218,257,false,false,false,0,false,false,3.196302992482343,0.04118127720550407,3.196302992482343,0.04118127720550407
Aztreonam,PK.KN...K.M..,0.44,3.4663723041649486,3.6550122650077452,3.66812631636225,512,620,745,false,false,false,0,false,false,3.5965036285116483,0.11288762451173097,3.5965036285116483,0.11288762451173097
Aztreonam,PK.KN...K.M..,1.33,3.695968896544573,3.8358472336902607,3.8347532851733406,914,1106,1032,false,false,false,0,false,false,3.7888564718027244,0.08044485943081464,3.7888564718027244,0.08044485943081464
Aztreonam,PK.KN...K.M..,4.0,3.9265229376578628,3.989026615905841,3.9475997019443994,1584,1441,1427,false,false,false,0,false,false,3.954383085169368,0.03179918496776737,3.954383085169368,0.03179918496776737
Aztreonam,PK.KN...K.M..,12.0,4.23198253675748,4.33444778439547,4.300140129472692,3039,3416,3265,false,false,false,0,false,false,4.288856816875214,0.0521561750970869,4.288856816875214,0.0521561750970869
Aztreonam,PK.KN...K.M..,36.0,4.71586695674754,4.8064042705224175,4.688345535527097,10422,10247,8181,false,false,false,0,false,false,4.736872254265685,0.061768787587608905,4.736872254265685,0.061768787587608905
Aztreonam,PK.KN...K.M..,108.0,4.981695215088827,5.135846869485968,5.23358469532782,25676,29032,37705,false,false,false,0,false,false,5.117042259967538,0.12699325796325941,5.117042259967538,0.12699325796325941
Aztreonam,PK.KN...K.M..,324.0,4.881297852371593,5.0217462141913956,5.172057472169343,49095,53228,64341,false,false,false,0,false,false,5.02503384624411,0.1454076872782819,5.02503384624411,0.1454076872782819
Aztreonam,.KLKN...K....,0.0,3.3069075605084066,3.162562874535013,3.2317823330856865,299,290,279,false,false,false,0,false,false,3.2337509227097017,0.07219247606932615,3.2337509227097017,0.07219247606932615
Aztreonam,.KLKN...K....,0.44,3.8222053424194993,3.725459481105527,3.7092977449165443,1070,936,965,false,false,false,0,false,false,3.75232085614719,0.061058836341016116,3.75232085614719,0.061058836341016116
Aztreonam,.KLKN...K....,1.33,4.080263793550406,3.8976333658235065,3.90141059646168,1991,1588,1416,false,false,false,0,false,false,3.9597692519451972,0.10436842331524665,3.9597692519451972,0.10436842331524665
Aztreonam,.KLKN...K....,4.0,4.272026344547761,4.184311810316265,4.135808809359281,3108,2866,2629,false,false,false,0,false,false,4.197382321407769,0.0690429787766365,4.197382321407769,0.0690429787766365
Aztreonam,.KLKN...K....,12.0,4.637620734624377,4.396591932528612,4.48508109888998,7188,4847,6057,false,false,false,0,false,false,4.506431255347656,0.12192453709366877,4.506431255347656,0.12192453709366877
Aztreonam,.KLKN...K....,36.0,4.933675681834849,4.802077556766867,4.856680505542654,15762,12680,14454,false,false,false,0,false,false,4.864144581381457,0.06611581468489677,4.864144581381457,0.06611581468489677
Aztreonam,.KLKN...K....,108.0,5.334770796276332,5.249296699263766,5.296517227849314,52723,47619,53087,false,false,false,0,false,false,5.2935282411298035,0.042815369275943704,5.2935282411298035,0.042815369275943704
Aztreonam,.KLKN...K....,324.0,4.98955730136957,4.965538130513321,5.147913833558269,56088,58830,74487,false,false,false,0,false,false,5.03433642181372,0.09909137947419304,5.03433642181372,0.09909137947419304
Aztreonam,..L......S...,0.0,3.2382914601805073,3.028748726944424,3.5168843666908085,263,232,299,false,false,false,0,false,false,3.2613081846052467,0.2448804359275896,3.2613081846052467,0.2448804359275896
Aztreonam,..L......S...,0.44,2.621607245929821,2.388776518126508,3.0499676838701344,91,71,128,false,false,false,0,false,false,2.6867838159754878,0.33537952885729655,2.6867838159754878,0.33537952885729655
Aztreonam,..L......S...,1.33,2.519153002879013,2.4949570638939824,2.8128807035681698,69,108,84,false,false,false,0,false,false,2.6089969234470547,0.1769825067999607,2.6089969234470547,0.1769825067999607
Aztreonam,..L......S...,4.0,2.413670043715726,2.101363751036192,3.0212479489513453,80,80,161,false,false,false,0,false,false,2.5120939145677545,0.46777363987149145,2.5120939145677545,0.46777363987149145
Aztreonam,..L......S...,12.0,2.707349824092395,2.544924548307935,2.968422751829993,142,104,175,false,false,false,0,false,false,2.740232374743441,0.21365539707573858,2.740232374743441,0.21365539707573858
Aztreonam,..L......S...,36.0,1.9771428851606567,2.4298886542598463,3.1118396411461506,108,108,216,false,false,false,0,false,false,2.506290393522218,0.5711935760604608,2.506290393522218,0.5711935760604608
Aztreonam,..L......S...,108.0,2.083909294661769,1.9198858254438216,2.496155261654199,112,104,148,false,false,false,0,false,false,2.1666501272532632,0.29691101328682107,2.1666501272532632,0.29691101328682107
Aztreonam,..L......S...,324.0,2.015566142589898,1.854788338794396,2.231381812959798,204,160,148,false,false,false,0,false,false,2.033912098114697,0.18896584812891526,2.033912098114697,0.18896584812891526
Aztreonam,.K..H........,0.0,3.30185905423402,3.1261646562554812,3.40271047521216,219,220,249,false,false,false,0,false,false,3.276911395233887,0.1399506583149763,3.276911395233887,0.1399506583149763
Aztreonam,.K..H........,0.44,3.7821312695139193,3.642513190786877,3.7795971233736556,715,694,641,false,false,false,0,false,false,3.734747194558151,0.07988703939266079,3.734747194558151,0.07988703939266079
Aztreonam,.K..H........,1.33,3.3001501583883295,3.326890233123815,3.5219045976922487,281,420,359,false,false,false,0,false,false,3.382981663068131,0.12105141148556461,3.382981663068131,0.12105141148556461
Aztreonam,.K..H........,4.0,3.0701874952601815,3.322268491108291,3.2655047076590042,179,399,229,false,false,false,0,false,false,3.219320231342492,0.1322344943893858,3.219320231342492,0.1322344943893858
Aztreonam,.K..H........,12.0,2.901656800851171,2.496973975387617,3.224835698049501,150,94,228,false,false,false,0,false,false,2.874488824762763,0.36469061685576254,2.874488824762763,0.36469061685576254
Aztreonam,.K..H........,36.0,2.8411975486066123,2.1755110736896133,2.6260720953447563,179,81,141,false,false,false,0,false,false,2.547593572546994,0.3397113180735141,2.547593572546994,0.3397113180735141
Aztreonam,.K..H........,108.0,2.275524317663754,1.9686112003974479,2.163471235419942,129,96,109,false,false,false,0,false,false,2.135868917827048,0.1553072159943142,2.135868917827048,0.1553072159943142
Aztreonam,.K..H........,324.0,2.2246029713172866,1.86549473884911,2.2826591899874726,213,108,154,false,false,false,0,false,false,2.12425230005129,0.2259629123131602,2.12425230005129,0.2259629123131602
Aztreonam,..L.....K....,0.0,3.0556080494597095,3.3919454422039297,3.0978154800408593,175,230,218,false,false,false,0,false,false,3.1817896572348325,0.18321969671967206,3.1817896572348325,0.18321969671967206
Aztreonam,..L.....K....,0.44,2.413310195795213,2.909067811602741,2.6197764732934874,58,105,96,false,false,false,0,false,false,2.647384826897147,0.24902925390266828,2.647384826897147,0.24902925390266828
Aztreonam,..L.....K....,1.33,2.4915381038230278,2.9246837692995897,2.784608817956741,90,117,137,false,false,false,0,false,false,2.7336102303597865,0.22103039119756054,2.7336102303597865,0.22103039119756054
Aztreonam,..L.....K....,4.0,2.5976209814717808,2.655717612814079,2.3962122150545038,116,89,79,false,false,false,0,false,false,2.549850269780121,0.13618844862261484,2.549850269780121,0.13618844862261484
Aztreonam,..L.....K....,12.0,2.732005123772041,2.576405335817674,2.5467654956827532,193,79,102,false,false,false,0,false,false,2.6183919850908226,0.09950170346056506,2.6183919850908226,0.09950170346056506
Aztreonam,..L.....K....,36.0,2.3317208136181757,2.440660418184239,2.2132445792110844,134,60,105,false,false,false,0,false,false,2.3285419370044997,0.11374124096544615,2.3285419370044997,0.11374124096544615
Aztreonam,..L.....K....,108.0,2.1421692749263403,2.2856284131743925,1.9482120418524007,144,147,135,false,false,false,0,false,false,2.1253365766510446,0.16933681438909087,2.1253365766510446,0.16933681438909087
Aztreonam,..L.....K....,324.0,2.013568083242232,2.2206364304738093,1.9119995422218776,181,125,133,false,false,false,0,false,false,2.0487346853126396,0.1572949446846358,2.0487346853126396,0.1572949446846358
Aztreonam,P..KN...K.M..,0.0,3.0116864289770837,3.285620750233777,3.3316389257250143,139,165,186,false,false,false,0,false,false,3.209648701645292,0.17297749613419955,3.209648701645292,0.17297749613419955
Aztreonam,P..KN...K.M..,0.44,3.714278093184861,3.8970218919028587,3.956981875745709,715,642,843,false,false,false,0,false,false,3.856093953611143,0.12642232246301974,3.856093953611143,0.12642232246301974
Aztreonam,P..KN...K.M..,1.33,3.8974090677890123,4.0263972662889005,4.0165199104076255,1133,969,963,false,false,false,0,false,false,3.9801087481618462,0.07179009952721886,3.9801087481618462,0.07179009952721886
Aztreonam,P..KN...K.M..,4.0,4.213244415107599,4.219120809750959,4.295389588273521,2389,1536,1828,false,false,false,0,false,false,4.242584937710693,0.04582446229142116,4.242584937710693,0.04582446229142116
Aztreonam,P..KN...K.M..,12.0,4.375387187242252,4.5551876060932655,4.742370139772954,3476,3459,5256,false,false,false,0,false,false,4.557648311036157,0.18350385054175275,4.557648311036157,0.18350385054175275
Aztreonam,P..KN...K.M..,36.0,4.772622387031909,4.958976094235878,5.015725677907267,9349,8656,10144,false,false,false,0,false,false,4.915774719725018,0.1271792891092253,4.915774719725018,0.1271792891092253
Aztreonam,P..KN...K.M..,108.0,5.210373772811512,5.372324523190117,5.513991388888392,34672,30424,42525,false,false,false,0,false,false,5.365563228296673,0.1519216920967144,5.365563228296673,0.1519216920967144
Aztreonam,P..KN...K.M..,324.0,5.472352752771592,5.56205800125218,5.8096405971181255,147045,109481,160058,false,false,false,0,false,false,5.614683783713965,0.17469366680211768,5.614683783713965,0.17469366680211768
Aztreonam,...K.T.S.....,0.0,3.319038819604443,3.2681966043968513,3.4583503477074506,129,153,168,false,false,false,0,false,false,3.348528590569581,0.0984471760257275,3.348528590569581,0.0984471760257275
Aztreonam,...K.T.S.....,0.44,3.9449797636298225,3.7296415925480146,3.8181032474107597,597,486,429,false,false,false,0,false,false,3.830908201196199,0.10823865812314894,3.830908201196199,0.10823865812314894
Aztreonam,...K.T.S.....,1.33,4.053742322301329,3.9068676580958064,4.142386891613399,789,782,918,false,false,false,0,false,false,4.034332290670179,0.11895330737360907,4.034332290670179,0.11895330737360907
Aztreonam,...K.T.S.....,4.0,4.346082500894646,4.113826799731431,4.199782136261037,1620,1318,1049,false,false,false,0,false,false,4.219897145629038,0.11742715989970216,4.219897145629038,0.11742715989970216
Aztreonam,...K.T.S.....,12.0,3.8293951166578415,3.64246676322221,3.730084677844475,533,543,462,false,false,false,0,false,false,3.7339821859081757,0.09352510495246205,3.7339821859081757,0.09352510495246205
Aztreonam,...K.T.S.....,36.0,2.377618219436325,2.1916761465937484,3.0490960184400144,58,64,177,false,false,false,0,false,false,2.5394634614900293,0.4510405978853604,2.5394634614900293,0.4510405978853604
Aztreonam,...K.T.S.....,108.0,2.373524064445621,2.2585822255184813,2.8883202559858794,66,105,143,false,false,false,0,false,false,2.506808848649994,0.33535969052577574,2.506808848649994,0.33535969052577574
Aztreonam,...K.T.S.....,324.0,2.307234945830366,1.994624523568962,2.1107331292082065,142,84,70,false,false,false,0,false,false,2.1375308662025114,0.15801869527883486,2.1375308662025114,0.15801869527883486
Aztreonam,P............,0.0,3.276031173879086,3.1645555757023187,3.2134970084391936,287,305,298,false,false,false,0,false,false,3.2180279193401993,0.05587574708593754,3.2180279193401993,0.05587574708593754
Aztreonam,P............,0.44,2.933437100025321,2.628743622052135,2.78961621151221,192,106,119,false,false,false,0,false,false,2.7839323111965553,0.15242624092310283,2.7839323111965553,0.15242624092310283
Aztreonam,P............,1.33,2.8357561166627705,2.468265648652367,2.755336908083817,170,106,135,false,false,false,0,false,false,2.686452891132985,0.19318661150061153,2.686452891132985,0.19318661150061153
Aztreonam,P............,4.0,2.640929607149515,2.2255208906315027,2.4201997061849623,120,57,84,false,false,false,0,false,false,2.4288834013219933,0.20784045650621114,2.4288834013219933,0.20784045650621114
Aztreonam,P............,12.0,2.1476700907520048,2.0271118789932436,2.7650443104902447,79,70,205,false,false,false,0,false,false,2.3132754267451645,0.39585971485593796,2.3132754267451645,0.39585971485593796
Aztreonam,P............,36.0,2.4365075274918655,2.1353578464887595,2.2837693230051426,179,113,130,false,false,false,0,false,false,2.2852115656619225,0.15058002071981166,2.2852115656619225,0.15058002071981166
Aztreonam,P............,108.0,2.263876623223085,1.9438946719412176,2.339975281720774,151,151,165,false,false,false,0,false,false,2.1825821922950257,0.21018218462984467,2.1825821922950257,0.21018218462984467
Aztreonam,P............,324.0,2.0796503054230953,2.0019080447590394,1.9490428085548752,195,204,143,false,false,false,0,false,false,2.01020038624567,0.06569742578704052,2.01020038624567,0.06569742578704052
Aztreonam,.....T.......,0.0,3.46129128208639,3.108950172533955,3.2795657343677065,321,224,284,false,false,false,0,false,false,3.2832690629960166,0.1761997456080945,3.2832690629960166,0.1761997456080945
Aztreonam,.....T.......,0.44,2.8466584401460038,2.736635780288474,2.713302984803182,99,114,93,false,false,false,0,false,false,2.7655324017458867,0.07121924189544965,2.7655324017458867,0.07121924189544965
Aztreonam,.....T.......,1.33,2.623404260954272,2.5181838250502535,2.580960999179135,88,101,62,false,false,false,0,false,false,2.5741830283945535,0.05293666686641112,2.5741830283945535,0.05293666686641112
Aztreonam,.....T.......,4.0,2.8885767541621057,2.6215344241310787,2.879345847953679,163,105,156,false,false,false,0,false,false,2.7964856754156213,0.15158251103566509,2.7964856754156213,0.15158251103566509
Aztreonam,.....T.......,12.0,3.1788779695700833,2.7150576478314417,2.4964836831948807,278,125,129,false,false,false,0,false,false,2.796806433532135,0.3484646875825927,2.796806433532135,0.3484646875825927
Aztreonam,.....T.......,36.0,3.104382437923342,2.0482895824833376,2.288303665527154,274,71,95,false,false,false,0,false,false,2.4803252286446114,0.5536128975686975,2.4803252286446114,0.5536128975686975
Aztreonam,.....T.......,108.0,2.330039144461205,2.077036561428968,2.3992934319992325,185,124,195,false,false,false,0,false,false,2.268789712629802,0.16963487946819,2.268789712629802,0.16963487946819
Aztreonam,.....T.......,324.0,2.0990996293431414,2.1363493208175304,2.072872631764823,127,210,138,false,false,false,0,false,false,2.1027738606418316,0.031897452798001484,2.1027738606418316,0.031897452798001484
Aztreonam,...K.........,0.0,3.173882051868127,3.1353421846983074,2.9985791299174913,234,190,160,false,false,false,0,false,false,3.1026011221613086,0.0921236207123147,3.1026011221613086,0.0921236207123147
Aztreonam,...K.........,0.44,3.182225680640563,3.427084563581899,3.2364118672920488,303,398,367,false,false,false,0,false,false,3.2819073705048365,0.12861317486268029,3.2819073705048365,0.12861317486268029
Aztreonam,...K.........,1.33,2.6634876431829673,2.7555767720101874,2.509691033689262,102,108,90,false,false,false,0,false,false,2.642918482960806,0.12422667524163376,2.642918482960806,0.12422667524163376
Aztreonam,...K.........,4.0,2.136816420725704,2.655478233986345,2.570180221744075,63,123,99,false,false,false,0,false,false,2.4541582921520413,0.27811568679849413,2.4541582921520413,0.27811568679849413
Aztreonam,...K.........,12.0,2.220161114222862,2.6070507819792685,2.5831387076564996,93,102,94,false,false,false,0,false,false,2.4701168679528767,0.2167979611104755,2.4701168679528767,0.2167979611104755
Aztreonam,...K.........,36.0,2.13660512229832,3.0384833234584634,1.953582439461095,131,216,60,false,false,false,0,false,false,2.3762236284059592,0.5807884755885834,2.3762236284059592,0.5807884755885834
Aztreonam,...K.........,108.0,2.1274090498949336,1.800816759067357,2.270066932618847,125,90,124,false,false,false,0,false,false,2.0660975805270456,0.24055821239683953,2.0660975805270456,0.24055821239683953
Aztreonam,...K.........,324.0,2.0037408780185793,2.1497386591688916,2.1258286047622517,202,143,151,false,false,false,0,false,false,2.0931027139832405,0.07830757288195973,2.0931027139832405,0.07830757288195973
Aztreonam,.K.KS...K....,0.0,3.1288822710946835,3.196198493115425,3.292177796591024,259,350,281,false,false,false,0,false,false,3.205752853600378,0.08206595832005381,3.205752853600378,0.08206595832005381
Aztreonam,.K.KS...K....,0.44,3.7125702772041405,3.736842419981924,3.8823571981288456,1016,1164,1161,false,false,false,0,false,false,3.7772566317716367,0.09182527438135336,3.7772566317716367,0.09182527438135336
Aztreonam,.K.KS...K....,1.33,3.9752784392929996,3.863244335780432,4.072765604601548,1903,1847,1715,false,false,false,0,false,false,3.9704294598916596,0.10484476607360313,3.9704294598916596,0.10484476607360313
Aztreonam,.K.KS...K....,4.0,4.11422708172559,4.124355440325583,4.294435888857416,2709,3035,3120,false,false,false,0,false,false,4.177672803636196,0.1012465281615418,4.177672803636196,0.1012465281615418
Aztreonam,.K.KS...K....,12.0,4.528527616407432,4.469560296053571,4.692447777424334,6898,7148,7938,false,false,false,0,false,false,4.563511896628445,0.11548866712750369,4.563511896628445,0.11548866712750369
Aztreonam,.K.KS...K....,36.0,4.880675109326188,4.817577028943096,4.985373928662269,17274,16519,16132,false,false,false,0,false,false,4.894542022310517,0.08475357423511869,4.894542022310517,0.08475357423511869
Aztreonam,.K.KS...K....,108.0,5.176753681772532,5.185284075904725,5.416706579500483,45466,51074,57333,false,false,false,0,false,false,5.259581445725913,0.13614118647114049,5.259581445725913,0.13614118647114049
Aztreonam,.K.KS...K....,324.0,4.492008833862168,4.780086554523605,5.075094424731925,23218,48827,53306,false,false,false,0,false,false,4.782396604372566,0.2915496592652991,4.782396604372566,0.2915496592652991
Aztreonam,.....T.SK....,0.0,3.1011461822849236,3.071248748625873,3.1336699823634886,319,272,347,false,false,false,0,false,false,3.1020216377580945,0.031219824183451733,3.1020216377580945,0.031219824183451733
Aztreonam,.....T.SK....,0.44,3.719384252947723,3.814972454558311,3.6665121580636715,1417,1577,1350,false,false,false,0,false,false,3.7336229551899023,0.07524739457267036,3.7336229551899023,0.07524739457267036
Aztreonam,.....T.SK....,1.33,3.973847062809712,3.9939760008311205,3.920169290695339,2591,2759,2353,false,false,false,0,false,false,3.962664118112057,0.03815299862854717,3.962664118112057,0.03815299862854717
Aztreonam,.....T.SK....,4.0,4.186500377245205,4.174854851364744,4.173942097669604,4493,3945,4513,false,false,false,0,false,false,4.178432442093184,0.007001925666551216,4.178432442093184,0.007001925666551216
Aztreonam,.....T.SK....,12.0,4.458911984149684,4.448687111604915,4.477599347521396,8167,7928,9259,false,false,false,0,false,false,4.461732814425331,0.014661076324935107,4.461732814425331,0.014661076324935107
Aztreonam,.....T.SK....,36.0,4.7222271896193755,4.644836914708572,4.587878872577971,17033,12646,12791,false,false,false,0,false,false,4.651647658968639,0.06743261266624992,4.651647658968639,0.06743261266624992
Aztreonam,.....T.SK....,108.0,3.211795486393508,2.805114644249841,3.2004956850961883,932,435,873,false,false,false,0,false,false,3.0724686052465127,0.23160424590839648,3.0724686052465127,0.23160424590839648
Aztreonam,.....T.SK....,324.0,1.8582232592345624,2.0427616573746192,2.152722397190322,221,252,296,false,false,false,0,false,false,2.017902437933168,0.1488150568914318,2.017902437933168,0.1488150568914318
Aztreonam,.K.K.T.S.....,0.0,3.6115837101417148,3.211347932194923,3.0769908810048534,202,188,233,false,false,false,0,false,false,3.2999741744471636,0.2780977010925351,3.2999741744471636,0.2780977010925351
Aztreonam,.K.K.T.S.....,0.44,4.181045185676802,3.859707484910319,3.5532283534467655,867,830,801,false,false,false,0,false,false,3.864660341344629,0.31393771961646094,3.864660341344629,0.31393771961646094
Aztreonam,.K.K.T.S.....,1.33,4.462085030208122,4.032028318668961,3.806922739299043,1696,1400,1370,false,false,false,0,false,false,4.100345362725375,0.3328810909901054,4.100345362725375,0.3328810909901054
Aztreonam,.K.K.T.S.....,4.0,4.436793296502085,4.3359496820041015,4.008277707489197,1688,2691,2359,false,false,false,0,false,false,4.260340228665128,0.22404016287806408,4.260340228665128,0.22404016287806408
Aztreonam,.K.K.T.S.....,12.0,4.246190600060544,3.7312751047136263,3.661597244598917,1139,740,1225,false,false,false,0,false,false,3.879687649791029,0.3193071569268923,3.879687649791029,0.3193071569268923
Aztreonam,.K.K.T.S.....,36.0,2.598410093673257,2.2679664572740634,2.152878773476149,127,92,164,false,false,false,0,false,false,2.3397517748078234,0.23127772953574993,2.3397517748078234,0.23127772953574993
Aztreonam,.K.K.T.S.....,108.0,2.4976143122043224,2.240691540463543,2.5566932964150677,122,76,221,false,false,false,0,false,false,2.4316663830276446,0.16800632268795984,2.4316663830276446,0.16800632268795984
Aztreonam,.K.K.T.S.....,324.0,2.444439672017083,2.0710344582386133,2.0472353794640106,180,119,203,false,false,false,0,false,false,2.1875698365732354,0.22277383892266575,2.1875698365732354,0.22277383892266575
Aztreonam,....N........,0.0,3.1835327286178376,3.1477701555654356,3.2269346142913506,199,214,223,false,false,false,0,false,false,3.186079166158208,0.03964361410683986,3.186079166158208,0.03964361410683986
Aztreonam,....N........,0.44,3.7407294269010887,3.642594186739246,3.793776214333737,757,686,850,false,false,false,0,false,false,3.7256999426580237,0.0767034250496986,3.7256999426580237,0.0767034250496986
Aztreonam,....N........,1.33,3.5593802990337493,3.5482043557706273,3.648791772332153,537,678,578,false,false,false,0,false,false,3.58545880904551,0.055131874682034857,3.58545880904551,0.055131874682034857
Aztreonam,....N........,4.0,2.525559757185386,2.406257852606596,3.0188849473210566,61,74,211,false,false,false,0,false,false,2.650234185704346,0.32478573573891323,2.650234185704346,0.32478573573891323
Aztreonam,....N........,12.0,2.1876919978705596,2.376025923901001,2.240722869545069,83,95,72,false,false,false,0,false,false,2.2681469304388764,0.09711578790516182,2.2681469304388764,0.09711578790516182
Aztreonam,....N........,36.0,2.3232565130581144,2.8303365854742393,2.209460477307232,109,142,114,false,false,false,0,false,false,2.4543511919465284,0.33054673882492724,2.4543511919465284,0.33054673882492724
Aztreonam,....N........,108.0,1.7557287497004188,2.786326751379446,2.2568682403680627,53,212,135,false,false,false,0,false,false,2.2663079138159756,0.5153638431654898,2.2663079138159756,0.5153638431654898
Aztreonam,....N........,324.0,1.971144959364871,2.051295991639355,2.2928547065092144,160,154,200,false,false,false,0,false,false,2.10509855250448,0.1674673909113456,2.10509855250448,0.1674673909113456
Aztreonam,..L.ST.......,0.0,3.3510928070872166,3.1654795796438404,3.1890364671657085,277,313,284,false,false,false,0,false,false,3.235202951298922,0.10105234160277186,3.235202951298922,0.10105234160277186
Aztreonam,..L.ST.......,0.44,3.6026786929489294,3.4687879818067913,3.5445107797725823,507,698,654,false,false,false,0,false,false,3.538659151509434,0.06713688850054358,3.538659151509434,0.06713688850054358
Aztreonam,..L.ST.......,1.33,3.0765031641634852,3.0869033536236063,3.0527907126383713,201,371,226,false,false,false,0,false,false,3.072065743475154,0.017483881019979653,3.072065743475154,0.017483881019979653
Aztreonam,..L.ST.......,4.0,2.90843108416524,2.9310004280983475,3.0952650545732525,184,219,272,false,false,false,0,false,false,2.978232188945613,0.10197971636141924,2.978232188945613,0.10197971636141924
Aztreonam,..L.ST.......,12.0,2.777898367931779,2.7451037136109835,3.22153107672837,160,167,408,false,false,false,0,false,false,2.9148443860903774,0.2661041469028019,2.9148443860903774,0.2661041469028019
Aztreonam,..L.ST.......,36.0,2.358264429423532,2.625246851068089,2.7002228532594725,149,159,202,false,false,false,0,false,false,2.5612447112503642,0.17973896721085794,2.5612447112503642,0.17973896721085794
Aztreonam,..L.ST.......,108.0,2.4010151268499116,1.8304997197627766,2.1604286893328806,152,146,169,false,false,false,0,false,false,2.1306478453151896,0.28642124822323217,2.1306478453151896,0.28642124822323217
Aztreonam,..L.ST.......,324.0,2.27158784199856,1.901201180884577,2.0138918774392094,273,183,149,false,false,false,0,false,false,2.0622269667741153,0.18986516354653143,2.0622269667741153,0.18986516354653143
Aztreonam,.K..S..SK....,0.0,3.3953010541590265,3.3955827617294285,3.148047492677446,329,414,216,false,false,false,0,false,false,3.3129771028553,0.1428333017011546,3.3129771028553,0.1428333017011546
Aztreonam,.K..S..SK....,0.44,3.9084949557344286,3.8723519476905914,3.841514139437287,1167,1242,1118,false,false,false,0,false,false,3.874120347620769,0.03352540628676471,3.874120347620769,0.03352540628676471
Aztreonam,.K..S..SK....,1.33,4.113690387710586,4.066931423347879,4.108528969557036,1819,2276,1883,false,false,false,0,false,false,4.0963835935385005,0.025636552148094238,4.0963835935385005,0.025636552148094238
Aztreonam,.K..S..SK....,4.0,4.368856199887112,4.311457687768139,4.21264971162128,3395,3581,2692,false,false,false,0,false,false,4.297654533092177,0.07901273348861118,4.297654533092177,0.07901273348861118
Aztreonam,.K..S..SK....,12.0,4.584774488398828,4.466645201270786,4.487352364421954,5563,5424,5171,false,false,false,0,false,false,4.512924018030524,0.06307982419563606,4.512924018030524,0.06307982419563606
Aztreonam,.K..S..SK....,36.0,4.382468891245854,4.207558945855111,4.274131522822926,4208,3224,3668,false,false,false,0,false,false,4.288053119974631,0.08828210690501749,4.288053119974631,0.08828210690501749
Aztreonam,.K..S..SK....,108.0,2.4352070079476205,2.636301709680384,2.222851631982869,211,262,136,false,false,false,0,false,false,2.431453449870291,0.20675059512780164,2.431453449870291,0.20675059512780164
Aztreonam,.K..S..SK....,324.0,2.293870923613524,2.0559126313234457,2.1861171918026425,200,155,179,false,false,false,0,false,false,2.1786335822465372,0.11915553082586536,2.1786335822465372,0.11915553082586536
Aztreonam,.K.KS.T.K....,0.0,3.23539125152853,3.0694645815545725,3.2555966769686253,260,256,270,false,false,false,0,false,false,3.1868175033505763,0.10213151323097092,3.1868175033505763,0.10213151323097092
Aztreonam,.K.KS.T.K....,0.44,3.755307521504054,3.680158443222312,3.755825704004269,945,971,931,false,false,false,0,false,false,3.730430556243545,0.043537697906419044,3.730430556243545,0.043537697906419044
Aztreonam,.K.KS.T.K....,1.33,4.000769799594742,3.867331473677383,4.061096967781803,1704,1752,1731,false,false,false,0,false,false,3.976399413684643,0.09915494671693334,3.976399413684643,0.09915494671693334
Aztreonam,.K.KS.T.K....,4.0,4.2560446513305035,4.115920240893765,4.221724653042564,3157,2812,2713,false,false,false,0,false,false,4.197896515088945,0.0730379881898003,4.197896515088945,0.0730379881898003
Aztreonam,.K.KS.T.K....,12.0,4.451456710594805,4.323029765254289,4.508033881161221,4820,4744,5574,false,false,false,0,false,false,4.427506785670105,0.09479889188988651,4.427506785670105,0.09479889188988651
Aztreonam,.K.KS.T.K....,36.0,4.535442438602877,4.464802961957778,4.598455801247722,7103,6897,7504,false,false,false,0,false,false,4.532900400602792,0.06686267142779519,4.532900400602792,0.06686267142779519
Aztreonam,.K.KS.T.K....,108.0,2.0882601458233303,2.41766964036356,2.4425050687699454,131,202,189,false,false,false,0,false,false,2.3161449516522783,0.19774431261557252,2.3161449516522783,0.19774431261557252
Aztreonam,.K.KS.T.K....,324.0,2.088505356533346,1.9621828895190951,2.3086654156511996,202,185,222,false,false,false,0,false,false,2.119784553901214,0.1753463041233109,2.119784553901214,0.1753463041233109
Aztreonam,XXXXXXXXXXXXX,0.0,3.2507674952487444,3.2223720331044117,3.2214486413077275,1407742,1380374,1353607,false,false,false,0,false,false,3.2315293898869615,0.016667083924185738,3.2315293898869615,0.016667083924185738
Aztreonam,XXXXXXXXXXXXX,0.44,2.1068086169595746,2.0142302649532473,2.097125257224684,177691,142462,180879,false,false,false,0,false,false,2.0727213797125024,0.05088565360957885,2.0727213797125024,0.05088565360957885
Aztreonam,XXXXXXXXXXXXX,1.33,2.100518268211542,2.0404729950212865,2.055328606234769,229341,179269,196916,false,false,false,0,false,false,2.065439956489199,0.031273603263757874,2.065439956489199,0.031273603263757874
Aztreonam,XXXXXXXXXXXXX,4.0,2.10325514467874,2.0027532489401736,2.0654425596344717,272781,241429,227257,false,false,false,0,false,false,2.0571503177511286,0.05076148853560464,2.0571503177511286,0.05076148853560464
Aztreonam,XXXXXXXXXXXXX,12.0,2.113277742830255,2.041798840674861,2.0588111779438196,355582,257781,313605,false,false,false,0,false,false,2.0712959204829784,0.03733912104665724,2.0712959204829784,0.03733912104665724
Aztreonam,XXXXXXXXXXXXX,36.0,2.1052876389444903,2.0096856638767466,1.9998595445952039,519797,298730,312096,false,false,false,0,false,false,2.0382776158054803,0.05823998245064789,2.0382776158054803,0.05823998245064789
Aztreonam,XXXXXXXXXXXXX,108.0,2.039646694313158,1.9360733564144925,2.0315942701369987,559450,467594,501855,false,false,false,0,false,false,2.0024381069548833,0.05761441199469449,2.0024381069548833,0.05761441199469449
Aztreonam,XXXXXXXXXXXXX,324.0,1.857585046559709,1.8404921059799886,1.9057632881924569,637899,541750,539052,false,false,false,0,false,false,1.867946813577385,0.03384680883997419,1.867946813577385,0.03384680883997419
Aztreonam,.K......K....,0.0,3.226966783740998,3.2575341647417684,3.0476166135993714,224,218,177,false,false,false,0,false,false,3.177372520694046,0.11340651553055896,3.177372520694046,0.11340651553055896
Aztreonam,.K......K....,0.44,2.8169714356971127,3.060605636764408,3.062789398180157,112,148,216,false,false,false,0,false,false,2.9801221568805594,0.14129688804248042,2.9801221568805594,0.14129688804248042
Aztreonam,.K......K....,1.33,2.9035439772032614,2.778541838973475,2.722909945031697,142,91,102,false,false,false,0,false,false,2.8016652537361444,0.09251044604451046,2.8016652537361444,0.09251044604451046
Aztreonam,.K......K....,4.0,2.78270631016518,2.820246997029527,2.572507574580437,124,115,85,false,false,false,0,false,false,2.725153627258381,0.13352130482129085,2.725153627258381,0.13352130482129085
Aztreonam,.K......K....,12.0,2.972213255342934,2.4037744064570483,2.562689139326704,167,76,99,false,false,false,0,false,false,2.646225600375562,0.29328217892347835,2.646225600375562,0.29328217892347835
Aztreonam,.K......K....,36.0,2.327516590503118,2.2684678479843674,2.0446309961543454,103,105,73,false,false,false,0,false,false,2.213538478213944,0.14922798537823445,2.213538478213944,0.14922798537823445
Aztreonam,.K......K....,108.0,2.1444506546070135,2.068779177774078,2.1160961894130454,103,70,123,false,false,false,0,false,false,2.1097753405980453,0.03822967366883927,2.1097753405980453,0.03822967366883927
Aztreonam,.K......K....,324.0,1.8227878024133382,2.1591375576581164,1.8649937786279411,122,138,108,false,false,false,0,false,false,1.9489730462331318,0.18322712000119892,1.9489730462331318,0.18322712000119892
Aztreonam,...K.T..K.M.D,0.0,3.0108297241837936,3.2598670939284524,3.334404380931636,171,184,166,false,false,false,0,false,false,3.2017003996812936,0.16944811259528045,3.2017003996812936,0.16944811259528045
Aztreonam,...K.T..K.M.D,0.44,2.6731854320914454,2.8578683035576353,2.865913329106202,111,77,71,false,false,false,0,false,false,2.7989890215850948,0.10902333675013869,2.7989890215850948,0.10902333675013869
Aztreonam,...K.T..K.M.D,1.33,2.2136541079493566,2.5210464250638855,2.7239496418493068,53,43,79,false,false,false,0,false,false,2.486216724954183,0.25692452974921964,2.486216724954183,0.25692452974921964
Aztreonam,...K.T..K.M.D,4.0,2.5541655439546385,2.2105959921992593,2.564380135805665,91,40,43,false,false,false,0,false,false,2.4430472239865213,0.20137344869975327,2.4430472239865213,0.20137344869975327
Aztreonam,...K.T..K.M.D,12.0,1.9611829286524134,2.6259156880977974,2.803959217024556,69,71,123,false,false,false,0,false,false,2.463685944591589,0.44419234045529066,2.463685944591589,0.44419234045529066
Aztreonam,...K.T..K.M.D,36.0,1.883568530836284,1.9933393707541394,2.476509048934703,83,38,93,false,false,false,0,false,false,2.117805650175042,0.3154576128980993,2.117805650175042,0.3154576128980993
Aztreonam,...K.T..K.M.D,108.0,2.5883386626775624,2.243671418402867,2.2253332927221243,181,116,67,false,false,false,0,false,false,2.3524477912675184,0.20449315177852115,2.3524477912675184,0.20449315177852115
Aztreonam,...K.T..K.M.D,324.0,1.8872151405272741,2.032111152497461,2.291401645725236,150,125,111,false,false,false,0,false,false,2.0702426462499903,0.20477351112359454,2.0702426462499903,0.20477351112359454
Aztreonam,...KN...K....,0.0,3.134831514186044,3.180982033641092,3.1929035094531857,206,240,258,false,false,false,0,false,false,3.169572352426774,0.0306712369759682,3.169572352426774,0.0306712369759682
Aztreonam,...KN...K....,0.44,3.643994376104149,3.7622242851583345,3.6014075766764333,715,879,677,false,false,false,0,false,false,3.6692087459796388,0.08332062630526557,3.6692087459796388,0.08332062630526557
Aztreonam,...KN...K....,1.33,3.8628743910292154,3.906784560179685,3.8896586275829637,1131,1451,1196,false,false,false,0,false,false,3.8864391929306215,0.022131409993858014,3.8864391929306215,0.022131409993858014
Aztreonam,...KN...K....,4.0,4.141079623246478,4.165414480421289,4.076924551937337,2188,2381,2067,false,false,false,0,false,false,4.127806218535034,0.04571383067791477,4.127806218535034,0.04571383067791477
Aztreonam,...KN...K....,12.0,4.513216835259375,4.438043439582306,4.381403261980328,5219,4620,4324,false,false,false,0,false,false,4.44422117894067,0.06612358030863585,4.44422117894067,0.06612358030863585
Aztreonam,...KN...K....,36.0,4.822750006970456,4.8358838473484385,4.727997271183641,11785,11925,9806,false,false,false,0,false,false,4.795543708500845,0.05886438088057857,4.795543708500845,0.05886438088057857
Aztreonam,...KN...K....,108.0,5.185947432683127,5.28487863464384,5.1877012571087215,36031,43967,37028,false,false,false,0,false,false,5.219509108145229,0.056618461839035586,5.219509108145229,0.056618461839035586
Aztreonam,...KN...K....,324.0,5.008959725720139,5.321031589698363,5.155177536156094,56431,113711,67499,false,false,false,0,false,false,5.161722950524865,0.15613886098167526,5.161722950524865,0.15613886098167526
Aztreonam,.K.KS.T.KS...,0.0,3.2954727942283286,3.2545654001304354,3.076403732215383,360,294,283,false,false,false,0,false,false,3.208813975524716,0.1164805053341442,3.208813975524716,0.1164805053341442
Aztreonam,.K.KS.T.KS...,0.44,3.8045260012476056,3.8508982691608273,3.6335226572077945,1268,1172,1070,false,false,false,0,false,false,3.7629823092054093,0.11448776322979463,3.7629823092054093,0.11448776322979463
Aztreonam,.K.KS.T.KS...,1.33,3.9979069481702334,4.042520445018596,3.9339498095064624,2031,2180,2040,false,false,false,0,false,false,3.991459067565097,0.05457176098588628,3.991459067565097,0.05457176098588628
Aztreonam,.K.KS.T.KS...,4.0,4.070442337367707,4.258100737429813,4.045952457157597,2534,3359,2940,false,false,false,0,false,false,4.124831843985039,0.1160619964853797,4.124831843985039,0.1160619964853797
Aztreonam,.K.KS.T.KS...,12.0,3.3396528362124873,3.5009024821750527,3.26560004884517,592,716,564,false,false,false,0,false,false,3.368718455744237,0.12031382489894611,3.368718455744237,0.12031382489894611
Aztreonam,.K.KS.T.KS...,36.0,2.162602374584535,2.3037694690955544,2.588638558976213,153,124,397,false,false,false,0,false,false,2.3516701342187676,0.21701972926945967,2.3516701342187676,0.21701972926945967
Aztreonam,.K.KS.T.KS...,108.0,2.205496379699328,2.252802357332881,2.143407013835843,161,193,196,false,false,false,0,false,false,2.2005685836226836,0.0548639013864169,2.2005685836226836,0.0548639013864169
Aztreonam,.K.KS.T.KS...,324.0,2.0199406153808948,2.1531196165537594,1.9788672264614422,214,232,209,false,false,false,0,false,false,2.0506424861320323,0.0910929608363672,2.0506424861320323,0.0910929608363672
Aztreonam,..L.S........,0.0,3.294209083534928,2.934803586028709,3.1409158770195176,325,259,289,false,false,false,0,false,false,3.1233095155277186,0.18034845683608738,3.1233095155277186,0.18034845683608738
Aztreonam,..L.S........,0.44,3.4302653987559943,3.285687962516176,3.4223204393606297,552,627,661,false,false,false,0,false,false,3.379424600210933,0.08127544850498926,3.379424600210933,0.08127544850498926
Aztreonam,..L.S........,1.33,3.0584333767283343,2.589330895633462,2.7329451729591203,233,177,150,false,false,false,0,false,false,2.793569815106972,0.2403555592637865,2.793569815106972,0.2403555592637865
Aztreonam,..L.S........,4.0,2.7328890388556433,2.4497476735511303,2.873381988952019,161,131,233,false,false,false,0,false,false,2.685339567119598,0.21578281324766738,2.685339567119598,0.21578281324766738
Aztreonam,..L.S........,12.0,2.8404049008208183,2.285065343973896,2.9683207884856064,215,129,298,false,false,false,0,false,false,2.6979303444267733,0.3632268575263724,2.6979303444267733,0.3632268575263724
Aztreonam,..L.S........,36.0,2.340353814639072,2.113769874005965,2.0332666572849636,162,125,128,false,false,false,0,false,false,2.1624634486433334,0.15922917041541254,2.1624634486433334,0.15922917041541254
Aztreonam,..L.S........,108.0,2.140617711045397,2.008490447289828,2.6827753240899184,135,169,267,false,false,false,0,false,false,2.277294494141714,0.3573169895883718,2.277294494141714,0.3573169895883718
Aztreonam,..L.S........,324.0,2.101315438891474,1.9149598760470425,2.070752386728967,249,207,228,false,false,false,0,false,false,2.029009233889161,0.09994482006348179,2.029009233889161,0.09994482006348179
Aztreonam,.........S...,0.0,3.4232217099457682,3.113187472208524,3.5596144082479064,222,172,245,false,false,false,0,false,false,3.365341196800733,0.22877252382405347,3.365341196800733,0.22877252382405347
Aztreonam,.........S...,0.44,2.9424057801870225,2.851019951111518,3.109352139586671,86,109,102,false,false,false,0,false,false,2.967592623628404,0.130994895749781,2.967592623628404,0.130994895749781
Aztreonam,.........S...,1.33,2.736006292947012,2.5833406150572675,3.0100049826312856,90,86,77,false,false,false,0,false,false,2.776450630211855,0.21618841077155007,2.776450630211855,0.21618841077155007
Aztreonam,.........S...,4.0,2.9845067506730927,2.465505615171793,2.810961226000872,146,89,94,false,false,false,0,false,false,2.753657863948586,0.2642031436977637,2.753657863948586,0.2642031436977637
Aztreonam,.........S...,12.0,2.7261520651292543,2.261900418234183,2.6519769978132186,95,66,88,false,false,false,0,false,false,2.546676493725552,0.24939636130471912,2.546676493725552,0.24939636130471912
Aztreonam,.........S...,36.0,2.942130186175741,2.7266081790447974,2.732881116784738,154,120,92,false,false,false,0,false,false,2.800539827335092,0.12266095435973133,2.800539827335092,0.12266095435973133
Aztreonam,.........S...,108.0,2.390771794443722,2.019446433393134,2.7160208306627487,110,100,139,false,false,false,0,false,false,2.375413019499868,0.34854109041648684,2.375413019499868,0.34854109041648684
Aztreonam,.........S...,324.0,2.1566951841362676,1.887054336950026,2.4008444139879734,125,111,144,false,false,false,0,false,false,2.148197978358089,0.25700041380354344,2.148197978358089,0.25700041380354344
Aztreonam,....H...K....,0.0,3.158285607404305,3.148895801563624,3.0540206702263606,283,335,268,false,false,false,0,false,false,3.120400693064763,0.05767818207478069,3.120400693064763,0.05767818207478069
Aztreonam,....H...K....,0.44,3.7705513398271817,3.7765069571068217,3.6731875153458313,1246,1384,1247,false,false,false,0,false,false,3.7400819374266114,0.05800875040402589,3.7400819374266114,0.05800875040402589
Aztreonam,....H...K....,1.33,3.9757572807648867,3.9075961866473783,3.8990388919622947,2044,2108,2010,false,false,false,0,false,false,3.92746411979152,0.04204139472807101,3.92746411979152,0.04204139472807101
Aztreonam,....H...K....,4.0,4.250952708009481,4.100934616168684,4.169052475099475,3865,3156,3940,false,false,false,0,false,false,4.173646599759214,0.07511448898801343,4.173646599759214,0.07511448898801343
Aztreonam,....H...K....,12.0,4.386924313933522,4.393923679402989,4.391923033398389,5350,6644,6749,false,false,false,0,false,false,4.3909236755783,0.0036051097463489765,4.3909236755783,0.0036051097463489765
Aztreonam,....H...K....,36.0,4.35549764803244,4.446692484236078,4.32109115929482,5729,7754,6353,false,false,false,0,false,false,4.3744270971877794,0.06490505558693664,4.3744270971877794,0.06490505558693664
Aztreonam,....H...K....,108.0,3.3293617036578755,2.0266904295046406,2.2200277913544273,791,155,184,false,false,false,0,false,false,2.525359974838981,0.7029643794884539,2.525359974838981,0.7029643794884539
Aztreonam,....H...K....,324.0,1.9375524012322654,1.7776808011522338,2.0553195774965856,208,145,187,false,false,false,0,false,false,1.9235175932936948,0.13935047329629585,1.9235175932936948,0.13935047329629585
Aztreonam,....H.....M..,0.0,3.2616810731345094,3.3389241956915905,3.500271924829655,152,164,166,false,false,false,0,false,false,3.3669590645519185,0.1217409710498713,3.3669590645519185,0.1217409710498713
Aztreonam,....H.....M..,0.44,3.705703523673647,3.6731348964852772,3.716002890228538,495,376,313,false,false,false,0,false,false,3.698280436795821,0.022377285045104944,3.698280436795821,0.022377285045104944
Aztreonam,....H.....M..,1.33,2.667753271090888,2.9968414413350244,3.259593321175162,73,94,102,false,false,false,0,false,false,2.9747293445336918,0.29653898536221635,2.9747293445336918,0.29653898536221635
Aztreonam,....H.....M..,4.0,2.4123664910111295,2.891814844110965,3.0546636928928095,42,70,93,false,false,false,0,false,false,2.7862816760049682,0.3339002262115516,2.7862816760049682,0.3339002262115516
Aztreonam,....H.....M..,12.0,2.675663385957198,2.7653353395365645,2.7574153296151502,94,74,58,false,false,false,0,false,false,2.7328046850363044,0.049644009554272846,2.7328046850363044,0.049644009554272846
Aztreonam,....H.....M..,36.0,1.8896086657129296,2.48933887562983,2.5633601510192903,44,57,68,false,false,false,0,false,false,2.314102564120683,0.36948083798977965,2.314102564120683,0.36948083798977965
Aztreonam,....H.....M..,108.0,1.9930851411636665,2.349598922771675,2.2394254138317087,52,85,59,false,false,false,0,false,false,2.194036492589017,0.18253940601358423,2.194036492589017,0.18253940601358423
Aztreonam,....H.....M..,324.0,2.095167294295875,2.0661146240227937,2.4101500790330403,125,92,92,false,false,false,0,false,false,2.1904773324505693,0.19079596721580336,2.1904773324505693,0.19079596721580336
Aztreonam,....HT..K....,0.0,3.293405678120948,3.2862994431459662,3.2107490766582623,178,224,225,false,false,false,0,false,false,3.2634847326417256,0.04580842392927916,3.2634847326417256,0.04580842392927916
Aztreonam,....HT..K....,0.44,3.9258324929475994,3.7684958864491445,3.7869786304196773,819,709,909,false,false,false,0,false,false,3.8271023366054737,0.08600078944216444,3.8271023366054737,0.08600078944216444
Aztreonam,....HT..K....,1.33,4.18332607543398,4.06896031825964,3.9663430033140537,1545,1659,1370,false,false,false,0,false,false,4.072876465669224,0.108544532587093,4.072876465669224,0.108544532587093
Aztreonam,....HT..K....,4.0,4.4272168700937,4.22279210557269,4.31900955918245,2784,2141,3222,false,false,false,0,false,false,4.323006178282946,0.10227096758388175,4.323006178282946,0.10227096758388175
Aztreonam,....HT..K....,12.0,4.624216673252495,4.498413632430793,4.5500775209859805,4348,4304,5729,false,false,false,0,false,false,4.557569275556422,0.06323524381153685,4.557569275556422,0.06323524381153685
Aztreonam,....HT..K....,36.0,4.710948948842659,4.629039712401783,4.594490176971629,6132,6026,6824,false,false,false,0,false,false,4.644826279405357,0.05981281768773229,4.644826279405357,0.05981281768773229
Aztreonam,....HT..K....,108.0,2.4803668722388457,2.867201477926382,2.6067118466846924,152,275,178,false,false,false,0,false,false,2.6514267322833067,0.1972557192705216,2.6514267322833067,0.1972557192705216
Aztreonam,....HT..K....,324.0,2.293189339557089,2.1167124937049926,2.2467611719914067,201,139,199,false,false,false,0,false,false,2.2188876684178296,0.09148069977637809,2.2188876684178296,0.09148069977637809
Aztreonam,...KNT..K....,0.0,3.0488276285126585,3.2050118041445157,3.198833321402096,271,301,287,false,false,false,0,false,false,3.1508909180197566,0.08844337007942939,3.1508909180197566,0.08844337007942939
Aztreonam,...KNT..K....,0.44,3.697141461911209,3.7895924939628505,3.727230208020587,1133,1099,1017,false,false,false,0,false,false,3.737988054631549,0.047155029208263075,3.737988054631549,0.047155029208263075
Aztreonam,...KNT..K....,1.33,3.9644886826356047,4.020045480060964,4.010343156179556,2078,2126,1874,false,false,false,0,false,false,3.998292439625375,0.029674134564339257,3.998292439625375,0.029674134564339257
Aztreonam,...KNT..K....,4.0,4.147520020805141,4.175526617975304,4.283310880601948,3387,2728,3645,false,false,false,0,false,false,4.202119173127464,0.07169492585413238,4.202119173127464,0.07169492585413238
Aztreonam,...KNT..K....,12.0,4.477188410979494,4.537948055362817,4.547403894324962,6985,6648,7089,false,false,false,0,false,false,4.5208467868890905,0.038103721116411374,4.5208467868890905,0.038103721116411374
Aztreonam,...KNT..K....,36.0,4.9513001353365445,4.970036061187707,4.981757103958254,23136,18493,19638,false,false,false,0,false,false,4.967697766827502,0.015362533963906517,4.967697766827502,0.015362533963906517
Aztreonam,...KNT..K....,108.0,5.299006756523089,5.338156942355801,5.436430249315943,68330,56680,73741,false,false,false,0,false,false,5.357864649398278,0.07079971313854977,5.357864649398278,0.07079971313854977
Aztreonam,...KNT..K....,324.0,5.408046137138356,5.6867579109958575,5.7114243514435215,202290,291621,267145,false,false,false,0,false,false,5.602076133192579,0.16848690705123234,5.602076133192579,0.16848690705123234
Aztreonam,...KN...K.M..,0.0,3.0638818078238956,3.0220407816870734,3.1836529538933314,183,265,223,false,false,false,0,false,false,3.0898585144681,0.08387917213090262,3.0898585144681,0.08387917213090262
Aztreonam,...KN...K.M..,0.44,3.8125898873728494,3.621374469662124,3.765570661749828,1068,887,913,false,false,false,0,false,false,3.733178339594934,0.09963825015279837,3.733178339594934,0.09963825015279837
Aztreonam,...KN...K.M..,1.33,4.041435985761313,3.849107043144899,4.031110840257337,2020,1853,1508,false,false,false,0,false,false,3.9738846230545164,0.10818380421068255,3.9738846230545164,0.10818380421068255
Aztreonam,...KN...K.M..,4.0,4.238433418474952,3.9972001590892527,4.141689248972453,3126,2349,2230,false,false,false,0,false,false,4.125774275512219,0.12140154918139219,4.125774275512219,0.12140154918139219
Aztreonam,...KN...K.M..,12.0,4.513185793769815,4.232525210588623,4.479746815378183,5833,4221,4958,false,false,false,0,false,false,4.4084859399122065,0.15330092960264383,4.4084859399122065,0.15330092960264383
Aztreonam,...KN...K.M..,36.0,4.899820986233443,4.686401164066881,4.936408441710259,15665,12475,14379,false,false,false,0,false,false,4.840876864003527,0.1350248750332866,4.840876864003527,0.1350248750332866
Aztreonam,...KN...K.M..,108.0,5.307069816874648,5.1213755608288105,5.4629832148094595,53264,44950,63646,false,false,false,0,false,false,5.297142864170972,0.1710200444597839,5.297142864170972,0.1710200444597839
Aztreonam,...KN...K.M..,324.0,5.40489605619407,5.208330900796822,5.574299260486458,153285,127064,158499,false,false,false,0,false,false,5.39584207249245,0.1831520981019125,5.39584207249245,0.1831520981019125
Aztreonam,....H........,0.0,3.187425604775066,3.3572262929419376,3.504276215395216,160,179,204,false,false,false,0,false,false,3.34964270437074,0.15856137762489111,3.34964270437074,0.15856137762489111
Aztreonam,....H........,0.44,3.3830546599624087,3.7186186029518273,3.6448831777766952,286,466,360,false,false,false,0,false,false,3.58218548023031,0.17634920163376103,3.58218548023031,0.17634920163376103
Aztreonam,....H........,1.33,2.5280443061964615,2.922396781922954,3.0361740208301877,70,92,97,false,false,false,0,false,false,2.8288717029832013,0.26666300271401217,2.8288717029832013,0.26666300271401217
Aztreonam,....H........,4.0,2.627839579609219,2.565240751300157,3.0895799669128428,59,47,120,false,false,false,0,false,false,2.7608867659407395,0.28637225529087557,2.7608867659407395,0.28637225529087557
Aztreonam,....H........,12.0,2.916153053118612,3.089835914380428,2.7286896843535673,150,140,64,false,false,false,0,false,false,2.911559550617536,0.18061692906417748,2.911559550617536,0.18061692906417748
Aztreonam,....H........,36.0,2.315212233419335,2.419108436916487,2.2884043149047555,76,65,85,false,false,false,0,false,false,2.340908328413526,0.06903701073465787,2.340908328413526,0.06903701073465787
Aztreonam,....H........,108.0,2.0781643656610576,2.26531852239781,2.558239786054034,82,77,121,false,false,false,0,false,false,2.3005742247043,0.2419717457167595,2.3005742247043,0.2419717457167595
Aztreonam,....H........,324.0,1.9460049238944521,2.3079479314797933,2.262715797360086,121,168,121,false,false,false,0,false,false,2.172222884244777,0.19721158859978719,2.172222884244777,0.19721158859978719
Aztreonam,.......S.....,0.0,3.1456230589304894,2.9686153544888203,3.4515268629119387,70,67,120,false,false,false,0,false,false,3.1885884254437493,0.24430595220253426,3.1885884254437493,0.24430595220253426
Aztreonam,.......S.....,0.44,2.726150210720036,2.748617645602713,3.15110974331987,32,45,76,false,false,false,0,false,false,2.8752925332142065,0.23912872359966647,2.8752925332142065,0.23912872359966647
Aztreonam,.......S.....,1.33,2.9424596469450814,2.822157187429514,3.057041918596394,76,59,59,false,false,false,0,false,false,2.9405529176569964,0.11745397373553568,2.9405529176569964,0.11745397373553568
Aztreonam,.......S.....,4.0,2.988568996011225,1.975394133240962,2.6878312743904083,63,30,44,false,false,false,0,false,false,2.5505981345475317,0.5203417402445591,2.5505981345475317,0.5203417402445591
Aztreonam,.......S.....,12.0,2.4973315559526545,2.6365806853295384,2.4910976212611935,46,44,42,false,false,false,0,false,false,2.541669954181129,0.08225418318103106,2.541669954181129,0.08225418318103106
Aztreonam,.......S.....,36.0,2.1518770712245328,2.024683596070207,2.7818173189367723,54,44,47,false,false,false,0,false,false,2.319459328743837,0.4054327667467149,2.319459328743837,0.4054327667467149
Aztreonam,.......S.....,108.0,2.29068078513636,1.6299605246244577,2.1145530819653136,54,25,28,false,false,false,0,false,false,2.0117314639087103,0.34215059479352433,2.0117314639087103,0.34215059479352433
Aztreonam,.......S.....,324.0,2.0130031030345887,2.0205874956162035,2.3148628127647046,65,63,78,false,false,false,0,false,false,2.1161511371384987,0.1721311368559994,2.1161511371384987,0.1721311368559994
Aztreonam,........K....,0.0,3.1987751697628024,3.044171051723077,3.113823340918939,166,148,128,false,false,false,0,false,false,3.1189231874682726,0.07742812573497056,3.1189231874682726,0.07742812573497056
Aztreonam,........K....,0.44,2.956468579328906,2.8221754939384307,2.928470416265361,114,87,102,false,false,false,0,false,false,2.902371496510899,0.0708485949415071,2.902371496510899,0.0708485949415071
Aztreonam,........K....,1.33,3.170075416270258,2.780756728316575,2.937675788334285,201,108,109,false,false,false,0,false,false,2.9628359776403728,0.1958750533935676,2.9628359776403728,0.1958750533935676
Aztreonam,........K....,4.0,2.924518803514963,2.633331989827248,2.9407735721261474,131,89,112,false,false,false,0,false,false,2.832874788489453,0.17300014667366534,2.832874788489453,0.17300014667366534
Aztreonam,........K....,12.0,3.1125694172938307,2.500962520895616,2.4523112547542465,214,68,62,false,false,false,0,false,false,2.6886143976478976,0.36796077295892177,2.6886143976478976,0.36796077295892177
Aztreonam,........K....,36.0,2.302426289981822,1.9958312638175215,2.3465106473349544,128,48,82,false,false,false,0,false,false,2.2149227337114326,0.19101482082816404,2.2149227337114326,0.19101482082816404
Aztreonam,........K....,108.0,2.253824388012831,2.1369587000749863,2.2861860023698677,138,100,79,false,false,false,0,false,false,2.225656363485895,0.07850016013910116,2.225656363485895,0.07850016013910116
Aztreonam,........K....,324.0,2.1103763318751025,2.092024472601079,2.069452796625038,167,176,95,false,false,false,0,false,false,2.09061786703374,0.020497995969298338,2.09061786703374,0.020497995969298338
Aztreonam,P.......K.ML.,0.0,3.0108725787067665,3.2214320785181667,3.2358048987974266,115,142,145,false,false,false,0,false,false,3.1560365186741195,0.1259208941789607,3.1560365186741195,0.1259208941789607
Aztreonam,P.......K.ML.,0.44,2.7854420416642576,3.2368122873480547,3.020942606152663,95,140,106,false,false,false,0,false,false,3.014398978388325,0.22575626009127966,3.014398978388325,0.22575626009127966
Aztreonam,P.......K.ML.,1.33,3.24955548766878,3.1911984161026785,3.125542732156335,247,152,119,false,false,false,0,false,false,3.1887655453092645,0.06204216330585559,3.1887655453092645,0.06204216330585559
Aztreonam,P.......K.ML.,4.0,2.9016413329681865,2.912472898622081,3.170354267476764,121,74,142,false,false,false,0,false,false,2.9948228330223436,0.15211112406674426,2.9948228330223436,0.15211112406674426
Aztreonam,P.......K.ML.,12.0,2.5062088851081983,2.7544874772185333,2.4850253948048184,79,73,65,false,false,false,0,false,false,2.5819072523771833,0.14983369304023886,2.5819072523771833,0.14983369304023886
Aztreonam,P.......K.ML.,36.0,1.9658895024180039,2.188288086582205,2.3826958175485133,49,31,67,false,false,false,0,false,false,2.1789578021829077,0.20855974381072975,2.1789578021829077,0.20855974381072975
Aztreonam,P.......K.ML.,108.0,1.9302884777693547,2.486781343614727,2.2192597579756033,53,72,84,false,false,false,0,false,false,2.212109859786562,0.27831532156402045,2.212109859786562,0.27831532156402045
Aztreonam,P.......K.ML.,324.0,1.9147010204372277,1.9839547576950491,2.0203391712392795,106,65,70,false,false,false,0,false,false,1.9729983164571854,0.053664582637604964,1.9729983164571854,0.053664582637604964
Aztreonam,.K.KN...K....,0.0,3.1875837824906323,3.200709130947184,3.1475780201494055,218,285,214,false,false,false,0,false,false,3.1786236445290736,0.027675653341322857,3.1786236445290736,0.027675653341322857
Aztreonam,.K.KN...K....,0.44,3.7178550871798395,3.709679525876265,3.6538194632264234,830,874,724,false,false,false,0,false,false,3.693784692094176,0.034851464667873165,3.693784692094176,0.034851464667873165
Aztreonam,.K.KN...K....,1.33,3.936744203562207,3.9301748493567117,4.001626528315523,1425,1644,1435,false,false,false,0,false,false,3.9561818604114802,0.03949306881404421,3.9561818604114802,0.03949306881404421
Aztreonam,.K.KN...K....,4.0,4.212552945107703,4.152868479292788,4.260787578111466,2651,2456,2873,false,false,false,0,false,false,4.208736334170652,0.054060686841201744,4.208736334170652,0.054060686841201744
Aztreonam,.K.KN...K....,12.0,4.481334663127628,4.433025523933813,4.435496160311763,4823,4978,4514,false,false,false,0,false,false,4.449952115791068,0.027206143038412803,4.449952115791068,0.027206143038412803
Aztreonam,.K.KN...K....,36.0,4.821239149401336,4.790012056197048,4.866376588639785,12094,11470,12572,false,false,false,0,false,false,4.825875931412723,0.03839284131664774,4.825875931412723,0.03839284131664774
Aztreonam,.K.KN...K....,108.0,5.226502951879236,5.276986761211315,5.360519498825924,40592,46856,51148,false,false,false,0,false,false,5.288003070638825,0.06768403075268513,5.288003070638825,0.06768403075268513
Aztreonam,.K.KN...K....,324.0,5.515343487983756,5.599258316367932,5.629709780121335,178745,227272,181296,false,false,false,0,false,false,5.581437194824342,0.05922927041698275,5.581437194824342,0.05922927041698275
Aztreonam,....S.T.K....,0.0,3.115680270486376,3.2917535365795265,3.3243720125530514,250,281,252,false,false,false,0,false,false,3.2439352732063185,0.11226308625602661,3.2439352732063185,0.11226308625602661
Aztreonam,....S.T.K....,0.44,3.8201989136115104,3.8938018209350114,3.9711012122024743,1214,1175,1174,false,false,false,0,false,false,3.895033982249666,0.0754586946357946,3.895033982249666,0.0754586946357946
Aztreonam,....S.T.K....,1.33,4.09826648808592,4.0653643884151505,4.235111807351317,2322,2108,1964,false,false,false,0,false,false,4.1329142279507955,0.090021641660107,4.1329142279507955,0.090021641660107
Aztreonam,....S.T.K....,4.0,4.150406438960193,4.080747959787369,4.323786237733875,2773,2030,2763,false,false,false,0,false,false,4.18498021216048,0.12515354761963168,4.18498021216048,0.12515354761963168
Aztreonam,....S.T.K....,12.0,3.2411082468975168,3.3187011479646045,3.74486485744222,453,394,807,false,false,false,0,false,false,3.4348914174347804,0.27123387455577164,3.4348914174347804,0.27123387455577164
Aztreonam,....S.T.K....,36.0,3.2168839217933285,2.969389945984873,3.2414412552211935,487,227,438,false,false,false,0,false,false,3.1425717076664648,0.15048158555327162,3.1425717076664648,0.15048158555327162
Aztreonam,....S.T.K....,108.0,2.381764635630126,2.084513915064195,2.4122506599975955,186,175,167,false,false,false,0,false,false,2.292843070230639,0.18106111423965848,2.292843070230639,0.18106111423965848
Aztreonam,....S.T.K....,324.0,2.1458095076052577,2.2054182901717754,2.2858036629240193,305,207,184,false,false,false,0,false,false,2.2123438202336843,0.07025356294048143,2.2123438202336843,0.07025356294048143
Aztreonam,.....T.S.....,0.0,3.314795222067759,3.357900758009187,3.2534378672211277,297,280,220,false,false,false,0,false,false,3.308711282432691,0.052496520161453133,3.308711282432691,0.052496520161453133
Aztreonam,.....T.S.....,0.44,3.2790135395183664,3.461249541473923,3.267666567939654,297,383,283,false,false,false,0,false,false,3.335976549643981,0.10863784010426816,3.335976549643981,0.10863784010426816
Aztreonam,.....T.S.....,1.33,2.746047824226111,2.6534756724100896,2.4731988174769906,107,78,50,false,false,false,0,false,false,2.624240771371064,0.13875393580027415,2.624240771371064,0.13875393580027415
Aztreonam,.....T.S.....,4.0,2.4608433251779003,2.3474140707365607,2.7047978649678637,77,78,79,false,false,false,0,false,false,2.5043517536274416,0.18262127916648216,2.5043517536274416,0.18262127916648216
Aztreonam,.....T.S.....,12.0,2.1952444666471336,2.376026867771708,2.6807726095369784,61,66,111,false,false,false,0,false,false,2.4173479813186067,0.24538738802775129,2.4173479813186067,0.24538738802775129
Aztreonam,.....T.S.....,36.0,2.2633266862247714,1.8948029516182205,2.4011567862191603,165,62,95,false,false,false,0,false,false,2.1864288080207173,0.26178906433994353,2.1864288080207173,0.26178906433994353
Aztreonam,.....T.S.....,108.0,2.1991962932679745,2.250216929549849,2.326880383544491,126,136,159,false,false,false,0,false,false,2.258764535454105,0.0642697666283008,2.258764535454105,0.0642697666283008
Aztreonam,.....T.S.....,324.0,1.9718409134745152,2.0946180948468984,2.12860126411182,166,136,141,false,false,false,0,false,false,2.065020090811078,0.0824650426857407,2.065020090811078,0.0824650426857407
Aztreonam,...K...S.....,0.0,3.245428531515299,3.1666682311159717,2.929323427960274,126,135,93,false,false,false,0,false,false,3.1138067301971812,0.16454896788774973,3.1138067301971812,0.16454896788774973
Aztreonam,...K...S.....,0.44,3.8469389614858365,3.7117664967672117,3.5426841695535467,480,445,433,false,false,false,0,false,false,3.7004632092688645,0.15244201466342194,3.7004632092688645,0.15244201466342194
Aztreonam,...K...S.....,1.33,4.013832107729145,3.8210808759242982,3.6689186089151864,748,681,588,false,false,false,0,false,false,3.8346105308562097,0.17285432909809934,3.8346105308562097,0.17285432909809934
Aztreonam,...K...S.....,4.0,3.9604257897095545,3.5001187409832424,3.4375915970633444,672,358,389,false,false,false,0,false,false,3.6327120425853803,0.2855251932357638,3.6327120425853803,0.2855251932357638
Aztreonam,...K...S.....,12.0,2.7159531155847247,2.362000688930766,2.5640377611318765,97,35,88,false,false,false,0,false,false,2.5473305218824556,0.17756668878497334,2.5473305218824556,0.17756668878497334
Aztreonam,...K...S.....,36.0,3.076820723417598,2.2319983885841608,2.609451437522084,149,47,112,false,false,false,0,false,false,2.639423516507948,0.42320791402974284,2.639423516507948,0.42320791402974284
Aztreonam,...K...S.....,108.0,2.009235833256262,1.9670241278219474,2.6333933147446666,51,50,122,false,false,false,0,false,false,2.2032177586076256,0.3731403406793185,2.2032177586076256,0.3731403406793185
Aztreonam,...K...S.....,324.0,2.2497015973479337,2.0749539117459643,1.9825653981586884,114,92,102,false,false,false,0,false,false,2.1024069690841953,0.1356675716493488,2.1024069690841953,0.1356675716493488
Aztreonam,.K........M..,0.0,3.148999288881901,3.3132808340759703,3.2291653772096667,371,456,441,false,false,false,0,false,false,3.230481833389179,0.0821486841981793,3.230481833389179,0.0821486841981793
Aztreonam,.K........M..,0.44,2.738647888641344,2.901805440515611,2.4968027792809395,169,198,99,false,false,false,0,false,false,2.712418702812631,0.20377135849701591,2.712418702812631,0.20377135849701591
Aztreonam,.K........M..,1.33,2.801978679530057,2.7073025831673987,2.7018785815888084,222,165,166,false,false,false,0,false,false,2.737053281428755,0.0562924101210864,2.737053281428755,0.0562924101210864
Aztreonam,.K........M..,4.0,2.671499232064743,2.825697309644215,2.8527810034825714,184,223,225,false,false,false,0,false,false,2.783325848397176,0.09778688924520215,2.783325848397176,0.09778688924520215
Aztreonam,.K........M..,12.0,2.8584664001306677,2.97947398356853,2.795706871896434,298,293,286,false,false,false,0,false,false,2.8778824185318777,0.09340944363924472,2.8778824185318777,0.09340944363924472
Aztreonam,.K........M..,36.0,2.880018276801051,2.8613919879807,2.596781688505361,421,265,217,false,false,false,0,false,false,2.7793973177623705,0.15842375357093705,2.7793973177623705,0.15842375357093705
Aztreonam,.K........M..,108.0,2.336207315310156,2.1215222099216864,2.248136715502185,230,199,264,false,false,false,0,false,false,2.2352887469113427,0.10791768317378783,2.2352887469113427,0.10791768317378783
Aztreonam,.K........M..,324.0,2.1244782913320646,2.183093474763612,2.1570765952530833,292,280,289,false,false,false,0,false,false,2.1548827871162533,0.02936910839273815,2.1548827871162533,0.02936910839273815
Aztreonam,.K.K.........,0.0,3.2588109618829866,3.194210442274822,3.2125415857764064,208,209,233,false,false,false,0,false,false,3.221854329978072,0.03329192374789191,3.221854329978072,0.03329192374789191
Aztreonam,.K.K.........,0.44,3.436496597976519,3.5476495285274123,3.2688327869739067,396,463,347,false,false,false,0,false,false,3.417659637825946,0.1403595993988808,3.417659637825946,0.1403595993988808
Aztreonam,.K.K.........,1.33,2.8845987634331283,2.6189441248711223,2.6849490437302608,131,92,90,false,false,false,0,false,false,2.729497310678171,0.13831669390722212,2.729497310678171,0.13831669390722212
Aztreonam,.K.K.........,4.0,2.6862600420381373,2.4446967535637487,1.9526667839958463,102,58,48,false,false,false,0,false,false,2.3612078598659108,0.37385500342972877,2.3612078598659108,0.37385500342972877
Aztreonam,.K.K.........,12.0,2.5489728203725335,2.4788569703148506,2.547476923335626,97,66,105,false,false,false,0,false,false,2.5251022380076704,0.04005656019894428,2.5251022380076704,0.04005656019894428
Aztreonam,.K.K.........,36.0,2.2810672617006937,1.8526738155264801,2.0248709410338024,170,45,82,false,false,false,0,false,false,2.052870672753659,0.21556489722017047,2.052870672753659,0.21556489722017047
Aztreonam,.K.K.........,108.0,2.1390817487660554,2.079451868235474,2.2166716285072567,108,124,168,false,false,false,0,false,false,2.1450684151695953,0.06880549239146425,2.1450684151695953,0.06880549239146425
Aztreonam,.K.K.........,324.0,2.1553241108532233,2.041805005934578,2.139826173059346,171,133,134,false,false,false,0,false,false,2.112318429949049,0.06155610240787816,2.112318429949049,0.06155610240787816
Aztreonam,.K.K...S.....,0.0,3.1771852901229933,3.0999469245662783,3.183154329264874,140,133,97,false,false,false,0,false,false,3.1534288479847152,0.046412761784567304,3.1534288479847152,0.046412761784567304
Aztreonam,.K.K...S.....,0.44,3.438543486776133,3.3505002174748064,3.699000363086989,290,253,371,false,false,false,0,false,false,3.496014689112643,0.18121890684040448,3.496014689112643,0.18121890684040448
Aztreonam,.K.K...S.....,1.33,3.7429807038291325,3.565421908481028,3.8176039187575803,559,430,418,false,false,false,0,false,false,3.708668843689247,0.12954504771111514,3.708668843689247,0.12954504771111514
Aztreonam,.K.K...S.....,4.0,3.855463466945883,3.721905956682761,3.895411986486749,764,636,582,false,false,false,0,false,false,3.8242604700384644,0.09086421659040964,3.8242604700384644,0.09086421659040964
Aztreonam,.K.K...S.....,12.0,3.2025757434750064,3.002985783033667,3.3644793706972536,226,179,223,false,false,false,0,false,false,3.190013632401976,0.18107390330036835,3.190013632401976,0.18107390330036835
Aztreonam,.K.K...S.....,36.0,2.1395203230075177,2.5328840260923307,2.3066915623752706,43,62,82,false,false,false,0,false,false,2.3263653038250394,0.19741844595458521,2.3263653038250394,0.19741844595458521
Aztreonam,.K.K...S.....,108.0,1.8572178361665164,1.2799902371432519,2.4032131507157732,38,24,65,false,false,false,0,false,false,1.8468070746751806,0.5616838224123142,1.8468070746751806,0.5616838224123142
Aztreonam,.K.K...S.....,324.0,1.9310368795686899,1.8541691144119186,2.166599966388156,86,69,76,false,false,false,0,false,false,1.9839353201229215,0.16279417396347928,1.9839353201229215,0.16279417396347928
Aztreonam,...KH........,0.0,3.070013272907962,3.199306415510823,3.1965145992215676,184,212,229,false,false,false,0,false,false,3.155278095880117,0.07385469576745282,3.155278095880117,0.07385469576745282
Aztreonam,...KH........,0.44,3.686013926271466,3.8661717007056153,3.763390762832575,800,983,906,false,false,false,0,false,false,3.771858796603219,0.09037691419395782,3.771858796603219,0.09037691419395782
Aztreonam,...KH........,1.33,3.927526599709196,3.929215762639778,3.8534957189147745,1459,1289,1057,false,false,false,0,false,false,3.9034126937545834,0.043237617889056494,3.9034126937545834,0.043237617889056494
Aztreonam,...KH........,4.0,3.961692298801859,4.202069703838593,4.164578780733345,1608,2249,2393,false,false,false,0,false,false,4.109446927791265,0.12932503670855378,4.109446927791265,0.12932503670855378
Aztreonam,...KH........,12.0,4.3296165495856105,4.458444043369039,4.446834540304278,3700,4217,4685,false,false,false,0,false,false,4.411631711086309,0.07126401740950292,4.411631711086309,0.07126401740950292
Aztreonam,...KH........,36.0,4.178369865798801,4.3581613882857635,4.311402153725229,3032,3565,3742,false,false,false,0,false,false,4.282644469269932,0.09328183746564968,4.282644469269932,0.09328183746564968
Aztreonam,...KH........,108.0,2.2433271438413267,2.5451534128152233,2.23824044275416,154,166,143,false,false,false,0,false,false,2.3422403331369033,0.1757462860500692,2.3422403331369033,0.1757462860500692
Aztreonam,...KH........,324.0,1.8870370743443812,2.2269004071301395,2.1458740641361254,138,194,165,false,false,false,0,false,false,2.086603848536882,0.1775147601917834,2.086603848536882,0.1775147601917834
Aztreonam,PK.K....K....,0.0,3.1293579603416104,2.9856118819344872,3.314233453902476,172,168,255,false,false,false,0,false,false,3.1430677653928583,0.16473919830017802,3.1430677653928583,0.16473919830017802
Aztreonam,PK.K....K....,0.44,3.6205851508831963,3.523698230974919,3.5064908420573637,589,637,462,false,false,false,0,false,false,3.5502580746384935,0.06150972929696757,3.5502580746384935,0.06150972929696757
Aztreonam,PK.K....K....,1.33,2.882595306905147,2.734547242778688,2.9272347067219533,128,122,143,false,false,false,0,false,false,2.8481257521352625,0.10086241790056065,2.8481257521352625,0.10086241790056065
Aztreonam,PK.K....K....,4.0,2.6879306849212723,2.603020427633987,2.7804706620574158,102,95,124,false,false,false,0,false,false,2.6904739248708918,0.08875245053694823,2.6904739248708918,0.08875245053694823
Aztreonam,PK.K....K....,12.0,2.499628886722023,2.4183585484714656,2.5800291171534644,113,80,114,false,false,false,0,false,false,2.4993388507823178,0.0808356745819874,2.4993388507823178,0.0808356745819874
Aztreonam,PK.K....K....,36.0,2.6566282955285008,2.6661252082962625,3.0575770907311934,162,135,198,false,false,false,0,false,false,2.7934435315186525,0.22879565263514814,2.7934435315186525,0.22879565263514814
Aztreonam,PK.K....K....,108.0,2.360963431373886,1.7694316016580702,2.159152800611235,180,84,127,false,false,false,0,false,false,2.0965159445477304,0.30069919885971647,2.0965159445477304,0.30069919885971647
Aztreonam,PK.K....K....,324.0,2.0076269448010224,1.6705337727730694,2.256988720654933,152,75,168,false,false,false,0,false,false,1.9783831460763415,0.2943191317204287,1.9783831460763415,0.2943191317204287
Aztreonam,.......SK....,0.0,3.352717245659335,3.0803650643991833,3.3329977171905147,176,170,173,false,false,false,0,false,false,3.255360009083011,0.15187046437484172,3.255360009083011,0.15187046437484172
Aztreonam,.......SK....,0.44,3.70628981781632,3.684922490079554,3.7101527242582946,427,630,462,false,false,false,0,false,false,3.700455010718056,0.013589514692732148,3.700455010718056,0.013589514692732148
Aztreonam,.......SK....,1.33,4.046169541060958,3.712087930408015,3.90798309451897,917,807,682,false,false,false,0,false,false,3.8887468553293143,0.16786945915721938,3.8887468553293143,0.16786945915721938
Aztreonam,.......SK....,4.0,4.10446239245654,3.9752511659443086,4.18044586640646,1152,1334,1438,false,false,false,0,false,false,4.086719808269103,0.10374158156050176,4.086719808269103,0.10374158156050176
Aztreonam,.......SK....,12.0,4.419903011526071,4.235353483546208,4.3511781144578245,2252,2544,2162,false,false,false,0,false,false,4.335478203176701,0.09327109670242928,4.335478203176701,0.09327109670242928
Aztreonam,.......SK....,36.0,4.012657486095212,3.7458206846028936,3.9249580314485244,1163,930,1073,false,false,false,0,false,false,3.8944787340488767,0.13600444968876885,3.8944787340488767,0.13600444968876885
Aztreonam,.......SK....,108.0,2.2859636870987368,2.6771838322227426,1.8005072870266954,103,187,50,false,false,false,0,false,false,2.254551602116058,0.4391816031397929,2.254551602116058,0.4391816031397929
Aztreonam,.......SK....,324.0,1.9673503935452106,1.858313292389595,2.148555802053328,69,101,85,false,false,false,0,false,false,1.9914064959960445,0.14660900604266888,1.9914064959960445,0.14660900604266888
Aztreonam,....S...K....,0.0,3.0976944167017066,3.2147773012564,3.0286779700380078,335,403,279,false,false,false,0,false,false,3.113716562665372,0.09407854240443969,3.113716562665372,0.09407854240443969
Aztreonam,....S...K....,0.44,3.6152452798430557,3.8246680662941412,3.7239236126599367,1267,1565,1409,false,false,false,0,false,false,3.721278986265711,0.10473643782279414,3.721278986265711,0.10473643782279414
Aztreonam,....S...K....,1.33,3.8053673236778836,3.869656103321516,3.87834094778093,1956,2043,1928,false,false,false,0,false,false,3.85112145826011,0.03986147581747835,3.85112145826011,0.03986147581747835
Aztreonam,....S...K....,4.0,4.140131354537906,4.121616745835337,4.087677236449003,4338,3370,3405,false,false,false,0,false,false,4.116475112274082,0.02660236686612333,4.116475112274082,0.02660236686612333
Aztreonam,....S...K....,12.0,4.346056344035784,4.4093105054611685,4.458332949184178,7010,6978,8134,false,false,false,0,false,false,4.404566599560376,0.05628843130083459,4.404566599560376,0.05628843130083459
Aztreonam,....S...K....,36.0,4.5790258244702695,4.721077644154102,4.542748071453346,13450,14624,10672,false,false,false,0,false,false,4.614283846692572,0.09424810461319554,4.614283846692572,0.09424810461319554
Aztreonam,....S...K....,108.0,3.360731963804188,3.4000219978837927,3.0540850485524436,1333,1247,817,false,false,false,0,false,false,3.2716130034134743,0.18940626983817413,3.2716130034134743,0.18940626983817413
Aztreonam,....S...K....,324.0,1.938293607612431,2.0024781144521495,2.1329908559941773,294,260,281,false,false,false,0,false,false,2.024587526019586,0.09921378025128141,2.024587526019586,0.09921378025128141
Aztreonam,.......SK.ML.,0.0,3.2565628585515047,3.072804994518576,3.1055656208966047,170,134,163,false,false,false,0,false,false,3.144977824655562,0.09801392504302255,3.144977824655562,0.09801392504302255
Aztreonam,.......SK.ML.,0.44,3.8605443057853326,3.7694660743355146,3.6583708896460325,714,689,557,false,false,false,0,false,false,3.76279375658896,0.10125172796768404,3.76279375658896,0.10125172796768404
Aztreonam,.......SK.ML.,1.33,3.8898603982882465,4.00565576834419,3.9707094838449835,825,1334,1041,false,false,false,0,false,false,3.95540855015914,0.05939470397554113,3.95540855015914,0.05939470397554113
Aztreonam,.......SK.ML.,4.0,4.265646955082525,4.192279407040425,4.1326226816754525,2003,1924,1692,false,false,false,0,false,false,4.1968496812661344,0.06662979726626483,4.1968496812661344,0.06662979726626483
Aztreonam,.......SK.ML.,12.0,4.48247014176406,4.561017040638271,4.392234214854643,3321,4698,3349,false,false,false,0,false,false,4.478573799085658,0.08445884610020027,4.478573799085658,0.08445884610020027
Aztreonam,.......SK.ML.,36.0,4.555535367366622,4.429491901613205,4.398347473323097,4523,3729,3515,false,false,false,0,false,false,4.461124914100975,0.08323156923756851,4.461124914100975,0.08323156923756851
Aztreonam,.......SK.ML.,108.0,2.3699907531922135,2.556179634058444,2.269768130884728,153,147,119,false,false,false,0,false,false,2.398646172711795,0.1453400739247071,2.398646172711795,0.1453400739247071
Aztreonam,.......SK.ML.,324.0,2.097977312766559,2.0191474649837953,1.9115091046067045,134,110,82,false,false,false,0,false,false,2.0095446274523527,0.09360426822575009,2.0095446274523527,0.09360426822575009
Aztreonam,..V........Q.,0.0,3.2398524248122946,3.311237736252625,3.2089093185460738,188,324,236,false,false,false,0,false,false,3.2533331598703312,0.052479271439877385,3.2533331598703312,0.052479271439877385
Aztreonam,..V........Q.,0.44,2.9338040742570013,2.751484289084252,2.72980350531365,128,93,86,false,false,false,0,false,false,2.8050306228849684,0.11204671092863906,2.8050306228849684,0.11204671092863906
Aztreonam,..V........Q.,1.33,2.8868844808462457,2.7705263303333227,2.7138573362186147,118,114,107,false,false,false,0,false,false,2.7904227157993944,0.08821279845044407,2.7904227157993944,0.08821279845044407
Aztreonam,..V........Q.,4.0,2.8323516217736717,2.5135277048913176,2.93771231082715,113,91,163,false,false,false,0,false,false,2.7611972124973803,0.22086275704117234,2.7611972124973803,0.22086275704117234
Aztreonam,..V........Q.,12.0,2.464734463119178,2.577133709323037,2.131792178487741,92,104,51,false,false,false,0,false,false,2.391220116976652,0.23159347807797526,2.391220116976652,0.23159347807797526
Aztreonam,..V........Q.,36.0,2.277657248558922,2.3647308949063928,2.591097312840085,128,97,83,false,false,false,0,false,false,2.4111618187684667,0.1617962962869026,2.4111618187684667,0.1617962962869026
Aztreonam,..V........Q.,108.0,2.1842522970995515,2.1176553745272204,2.180760269358436,126,106,140,false,false,false,0,false,false,2.1608893136617358,0.037482378316369185,2.1608893136617358,0.037482378316369185
Aztreonam,..V........Q.,324.0,2.022661359788195,1.9330388033827246,2.06989761175816,147,154,126,false,false,false,0,false,false,2.0085325916430263,0.06951474609362368,2.0085325916430263,0.06951474609362368
Aztreonam,.K.KH..S.....,0.0,3.258514460880029,3.20650233677483,3.276171627560952,181,125,166,false,false,false,0,false,false,3.247062808405271,0.036218887033732536,3.247062808405271,0.036218887033732536
Aztreonam,.K.KH..S.....,0.44,3.6350804752467543,3.790398286177787,3.813871561582034,422,507,611,false,false,false,0,false,false,3.7464501076688586,0.0971604082634838,3.7464501076688586,0.0971604082634838
Aztreonam,.K.KH..S.....,1.33,4.005994684033622,3.9573041836706198,3.996881417895933,1036,868,925,false,false,false,0,false,false,3.986726761866725,0.02588491811274532,3.986726761866725,0.02588491811274532
Aztreonam,.K.KH..S.....,4.0,4.2142274266769615,4.087343540727666,4.108802531815139,1689,1075,1300,false,false,false,0,false,false,4.136791166406589,0.06791467351109572,4.136791166406589,0.06791467351109572
Aztreonam,.K.KH..S.....,12.0,4.022582253750897,3.932355289994196,3.8367590681981665,1232,835,798,false,false,false,0,false,false,3.9305655373144197,0.09292452035513644,3.9305655373144197,0.09292452035513644
Aztreonam,.K.KH..S.....,36.0,2.102820516305346,3.2094551817870025,2.5872693250678047,85,167,131,false,false,false,0,false,false,2.6331816743867176,0.5547441108983591,2.6331816743867176,0.5547441108983591
Aztreonam,.K.KH..S.....,108.0,2.0555339726121797,2.207903727140039,2.353129054195318,104,59,90,false,false,false,0,false,false,2.2055222513158452,0.14881183325241512,2.2055222513158452,0.14881183325241512
Aztreonam,.K.KH..S.....,324.0,2.1463648400676734,2.070993495066664,2.1484513817906348,131,83,95,false,false,false,0,false,false,2.1219365723083237,0.04413033257553937,2.1219365723083237,0.04413033257553937
Aztreonam,.K...T.......,0.0,3.3018710436955847,3.195241597442943,3.151263239297295,171,174,174,false,false,false,0,false,false,3.216125293478607,0.07744529847899675,3.216125293478607,0.07744529847899675
Aztreonam,.K...T.......,0.44,2.7860755580361456,2.868895277057721,2.6738863220812625,82,84,70,false,false,false,0,false,false,2.7762857190583765,0.09787238548569553,2.7762857190583765,0.09787238548569553
Aztreonam,.K...T.......,1.33,2.821233647137639,2.47947808034177,2.4828560047769805,71,47,52,false,false,false,0,false,false,2.5945225774187963,0.19634481007444243,2.5945225774187963,0.19634481007444243
Aztreonam,.K...T.......,4.0,2.831169462355987,2.0261347976174213,2.6172257731790767,87,29,79,false,false,false,0,false,false,2.491510011050828,0.41698146540739484,2.491510011050828,0.41698146540739484
Aztreonam,.K...T.......,12.0,2.4489058420771785,2.499565839846069,2.988876052409058,85,71,164,false,false,false,0,false,false,2.6457825781107687,0.2982053955297241,2.6457825781107687,0.2982053955297241
Aztreonam,.K...T.......,36.0,2.3212867535065738,2.3898693383454024,3.108137620757726,112,75,233,false,false,false,0,false,false,2.606431237536567,0.43584155832072247,2.606431237536567,0.43584155832072247
Aztreonam,.K...T.......,108.0,2.312209904935205,2.083146079779893,1.741907865539926,136,87,61,false,false,false,0,false,false,2.0457546167516747,0.28698378902848604,2.0457546167516747,0.28698378902848604
Aztreonam,.K...T.......,324.0,1.7074397964610843,2.0709325887770675,2.0050845221803533,64,129,101,false,false,false,0,false,false,1.9278189691395016,0.19367298929238716,1.9278189691395016,0.19367298929238716
Aztreonam,...KHT.......,0.0,3.321004013906756,3.400036467975994,3.093409043391223,300,336,291,false,false,false,0,false,false,3.2714831750913245,0.15919902476023634,3.2714831750913245,0.15919902476023634
Aztreonam,...KHT.......,0.44,3.874623536721458,3.8321188734480707,3.6047116141012716,1088,890,996,false,false,false,0,false,false,3.770484674756933,0.14512819274474315,3.770484674756933,0.14512819274474315
Aztreonam,...KHT.......,1.33,4.1642973800673095,4.051358073683616,3.847998974639383,2186,1701,1604,false,false,false,0,false,false,4.02121814279677,0.1602887453767736,4.02121814279677,0.1602887453767736
Aztreonam,...KHT.......,4.0,4.361755675763582,4.427631530379169,4.076165083200538,3550,3788,2950,false,false,false,0,false,false,4.288517429781096,0.18682892275832375,4.288517429781096,0.18682892275832375
Aztreonam,...KHT.......,12.0,4.55830682543717,4.6965929032767555,4.3511090914023285,5463,7265,5791,false,false,false,0,false,false,4.535336273372085,0.17388358393894524,4.535336273372085,0.17388358393894524
Aztreonam,...KHT.......,36.0,4.729456778432722,4.7431542587319235,4.457505169415471,9414,8319,7961,false,false,false,0,false,false,4.643372068860039,0.16111109047328026,4.643372068860039,0.16111109047328026
Aztreonam,...KHT.......,108.0,2.3789013502610437,2.910121916250477,2.190653887677445,211,326,159,false,false,false,0,false,false,2.493225718062989,0.3731100465541997,2.493225718062989,0.3731100465541997
Aztreonam,...KHT.......,324.0,2.042517450936597,2.168862707618397,1.9378175361326104,202,220,171,false,false,false,0,false,false,2.049732564895868,0.11569144833914081,2.049732564895868,0.11569144833914081
Aztreonam,.KLKNT..K....,0.0,3.1425819307083684,3.2745662081011395,3.2618526370841763,408,365,344,false,false,false,0,false,false,3.2263335919645613,0.07280909486032575,3.2263335919645613,0.07280909486032575
Aztreonam,.KLKNT..K....,0.44,3.702900351926405,3.9257680677150777,3.856890107422228,1480,1599,1442,false,false,false,0,false,false,3.828519509021237,0.11411035371708339,3.828519509021237,0.11411035371708339
Aztreonam,.KLKNT..K....,1.33,3.9519534067955604,4.116342051642046,4.101608976376954,2691,2767,2398,false,false,false,0,false,false,4.056634811604854,0.09095555651705407,4.056634811604854,0.09095555651705407
Aztreonam,.KLKNT..K....,4.0,4.202946814027154,4.358757661119417,4.340904949045576,4990,4433,4435,false,false,false,0,false,false,4.300869808064049,0.08527229563557069,4.300869808064049,0.08527229563557069
Aztreonam,.KLKNT..K....,12.0,4.479057340798051,4.658781482301938,4.63951451481919,9171,9462,9004,false,false,false,0,false,false,4.5924511126397265,0.09867327210727714,4.5924511126397265,0.09867327210727714
Aztreonam,.KLKNT..K....,36.0,4.888497985636831,5.033583854715254,5.027691816936378,26409,22908,23165,false,false,false,0,false,false,4.983257885762821,0.08211734305987163,4.983257885762821,0.08211734305987163
Aztreonam,.KLKNT..K....,108.0,5.266331280546363,5.47268350903023,5.477670753900633,84200,83773,85678,false,false,false,0,false,false,5.405561847825742,0.1206029904337062,5.405561847825742,0.1206029904337062
Aztreonam,.KLKNT..K....,324.0,5.118563509348762,5.3801461357591895,5.439301158167283,140850,160703,155417,false,false,false,0,false,false,5.312670267758411,0.17068363839059683,5.312670267758411,0.17068363839059683
Aztreonam,.K.KST.....L.,0.0,3.2178927750211144,2.983598673967551,3.341203116134625,78,82,82,false,false,false,0,false,false,3.1808981883744303,0.1816498936010571,3.1808981883744303,0.1816498936010571
Aztreonam,.K.KST.....L.,0.44,3.8376453465173626,3.7910655608708357,3.8426622194220994,332,504,272,false,false,false,0,false,false,3.823791042270099,0.028451891027587745,3.823791042270099,0.028451891027587745
Aztreonam,.K.KST.....L.,1.33,4.216580617686568,3.926683720835443,4.23918794050486,837,790,610,false,false,false,0,false,false,4.127484093008957,0.17426521414217733,4.127484093008957,0.17426521414217733
Aztreonam,.K.KST.....L.,4.0,4.180552726490106,4.023563155124779,4.37505397141286,795,1020,992,false,false,false,0,false,false,4.193056617675915,0.17607870102543705,4.193056617675915,0.17607870102543705
Aztreonam,.K.KST.....L.,12.0,3.2093466372814246,3.245495580330851,3.088924092575695,100,215,93,false,false,false,0,false,false,3.1812554367293235,0.08197862133391545,3.1812554367293235,0.08197862133391545
Aztreonam,.K.KST.....L.,36.0,2.79244526246558,2.7272914980089578,2.3842409076038384,67,71,90,false,false,false,0,false,false,2.634659222692792,0.21930173883193463,2.634659222692792,0.21930173883193463
Aztreonam,.K.KST.....L.,108.0,2.3126542491397286,1.8713026790728156,2.562949372399234,65,37,47,false,false,false,0,false,false,2.248968766870593,0.3501937572062521,2.248968766870593,0.3501937572062521
Aztreonam,.K.KST.....L.,324.0,2.0974019785196965,2.0031729031301846,2.41233861573341,72,93,69,false,false,false,0,false,false,2.1709711657944304,0.21427427302344298,2.1709711657944304,0.21427427302344298
Aztreonam,.K..S...K....,0.0,3.295906289881142,3.0253837493801576,3.1794821202764543,299,231,260,false,false,false,0,false,false,3.166924053179251,0.13569778928446144,3.166924053179251,0.13569778928446144
Aztreonam,.K..S...K....,0.44,3.7960637993894637,3.6936926888318586,3.7661129871905326,995,1095,969,false,false,false,0,false,false,3.751956491803952,0.05263331492906432,3.751956491803952,0.05263331492906432
Aztreonam,.K..S...K....,1.33,4.025729513180241,3.8470691995306057,3.9705694094139896,1768,1739,1581,false,false,false,0,false,false,3.947789374041612,0.0914826454964086,3.947789374041612,0.0914826454964086
Aztreonam,.K..S...K....,4.0,4.277752224508005,4.086871050386867,4.264502645953067,3224,2810,3234,false,false,false,0,false,false,4.2097086402826465,0.10658655145713111,4.2097086402826465,0.10658655145713111
Aztreonam,.K..S...K....,12.0,4.545557866455463,4.380014218533997,4.5160388273425145,5814,5879,6003,false,false,false,0,false,false,4.480536970777325,0.0882975719171711,4.480536970777325,0.0882975719171711
Aztreonam,.K..S...K....,36.0,4.914607693259795,4.753818988788229,4.825343413843442,15484,14248,12707,false,false,false,0,false,false,4.831256698630489,0.08055729063306845,4.831256698630489,0.08055729063306845
Aztreonam,.K..S...K....,108.0,4.138431875764133,3.9742652261276037,4.122311898255566,3882,3576,3848,false,false,false,0,false,false,4.078336333382434,0.09048789942668575,4.078336333382434,0.09048789942668575
Aztreonam,.K..S...K....,324.0,2.0391332175815506,1.966418385096341,2.0942934891554255,224,161,142,false,false,false,0,false,false,2.0332816972777725,0.06413806028349753,2.0332816972777725,0.06413806028349753
Aztreonam,.K...T.SK....,0.0,3.0521031676305923,3.2845229315002533,3.2254770454523123,160,208,238,false,false,false,0,false,false,3.1873677148610526,0.12080553575019931,3.1873677148610526,0.12080553575019931
Aztreonam,.K...T.SK....,0.44,3.6557125096454874,3.7684337887829797,3.743180749652172,692,666,868,false,false,false,0,false,false,3.7224423493602132,0.059153044111019834,3.7224423493602132,0.059153044111019834
Aztreonam,.K...T.SK....,1.33,3.9216090376182278,4.084990334525124,3.927235661041687,1311,1569,1259,false,false,false,0,false,false,3.9779450110616796,0.09274664780644348,3.9779450110616796,0.09274664780644348
Aztreonam,.K...T.SK....,4.0,4.295769933626224,4.377184583579974,4.232229572344374,3173,2761,2705,false,false,false,0,false,false,4.301728029850191,0.07266094551778687,4.301728029850191,0.07266094551778687
Aztreonam,.K...T.SK....,12.0,4.434251809374426,4.522067750957057,4.577956327155661,4353,4045,6181,false,false,false,0,false,false,4.511425295829048,0.07244096559301309,4.511425295829048,0.07244096559301309
Aztreonam,.K...T.SK....,36.0,4.742616085862554,4.793844162643394,4.636225958864281,10093,8041,7515,false,false,false,0,false,false,4.724228735790077,0.08040177561879082,4.724228735790077,0.08040177561879082
Aztreonam,.K...T.SK....,108.0,3.285064619949387,3.4107584145600796,2.629592660687295,637,552,202,false,false,false,0,false,false,3.10847189839892,0.41945646464723785,3.10847189839892,0.41945646464723785
Aztreonam,.K...T.SK....,324.0,1.9957795014127242,2.143994785142707,2.0085732133426677,144,144,127,false,false,false,0,false,false,2.0494491666326997,0.08212840708802577,2.0494491666326997,0.08212840708802577
Aztreonam,...........L.,0.0,3.09450756145079,3.2106547743478138,3.16285595767617,298,405,243,false,false,false,0,false,false,3.1560060978249247,0.058375801501332036,3.1560060978249247,0.058375801501332036
Aztreonam,...........L.,0.44,2.6898489867715734,2.669841456336993,2.7964504293889414,175,108,127,false,false,false,0,false,false,2.718713624165836,0.0680612480288449,2.718713624165836,0.0680612480288449
Aztreonam,...........L.,1.33,2.713333018707191,2.6072182621918047,2.6492748615052903,166,146,104,false,false,false,0,false,false,2.656608714134762,0.05343617158230021,2.656608714134762,0.05343617158230021
Aztreonam,...........L.,4.0,2.3773990937927145,2.543678290108228,2.7688640894977237,105,119,121,false,false,false,0,false,false,2.563313824466222,0.1964697848849122,2.563313824466222,0.1964697848849122
Aztreonam,...........L.,12.0,2.2522823116017654,2.528163811000593,2.5542891725527053,114,151,129,false,false,false,0,false,false,2.4449117650516876,0.16733264290439281,2.4449117650516876,0.16733264290439281
Aztreonam,...........L.,36.0,2.069800744340386,2.1839499483929647,2.255341814921923,146,131,75,false,false,false,0,false,false,2.1696975025517578,0.09358804078234625,2.1696975025517578,0.09358804078234625
Aztreonam,...........L.,108.0,2.013506784995344,2.109993666696248,2.4330338360759307,136,178,197,false,false,false,0,false,false,2.185511429255841,0.2197224066716879,2.185511429255841,0.2197224066716879
Aztreonam,...........L.,324.0,1.8846789572903102,2.1568495101138256,2.1735421432240027,220,258,225,false,false,false,0,false,false,2.071690203542713,0.16217140829596113,2.071690203542713,0.16217140829596113
Aztreonam,.K.KN...K.M..,0.0,3.2899281602328285,3.2118415476881697,3.1430052965822606,255,259,258,false,false,false,0,false,false,3.2149250015010864,0.07350994988015662,3.2149250015010864,0.07350994988015662
Aztreonam,.K.KN...K.M..,0.44,3.85521916521311,3.8487581967553757,3.6450063181501724,1040,982,884,false,false,false,0,false,false,3.7829945600395525,0.11954497983246531,3.7829945600395525,0.11954497983246531
Aztreonam,.K.KN...K.M..,1.33,4.110877575428391,4.005429807635825,3.90150404281753,1804,1595,1504,false,false,false,0,false,false,4.005937141960582,0.104687688295117,4.005937141960582,0.104687688295117
Aztreonam,.K.KN...K.M..,4.0,4.344405443034881,4.250507022396362,4.219619277108552,3233,2721,3337,false,false,false,0,false,false,4.2715105808465985,0.06499045239362237,4.2715105808465985,0.06499045239362237
Aztreonam,.K.KN...K.M..,12.0,4.6194233910831315,4.514379496309112,4.4182035091081024,5970,5091,5488,false,false,false,0,false,false,4.517335465500115,0.10064250364982369,4.517335465500115,0.10064250364982369
Aztreonam,.K.KN...K.M..,36.0,5.022749164777587,4.9140683733693065,4.804672684543113,16581,13048,13760,false,false,false,0,false,false,4.9138300742300025,0.10903843541487614,4.9138300742300025,0.10903843541487614
Aztreonam,.K.KN...K.M..,108.0,5.37733614803114,5.25732184164855,5.2725198049781685,50399,38084,52564,false,false,false,0,false,false,5.302392598219286,0.06534635618107147,5.302392598219286,0.06534635618107147
Aztreonam,.K.KN...K.M..,324.0,5.552264844650235,5.688374686585596,5.614247924753109,171090,236344,218690,false,false,false,0,false,false,5.61829581866298,0.06814514914318115,5.61829581866298,0.06814514914318115
Aztreonam,.K.KS......L.,0.0,3.0595063114743897,3.3398726472231726,3.1735810979805925,207,302,266,false,false,false,0,false,false,3.1909866855593854,0.1409912636106297,3.1909866855593854,0.1409912636106297
Aztreonam,.K.KS......L.,0.44,3.7269389305882763,3.868621908297981,3.7852017280924892,951,957,1269,false,false,false,0,false,false,3.7935875223262485,0.0712127636162955,3.7935875223262485,0.0712127636162955
Aztreonam,.K.KS......L.,1.33,4.090425160013955,4.037412521189081,3.9223085286997454,2318,1720,1544,false,false,false,0,false,false,4.016715403300927,0.08594811485871316,4.016715403300927,0.08594811485871316
Aztreonam,.K.KS......L.,4.0,4.086579974636026,4.232445921937941,4.130664265749717,2349,2494,2845,false,false,false,0,false,false,4.149896720774561,0.07481065525901581,4.149896720774561,0.07481065525901581
Aztreonam,.K.KS......L.,12.0,3.531316007419814,3.8004296280832297,3.551874774158363,777,1075,828,false,false,false,0,false,false,3.627873469887136,0.14979114299917443,3.627873469887136,0.14979114299917443
Aztreonam,.K.KS......L.,36.0,2.651397606737201,3.516596685018904,2.231197027886158,177,594,204,false,false,false,0,false,false,2.7997304398807543,0.6554121159091737,2.7997304398807543,0.6554121159091737
Aztreonam,.K.KS......L.,108.0,1.992939347346686,2.3602573657459347,2.06966368862295,92,173,162,false,false,false,0,false,false,2.1409534672385235,0.1937583703004358,2.1409534672385235,0.1937583703004358
Aztreonam,.K.KS......L.,324.0,1.9740548970948677,2.1371600760393124,2.3183304890272285,201,152,228,false,false,false,0,false,false,2.1431818207204696,0.17221677286736078,2.1431818207204696,0.17221677286736078
Aztreonam,PK.KN...K....,0.0,3.2720994658341795,3.1030984871320317,2.9416249140131194,184,138,131,false,false,false,0,false,false,3.1056076223264433,0.1652515632903378,3.1056076223264433,0.1652515632903378
Aztreonam,PK.KN...K....,0.44,3.638445383693014,3.6570234846849883,3.568017927186052,462,537,601,false,false,false,0,false,false,3.6211622651880178,0.0469523903051528,3.6211622651880178,0.0469523903051528
Aztreonam,PK.KN...K....,1.33,3.911780690608247,3.826475776205075,3.690581465595254,874,912,776,false,false,false,0,false,false,3.8096126441361924,0.11155961726344632,3.8096126441361924,0.11155961726344632
Aztreonam,PK.KN...K....,4.0,4.22671208770113,4.096766352500798,3.8786648178947996,1826,1543,1286,false,false,false,0,false,false,4.067381086032243,0.17587451753730882,4.067381086032243,0.17587451753730882
Aztreonam,PK.KN...K....,12.0,4.338478067425767,4.301210177248438,4.193900075722052,2328,2582,2738,false,false,false,0,false,false,4.277862773465419,0.07506347226731093,4.277862773465419,0.07506347226731093
Aztreonam,PK.KN...K....,36.0,4.734848766802066,4.7255233857837595,4.597758471185575,6410,7007,7131,false,false,false,0,false,false,4.686043541257134,0.0765991571816502,4.686043541257134,0.0765991571816502
Aztreonam,PK.KN...K....,108.0,5.242595035543801,5.214875018575363,5.1280646474400795,27671,28923,31576,false,false,false,0,false,false,5.195178233853081,0.05975177776513612,5.195178233853081,0.05975177776513612
Aztreonam,PK.KN...K....,324.0,5.182385694170931,5.163771838312876,5.1779573948633475,57227,61113,69218,false,false,false,0,false,false,5.174704975782386,0.00972381508898521,5.174704975782386,0.00972381508898521
Aztreonam,P.LKN...K....,0.0,3.188702946238498,4.004150643926067,3.434884758201849,123,164,100,false,false,false,0,false,false,3.5425794494554714,0.418255121677128,3.5425794494554714,0.418255121677128
Aztreonam,P.LKN...K....,0.44,3.7631056675154912,4.3562136461262755,4.095875553458281,486,371,484,false,false,false,0,false,false,4.071731622366683,0.2972902043952332,4.071731622366683,0.2972902043952332
Aztreonam,P.LKN...K....,1.33,4.054769894953766,4.682479739866105,4.338782782576515,987,922,805,false,false,false,0,false,false,4.358677472465462,0.31432747472071443,4.358677472465462,0.31432747472071443
Aztreonam,P.LKN...K....,4.0,4.159218661145642,4.877590920493346,4.436294314543401,1250,1270,1145,false,false,false,0,false,false,4.491034632060797,0.362301052332877,4.491034632060797,0.362301052332877
Aztreonam,P.LKN...K....,12.0,4.472783056137716,5.163773860914819,4.760665753677523,2600,2554,2424,false,false,false,0,false,false,4.799074223576686,0.347092899656019,4.799074223576686,0.347092899656019
Aztreonam,P.LKN...K....,36.0,4.856720982835727,5.60034791795261,5.1099594686345995,6953,7267,5666,false,false,false,0,false,false,5.189009456474312,0.3780633942752543,5.189009456474312,0.3780633942752543
Aztreonam,P.LKN...K....,108.0,5.382868355104167,5.917993169852371,5.499149748955018,31049,20072,18358,false,false,false,0,false,false,5.600003757970519,0.2814574393948383,5.600003757970519,0.2814574393948383
Aztreonam,P.LKN...K....,324.0,4.575715120831912,5.30307115551518,5.070529279181124,12370,12016,14284,false,false,false,0,false,false,4.983105185176072,0.37147534165405244,4.983105185176072,0.37147534165405244
Aztreonam,..........M..,0.0,3.1752064581650816,3.2146246168635066,3.0474482864716155,305,337,306,false,false,false,0,false,false,3.145759787166735,0.08739171119441683,3.145759787166735,0.08739171119441683
Aztreonam,..........M..,0.44,2.8095159698933143,2.652208619521793,2.636408728155209,168,112,147,false,false,false,0,false,false,2.6993777725234387,0.09570906974635801,2.6993777725234387,0.09570906974635801
Aztreonam,..........M..,1.33,2.6029795529327693,2.7302729574110884,2.6664121105773884,141,171,156,false,false,false,0,false,false,2.666554873640415,0.06364682232358003,2.666554873640415,0.06364682232358003
Aztreonam,..........M..,4.0,2.598253821922775,2.4257913146327095,2.597910502695423,151,109,184,false,false,false,0,false,false,2.5406518797503024,0.09947231540168636,2.5406518797503024,0.09947231540168636
Aztreonam,..........M..,12.0,2.266146609451685,2.463364688018851,2.604077764497901,103,127,190,false,false,false,0,false,false,2.4445296873228126,0.16975109521335133,2.4445296873228126,0.16975109521335133
Aztreonam,..........M..,36.0,2.756964440200018,2.3450379422146397,1.8610595285666918,307,144,82,false,false,false,0,false,false,2.3210206369937834,0.44843508547473565,2.3210206369937834,0.44843508547473565
Aztreonam,..........M..,108.0,3.0097897123402184,2.075024563261209,2.030378713053409,440,179,151,false,false,false,0,false,false,2.371730996218279,0.5530257741729382,2.371730996218279,0.5530257741729382
Aztreonam,..........M..,324.0,2.757209790180167,1.9869119475228663,1.8579846437371665,590,201,199,false,false,false,0,false,false,2.2007021271467333,0.4862418602676686,2.2007021271467333,0.4862418602676686
Aztreonam,T..K........D,0.0,3.384413318672551,,2.7655481436455362,26,2,10,false,true,false,1,false,false,3.0749807311590436,0.43760376190180167,3.0749807311590436,0.43760376190180167
Aztreonam,T..K........D,0.44,2.4854707582612243,,2.1282041690173097,8,14,4,true,false,true,2,false,true,2.3068374636392672,0.2526256279457609,NaN,NaN
Aztreonam,T..K........D,1.33,0.17609125905568124,,0.17609125905568124,0,0,0,true,true,true,3,true,true,0.17609125905568124,0.0,NaN,NaN
Aztreonam,T..K........D,4.0,2.4531061863866186,,2.0083449015675567,2,0,2,true,true,true,3,true,true,2.230725543977088,0.3144937205048001,NaN,NaN
Aztreonam,T..K........D,12.0,1.8688821506455635,,1.637516083019081,6,2,3,true,true,true,3,true,true,1.7531991168323222,0.1636005153551512,NaN,NaN
Aztreonam,T..K........D,36.0,2.718555302440564,,1.3077323264921012,10,0,4,false,true,true,2,false,true,2.0131438144663325,0.9976024933469435,2.718555302440564,NaN
Aztreonam,T..K........D,108.0,2.1435492096669613,,1.2945567500234565,15,2,4,false,true,true,2,false,true,1.719052979845209,0.6003283253901686,2.1435492096669613,NaN
Aztreonam,T..K........D,324.0,2.315189803365467,,1.691935744629017,26,2,2,false,true,true,2,false,true,2.003562773997242,0.44070717133458265,2.315189803365467,NaN
Aztreonam,.K.KS........,0.0,3.101197232493565,3.331410907018951,3.160827995703862,181,285,187,false,false,false,0,false,false,3.197812045072126,0.11947991009109338,3.197812045072126,0.11947991009109338
Aztreonam,.K.KS........,0.44,3.691625732038134,3.824968448864582,3.7935364893068364,695,935,842,false,false,false,0,false,false,3.7700435567365176,0.06970658823403823,3.7700435567365176,0.06970658823403823
Aztreonam,.K.KS........,1.33,4.045364981547372,3.9441119073660844,3.9712779749588365,1571,1445,1205,false,false,false,0,false,false,3.986918287957431,0.052407163640201024,3.986918287957431,0.052407163640201024
Aztreonam,.K.KS........,4.0,4.232621395279261,4.171748847595464,4.189578833887196,2532,2260,2181,false,false,false,0,false,false,4.197983025587306,0.031294401959107494,4.197983025587306,0.031294401959107494
Aztreonam,.K.KS........,12.0,4.519430762816147,4.480742603880558,4.493729971995772,4849,4874,4352,false,false,false,0,false,false,4.497967779564159,0.019689151078610603,4.497967779564159,0.019689151078610603
Aztreonam,.K.KS........,36.0,4.59113046232722,4.606990559124869,4.67420487382553,6539,6766,7124,false,false,false,0,false,false,4.624108631759206,0.04410340995301236,4.624108631759206,0.04410340995301236
Aztreonam,.K.KS........,108.0,3.727238980985304,4.141060705789796,3.8677057193403472,1345,3140,1554,false,false,false,0,false,false,3.912001802038482,0.2104369553734353,3.912001802038482,0.2104369553734353
Aztreonam,.K.KS........,324.0,3.586507309221504,2.053682870398522,2.128864799636407,2115,156,131,false,false,false,0,false,false,2.5896849930854775,0.8640915044606542,2.5896849930854775,0.8640915044606542
Aztreonam,.K.KH........,0.0,3.0793868379698743,3.250207649393443,3.0595890150459413,193,239,197,false,false,false,0,false,false,3.12972783413642,0.1048070983350209,3.12972783413642,0.1048070983350209
Aztreonam,.K.KH........,0.44,3.674816027372318,3.844661710059161,3.629894287845982,647,916,782,false,false,false,0,false,false,3.716457341759154,0.11327736185540764,3.716457341759154,0.11327736185540764
Aztreonam,.K.KH........,1.33,4.060966634622831,3.954012728675005,3.8609666035622676,1697,1371,1256,false,false,false,0,false,false,3.958648655620035,0.10008057738660556,3.958648655620035,0.10008057738660556
Aztreonam,.K.KH........,4.0,4.180060959906149,4.232709650662929,4.1217979527532576,2292,2410,2368,false,false,false,0,false,false,4.178189521107445,0.05547952681561469,4.178189521107445,0.05547952681561469
Aztreonam,.K.KH........,12.0,4.464546805027808,4.500259309017467,4.404451017829397,4365,4617,4742,false,false,false,0,false,false,4.456419043958224,0.048418514435055585,4.456419043958224,0.048418514435055585
Aztreonam,.K.KH........,36.0,4.646734940084604,4.653504132891847,4.61594810803554,7519,6925,8095,false,false,false,0,false,false,4.63872906033733,0.02001710103006278,4.63872906033733,0.02001710103006278
Aztreonam,.K.KH........,108.0,2.7502624189706686,2.882316287155503,3.0917600875642073,255,238,484,false,false,false,0,false,false,2.9081129312301264,0.17220413626809375,2.9081129312301264,0.17220413626809375
Aztreonam,.K.KH........,324.0,1.83787617911077,2.095239839033613,1.9814543957387332,106,153,143,false,false,false,0,false,false,1.9715234712943719,0.1289689141128974,1.9715234712943719,0.1289689141128974
Aztreonam,....H...K.M..,0.0,3.260826939172061,3.1276220181375125,3.150407288714085,180,211,148,false,false,false,0,false,false,3.179618748674553,0.07124513872343549,3.179618748674553,0.07124513872343549
Aztreonam,....H...K.M..,0.44,3.8549225048969658,3.5045966133849316,3.7487858158854044,706,511,638,false,false,false,0,false,false,3.7027683113891,0.179639265212191,3.7027683113891,0.179639265212191
Aztreonam,....H...K.M..,1.33,4.080582183904967,3.790124797943146,4.005827507213978,1214,1128,1074,false,false,false,0,false,false,3.9588448296873637,0.15082076201777073,3.9588448296873637,0.15082076201777073
Aztreonam,....H...K.M..,4.0,4.342308436985967,4.065779183069536,4.147073595139015,2345,2038,1636,false,false,false,0,false,false,4.185053738398172,0.14212309991477134,4.185053738398172,0.14212309991477134
Aztreonam,....H...K.M..,12.0,4.620755627753827,4.3066725605850795,4.533261740080602,4401,3660,3946,false,false,false,0,false,false,4.486896642806503,0.1620935993630206,4.486896642806503,0.1620935993630206
Aztreonam,....H...K.M..,36.0,4.5125563884927935,4.378352013063497,4.379195856559214,3957,4450,3094,false,false,false,0,false,false,4.423368086038502,0.07724048801613051,4.423368086038502,0.07724048801613051
Aztreonam,....H...K.M..,108.0,2.185519741006344,2.539974403203633,2.778586237545527,89,147,211,false,false,false,0,false,false,2.5013601272518344,0.2984129086681345,2.5013601272518344,0.2984129086681345
Aztreonam,....H...K.M..,324.0,2.0484853550996913,2.04503835189009,2.1185881235955026,113,126,103,false,false,false,0,false,false,2.0707039435284282,0.04150471639830558,2.0707039435284282,0.04150471639830558
Aztreonam,.K..S.T.K....,0.0,3.0188456102509025,3.3647798428010196,3.375655384580627,280,367,401,false,false,false,0,false,false,3.2530936125441827,0.20293758716917024,3.2530936125441827,0.20293758716917024
Aztreonam,.K..S.T.K....,0.44,3.7101278757434133,3.898523183376077,3.865758580882539,1430,1204,1259,false,false,false,0,false,false,3.8248032133340097,0.10065388508536487,3.8248032133340097,0.10065388508536487
Aztreonam,.K..S.T.K....,1.33,3.878229530829572,4.077922982423584,4.080486189956031,2286,2142,1999,false,false,false,0,false,false,4.01221290106973,0.11604007985992107,4.01221290106973,0.11604007985992107
Aztreonam,.K..S.T.K....,4.0,3.980786854875757,4.209687085049891,4.168129376897746,2997,2691,2684,false,false,false,0,false,false,4.119534438941131,0.12194232177426484,4.119534438941131,0.12194232177426484
Aztreonam,.K..S.T.K....,12.0,3.4505292429942975,3.7031599307821743,3.7519014146061376,1053,978,1205,false,false,false,0,false,false,3.6351968627942033,0.161773083092529,3.6351968627942033,0.161773083092529
Aztreonam,.K..S.T.K....,36.0,2.097439856483759,1.9775488052925263,2.869177735802194,206,68,414,false,false,false,0,false,false,2.31472213252616,0.48390001864236165,2.31472213252616,0.48390001864236165
Aztreonam,.K..S.T.K....,108.0,2.203095145984047,2.2248377451340584,2.1638211635366322,279,174,151,false,false,false,0,false,false,2.197251351551579,0.030925204243230912,2.197251351551579,0.030925204243230912
Aztreonam,.K..S.T.K....,324.0,1.929180531724665,2.472938411622882,2.257377660075986,286,274,212,false,false,false,0,false,false,2.2198322011411777,0.2738163693112959,2.2198322011411777,0.2738163693112959
Aztreonam,.K.KST..K.M..,0.0,2.9633740060708837,3.0996245125672295,3.1925727649038245,155,218,205,false,false,false,0,false,false,3.0851904278473126,0.11527911720652806,3.0851904278473126,0.11527911720652806
Aztreonam,.K.KST..K.M..,0.44,3.5439171727490084,3.5680274507648124,3.692328230833712,632,633,684,false,false,false,0,false,false,3.6014242847825115,0.07964277702503593,3.6014242847825115,0.07964277702503593
Aztreonam,.K.KST..K.M..,1.33,3.7954303351566545,3.7199787916751537,3.863192171309095,1089,1038,929,false,false,false,0,false,false,3.792867099380301,0.07164108918614889,3.792867099380301,0.07164108918614889
Aztreonam,.K.KST..K.M..,4.0,4.187111413444988,3.9810296233356044,4.096120510007653,2830,1689,1703,false,false,false,0,false,false,4.088087182262749,0.10327548992701427,4.088087182262749,0.10327548992701427
Aztreonam,.K.KST..K.M..,12.0,4.347281370194134,4.371546501723539,4.505121560920109,3963,4423,4513,false,false,false,0,false,false,4.40798314427926,0.08499472420481861,4.40798314427926,0.08499472420481861
Aztreonam,.K.KST..K.M..,36.0,4.818950027729328,4.7106121327440595,4.836166845980107,13322,9824,9837,false,false,false,0,false,false,4.788576335484499,0.06806553745754347,4.788576335484499,0.06806553745754347
Aztreonam,.K.KST..K.M..,108.0,5.210763667258736,5.073296576950285,5.293499749923823,43761,30438,37629,false,false,false,0,false,false,5.192519998044282,0.11122941583370985,5.192519998044282,0.11122941583370985
Aztreonam,.K.KST..K.M..,324.0,4.5365156248987,4.727723627964165,5.059776117837021,22419,33292,45408,false,false,false,0,false,false,4.774671790233295,0.26477062398017287,4.774671790233295,0.26477062398017287
Aztreonam,...KHT.S.....,0.0,3.33412192330928,3.1215436034423787,3.088954406543609,228,260,211,false,false,false,0,false,false,3.1815399777650892,0.13314072073623623,3.1815399777650892,0.13314072073623623
Aztreonam,...KHT.S.....,0.44,3.93560857283219,3.688130809690873,3.6354214499689097,931,912,838,false,false,false,0,false,false,3.753053610830657,0.16027883442335897,3.753053610830657,0.16027883442335897
Aztreonam,...KHT.S.....,1.33,4.1166471781160885,3.7964709183559173,3.8239183358706654,1448,1397,1189,false,false,false,0,false,false,3.9123454774475572,0.17746190817777735,3.9123454774475572,0.17746190817777735
Aztreonam,...KHT.S.....,4.0,4.330878962493904,4.053012185560681,4.060386329520663,2445,2272,2323,false,false,false,0,false,false,4.148092492525083,0.15834066029460916,4.148092492525083,0.15834066029460916
Aztreonam,...KHT.S.....,12.0,4.484934523891749,4.199350919276853,4.153637239645177,3537,3427,3041,false,false,false,0,false,false,4.2793075609379265,0.1795390515920599,4.2793075609379265,0.1795390515920599
Aztreonam,...KHT.S.....,36.0,3.0429228040439122,2.9877544623957575,2.6313091686451204,271,328,265,false,false,false,0,false,false,2.88732881169493,0.22342880230750428,2.88732881169493,0.22342880230750428
Aztreonam,...KHT.S.....,108.0,2.3290133349074695,1.95834132968733,2.046519537089239,119,107,140,false,false,false,0,false,false,2.111291400561346,0.193638786369665,2.111291400561346,0.193638786369665
Aztreonam,...KHT.S.....,324.0,2.2556125868085046,1.944694922422811,1.913315517481903,239,187,119,false,false,false,0,false,false,2.0378743422377394,0.18921845609025592,2.0378743422377394,0.18921845609025592
Aztreonam,....S........,0.0,3.2514400461542583,3.3679940356240587,3.381468852637985,196,259,241,false,false,false,0,false,false,3.333634311472101,0.07150045882191666,3.333634311472101,0.07150045882191666
Aztreonam,....S........,0.44,3.7265524406619,3.822435982274993,3.8019151692268123,695,762,667,false,false,false,0,false,false,3.783634530721235,0.05048811440523517,3.783634530721235,0.05048811440523517
Aztreonam,....S........,1.33,3.1656834310267374,3.0550331582577375,3.2394430230303355,216,190,223,false,false,false,0,false,false,3.1533865374382706,0.09281788486227499,3.1533865374382706,0.09281788486227499
Aztreonam,....S........,4.0,2.4467196807879494,2.304628832546819,2.753029568388941,63,71,72,false,false,false,0,false,false,2.50145936057457,0.22915743361997964,2.50145936057457,0.22915743361997964
Aztreonam,....S........,12.0,2.271174463926308,2.5651404675833342,2.805538301209985,78,88,120,false,false,false,0,false,false,2.5472844109065425,0.2676290468524813,2.5472844109065425,0.2676290468524813
Aztreonam,....S........,36.0,2.259717207120123,2.499761532129395,2.7625671748604415,100,96,152,false,false,false,0,false,false,2.507348638036653,0.25151082610127495,2.507348638036653,0.25151082610127495
Aztreonam,....S........,108.0,2.4932640141569977,2.0417991534788724,2.4774870013568613,159,91,121,false,false,false,0,false,false,2.3375167229975773,0.2562203918987741,2.3375167229975773,0.2562203918987741
Aztreonam,....S........,324.0,2.105998143460656,2.1721541145304157,2.326097679596477,200,151,195,false,false,false,0,false,false,2.201416645862516,0.1129299484493487,2.201416645862516,0.1129299484493487
Aztreonam,.K.KS..S.....,0.0,3.15325892848441,3.2120486437530595,3.203632160116658,170,199,168,false,false,false,0,false,false,3.189646577451376,0.03179237404170699,3.189646577451376,0.03179237404170699
Aztreonam,.K.KS..S.....,0.44,3.4684024454004176,3.6137332935643154,3.7476103558528346,409,518,592,false,false,false,0,false,false,3.609915364939189,0.13964310491048654,3.609915364939189,0.13964310491048654
Aztreonam,.K.KS..S.....,1.33,3.828681971838934,3.8106896971454116,3.9062081998339564,955,924,860,false,false,false,0,false,false,3.8485266229394344,0.050757302153885325,3.8485266229394344,0.050757302153885325
Aztreonam,.K.KS..S.....,4.0,4.043580153068506,3.959226882341207,3.944383147410518,1600,1266,983,false,false,false,0,false,false,3.982396727606744,0.053503670716123705,3.982396727606744,0.053503670716123705
Aztreonam,.K.KS..S.....,12.0,3.5543862408055937,3.4000570150660545,3.6531235649739258,579,408,590,false,false,false,0,false,false,3.535855606948525,0.1275468853556481,3.535855606948525,0.1275468853556481
Aztreonam,.K.KS..S.....,36.0,2.24604025757878,2.0392231715646716,2.0887452420906336,70,63,98,false,false,false,0,false,false,2.1246695570780285,0.1079872403218405,2.1246695570780285,0.1079872403218405
Aztreonam,.K.KS..S.....,108.0,2.6849301074781224,1.9000137262884125,3.0598542447102526,170,59,266,false,false,false,0,false,false,2.548266026158929,0.5918744042323295,2.548266026158929,0.5918744042323295
Aztreonam,.K.KS..S.....,324.0,2.019062149377871,1.9850496748861735,2.160922624102707,158,118,117,false,false,false,0,false,false,2.055011482788917,0.09328499073299133,2.055011482788917,0.09328499073299133
Aztreonam,...........Q.,0.0,3.3218014725557072,2.998527648046711,3.1701356425232006,359,315,330,false,false,false,0,false,false,3.1634882543752063,0.16173939603590978,3.1634882543752063,0.16173939603590978
Aztreonam,...........Q.,0.44,2.7921290918894606,2.7549329613785964,2.523891551866719,147,184,100,false,false,false,0,false,false,2.6903178683782585,0.14532438595068867,2.6903178683782585,0.14532438595068867
Aztreonam,...........Q.,1.33,2.9027888365179577,2.682423127175523,2.8215093130925495,186,195,168,false,false,false,0,false,false,2.8022404255953433,0.11143935114013179,2.8022404255953433,0.11143935114013179
Aztreonam,...........Q.,4.0,3.211166322843461,3.002768662569029,3.025448999018036,349,361,300,false,false,false,0,false,false,3.0797946614768414,0.11433496609974225,3.0797946614768414,0.11433496609974225
Aztreonam,...........Q.,12.0,3.4339119201907105,3.225370792469991,2.96047576082054,597,633,264,false,false,false,0,false,false,3.2065861578270805,0.2372764129107549,3.2065861578270805,0.2372764129107549
Aztreonam,...........Q.,36.0,2.6135876741019777,2.1346698079526925,2.6069543481389195,191,123,183,false,false,false,0,false,false,2.4517372767311967,0.2746085123799676,2.4517372767311967,0.2746085123799676
Aztreonam,...........Q.,108.0,2.079353913431339,1.8364210794890028,2.2646341313013694,151,121,156,false,false,false,0,false,false,2.0601363747405705,0.21475239179253283,2.0601363747405705,0.21475239179253283
Aztreonam,...........Q.,324.0,1.999096919143071,1.9119719120297463,1.9757013137207848,175,215,171,false,false,false,0,false,false,1.9622567149645338,0.04509168041791807,1.9622567149645338,0.04509168041791807
Aztreonam,.K.......C...,0.0,3.200848819017759,3.12871213586926,3.3254022934093825,230,271,252,false,false,false,0,false,false,3.218321082765467,0.09950233423715076,3.218321082765467,0.09950233423715076
Aztreonam,.K.......C...,0.44,2.703600288414354,2.801725276649178,2.712261489746877,88,140,92,false,false,false,0,false,false,2.739195684936803,0.054325099925521196,2.739195684936803,0.054325099925521196
Aztreonam,.K.......C...,1.33,2.846720507034273,2.7154457887736703,2.688264093043243,160,146,75,false,false,false,0,false,false,2.7501434629503954,0.08473520654769076,2.7501434629503954,0.08473520654769076
Aztreonam,.K.......C...,4.0,2.3309927599869327,2.362572320104941,2.7449843222536496,62,81,112,false,false,false,0,false,false,2.479516467448508,0.23044349330246808,2.479516467448508,0.23044349330246808
Aztreonam,.K.......C...,12.0,2.3329740767251725,2.405708995508446,2.6688077266945736,92,83,105,false,false,false,0,false,false,2.4691635996427306,0.1766802909277705,2.4691635996427306,0.1766802909277705
Aztreonam,.K.......C...,36.0,2.267928627008322,2.255056775801051,2.3922391038683646,136,82,104,false,false,false,0,false,false,2.305074835559246,0.07576033520763717,2.305074835559246,0.07576033520763717
Aztreonam,.K.......C...,108.0,2.0306800187385834,2.0079362196803667,2.1690369994506864,107,135,126,false,false,false,0,false,false,2.069217745956545,0.08719078291307977,2.069217745956545,0.08719078291307977
Aztreonam,.K.......C...,324.0,1.8804325474484005,1.7992144111304524,2.0162637824768597,139,116,114,false,false,false,0,false,false,1.8986369136852375,0.10966383457198328,1.8986369136852375,0.10966383457198328
Aztreonam,....H...K.M.D,0.0,3.1925209203609506,3.0437685998711905,3.2005836901855442,231,197,201,false,false,false,0,false,false,3.145624403472562,0.08830178712671635,3.145624403472562,0.08830178712671635
Aztreonam,....H...K.M.D,0.44,3.846730271097856,3.688201235074239,3.861991207052213,1133,870,1014,false,false,false,0,false,false,3.798974237741436,0.09623522032749168,3.798974237741436,0.09623522032749168
Aztreonam,....H...K.M.D,1.33,4.052098713971674,3.9397246697190615,4.12303644424105,1848,1749,1688,false,false,false,0,false,false,4.038286609310595,0.09243312364069785,4.038286609310595,0.09243312364069785
Aztreonam,....H...K.M.D,4.0,4.241205569728291,4.140408369381152,4.261251145448018,3034,2645,2595,false,false,false,0,false,false,4.214288361519153,0.06476222822924792,4.214288361519153,0.06476222822924792
Aztreonam,....H...K.M.D,12.0,4.250685581136404,4.232259961497551,4.354167579363955,3098,3450,3304,false,false,false,0,false,false,4.279037707332637,0.06571338614278421,4.279037707332637,0.06571338614278421
Aztreonam,....H...K.M.D,36.0,2.380265449926737,2.4193202197628514,2.8624352083704783,144,111,312,false,false,false,0,false,false,2.554006959353355,0.26781954251989193,2.554006959353355,0.26781954251989193
Aztreonam,....H...K.M.D,108.0,2.7294086855066615,1.8166844485456999,2.1660289780707385,269,82,125,false,false,false,0,false,false,2.2373740373743662,0.46052575530503287,2.2373740373743662,0.46052575530503287
Aztreonam,....H...K.M.D,324.0,1.997676520890975,2.0083546445393106,2.1137055295427762,165,136,162,false,false,false,0,false,false,2.0399122316576874,0.064129507176731,2.0399122316576874,0.064129507176731
Aztreonam,..VK.T..K...D,0.0,3.1454340901704056,3.199732080029114,3.2577153671884176,214,253,213,false,false,false,0,false,false,3.2009605124626455,0.056150717509945484,3.2009605124626455,0.056150717509945484
Aztreonam,..VK.T..K...D,0.44,2.530375838952592,2.142465508211325,2.834521384922678,68,28,89,false,false,false,0,false,false,2.502454244028865,0.346871800122168,2.502454244028865,0.346871800122168
Aztreonam,..VK.T..K...D,1.33,2.7370393115996543,2.7348311456433176,2.7601230622226134,120,135,78,false,false,false,0,false,false,2.7439978398218616,0.014008429509690128,2.7439978398218616,0.014008429509690128
Aztreonam,..VK.T..K...D,4.0,2.9594171180372273,2.2428456041088873,2.8375389300923755,191,80,100,false,false,false,0,false,false,2.6799338840794964,0.38340343835173085,2.6799338840794964,0.38340343835173085
Aztreonam,..VK.T..K...D,12.0,2.54314033834562,2.2700820831647035,3.034637738724367,124,60,192,false,false,false,0,false,false,2.6159533867448967,0.3874437283335004,2.6159533867448967,0.3874437283335004
Aztreonam,..VK.T..K...D,36.0,2.8927905679707324,2.9920812664098277,3.325562311120201,213,257,304,false,false,false,0,false,false,3.0701447151669203,0.22670084239156632,3.0701447151669203,0.22670084239156632
Aztreonam,..VK.T..K...D,108.0,2.1553688758573046,2.018162013541219,2.4751060074665743,115,94,170,false,false,false,0,false,false,2.216212298955033,0.23446939031950553,2.216212298955033,0.23446939031950553
Aztreonam,..VK.T..K...D,324.0,1.9461856826158594,1.9841898863826428,2.0536275152015957,135,124,125,false,false,false,0,false,false,1.994667694733366,0.05448187954009302,1.994667694733366,0.05448187954009302
Aztreonam,.K.KNT....M.D,0.0,3.263750285843145,3.2257097383653517,3.247010852679113,250,266,236,false,false,false,0,false,false,3.24549029229587,0.019065804231971954,3.24549029229587,0.019065804231971954
Aztreonam,.K.KNT....M.D,0.44,3.8868090511997018,3.697500959078493,3.860397389549887,1043,802,1026,false,false,false,0,false,false,3.8149024666093605,0.10252672551908773,3.8149024666093605,0.10252672551908773
Aztreonam,.K.KNT....M.D,1.33,4.056940955397797,4.009565977843314,4.045500719820243,1622,1850,1503,false,false,false,0,false,false,4.0373358843537845,0.02472034644210506,4.0373358843537845,0.02472034644210506
Aztreonam,.K.KNT....M.D,4.0,4.383561099815677,4.12774156987008,4.204690404590552,3545,2379,2321,false,false,false,0,false,false,4.2386643580921035,0.13125006709632817,4.2386643580921035,0.13125006709632817
Aztreonam,.K.KNT....M.D,12.0,4.7099926906436345,4.444771817238751,4.536912592882003,7645,5042,5285,false,false,false,0,false,false,4.563892366921462,0.13465310645442818,4.563892366921462,0.13465310645442818
Aztreonam,.K.KNT....M.D,36.0,4.581745072107584,4.517105820918644,4.694211759650982,6514,6295,8287,false,false,false,0,false,false,4.597687550892403,0.0896228227401871,4.597687550892403,0.0896228227401871
Aztreonam,.K.KNT....M.D,108.0,2.3984178525002866,2.0304085393197693,2.6935274825763296,190,134,218,false,false,false,0,false,false,2.374117958132129,0.33222664985842426,2.374117958132129,0.33222664985842426
Aztreonam,.K.KNT....M.D,324.0,2.116122966033039,2.0046944033368854,2.2497711883807745,211,147,197,false,false,false,0,false,false,2.123529519250233,0.1227061547550957,2.123529519250233,0.1227061547550957
Aztreonam,.K..S........,0.0,3.199356909167899,3.3440397581644796,3.366075306753013,262,280,256,false,false,false,0,false,false,3.3031573246951305,0.09056647309086766,3.3031573246951305,0.09056647309086766
Aztreonam,.K..S........,0.44,3.621863742401837,3.8050617617492946,3.7907709172824626,776,826,749,false,false,false,0,false,false,3.739232140477865,0.10189486105340866,3.739232140477865,0.10189486105340866
Aztreonam,.K..S........,1.33,3.1252780719498365,3.465487405724413,3.506499217594755,323,488,445,false,false,false,0,false,false,3.3657548984230012,0.20926614688280473,3.3657548984230012,0.20926614688280473
Aztreonam,.K..S........,4.0,2.759714221031498,2.6105099833542185,2.9749956570419607,137,100,153,false,false,false,0,false,false,2.781739953809226,0.1832383727803724,2.781739953809226,0.1832383727803724
Aztreonam,.K..S........,12.0,2.5427905002439153,2.7142276433654358,2.388906251589264,130,124,101,false,false,false,0,false,false,2.5486414650662046,0.16273959975620594,2.5486414650662046,0.16273959975620594
Aztreonam,.K..S........,36.0,2.127446422380237,2.1392480175446513,2.927920554502391,114,51,234,false,false,false,0,false,false,2.3982049981424267,0.4587850775683711,2.3982049981424267,0.4587850775683711
Aztreonam,.K..S........,108.0,2.225667319805811,2.1511271769791596,2.36139356187224,149,133,177,false,false,false,0,false,false,2.2460626862190702,0.10660659633601283,2.2460626862190702,0.10660659633601283
Aztreonam,.K..S........,324.0,1.9444562052976078,2.251877794177817,2.2542174082365842,153,188,151,false,false,false,0,false,false,2.1501838025706697,0.17816916584610362,2.1501838025706697,0.17816916584610362
Aztreonam,...K.T.......,0.0,3.002769690562356,3.515391309020268,3.1002946140463243,177,236,167,false,false,false,0,false,false,3.20615187120965,0.27221232539730655,3.20615187120965,0.27221232539730655
Aztreonam,...K.T.......,0.44,3.1370427679875728,3.520428485479361,3.2627166272390298,288,255,278,false,false,false,0,false,false,3.3067292935686545,0.19544561441039163,3.3067292935686545,0.19544561441039163
Aztreonam,...K.T.......,1.33,2.2071159066128527,2.6891762140400246,2.51767722646071,60,59,65,false,false,false,0,false,false,2.471323115704529,0.24435028685719215,2.471323115704529,0.24435028685719215
Aztreonam,...K.T.......,4.0,2.608680871098179,2.904503929225877,2.395280195477707,98,88,56,false,false,false,0,false,false,2.636154998600588,0.25572118315583636,2.636154998600588,0.25572118315583636
Aztreonam,...K.T.......,12.0,2.400323478714601,2.8009722943210202,2.41810006968123,109,77,71,false,false,false,0,false,false,2.5397986142389506,0.22635761567110396,2.5397986142389506,0.22635761567110396
Aztreonam,...K.T.......,36.0,2.069226048179084,2.8192634420944187,2.250051974341743,120,72,88,false,false,false,0,false,false,2.3795138215384153,0.3914195964403261,2.3795138215384153,0.3914195964403261
Aztreonam,...K.T.......,108.0,2.095420131406296,2.380946584497543,1.9752291180170403,113,140,83,false,false,false,0,false,false,2.150531944640293,0.20839781577620653,2.150531944640293,0.20839781577620653
Aztreonam,...K.T.......,324.0,1.980390931791899,2.4337545445238353,2.109399333207711,206,179,150,false,false,false,0,false,false,2.174514936507815,0.23359082319772467,2.174514936507815,0.23359082319772467
Aztreonam,..L..........,0.0,3.0224982850582798,3.1818219056646653,3.1763430995315187,348,400,360,false,false,false,0,false,false,3.126887763418155,0.09044543506084887,3.126887763418155,0.09044543506084887
Aztreonam,..L..........,0.44,2.7760299707639016,2.820399914673994,2.92889935544944,244,219,245,false,false,false,0,false,false,2.841776413629112,0.0786446325200735,2.841776413629112,0.0786446325200735
Aztreonam,..L..........,1.33,2.7844670883225153,2.814277230957691,2.8125398652112588,258,198,189,false,false,false,0,false,false,2.803761394830488,0.01673192480415585,2.803761394830488,0.01673192480415585
Aztreonam,..L..........,4.0,2.50948040007166,2.739090235822336,2.842023891573468,183,218,213,false,false,false,0,false,false,2.696864842489155,0.1702455030732373,2.696864842489155,0.1702455030732373
Aztreonam,..L..........,12.0,2.6270864473491176,2.768067232233458,2.2224703362930622,283,265,130,false,false,false,0,false,false,2.5392080052918793,0.2832153926762356,2.5392080052918793,0.2832153926762356
Aztreonam,..L..........,36.0,2.2943558895076794,2.63214500763884,2.2237855228482672,259,240,135,false,false,false,0,false,false,2.383428806664929,0.2182655621777797,2.383428806664929,0.2182655621777797
Aztreonam,..L..........,108.0,2.0169665092796736,1.8362133741331919,2.0821704695523224,224,127,155,false,false,false,0,false,false,1.9784501176550624,0.12742196637389147,1.9784501176550624,0.12742196637389147
Aztreonam,..L..........,324.0,2.0215273708105204,2.44364924452984,2.210066690864554,317,410,258,false,false,false,0,false,false,2.225081102068305,0.2114610921089831,2.225081102068305,0.2114610921089831
Aztreonam,.K.KNT..K....,0.0,3.185615318352249,3.2830111408449736,3.0245937917470207,277,284,255,false,false,false,0,false,false,3.164406750314748,0.13050760168417125,3.164406750314748,0.13050760168417125
Aztreonam,.K.KNT..K....,0.44,3.6004292875022266,3.735609079483118,3.4990862695150287,852,829,777,false,false,false,0,false,false,3.611708212166791,0.11866410794756736,3.611708212166791,0.11866410794756736
Aztreonam,.K.KNT..K....,1.33,3.8128462510040415,3.9554718793417862,3.7818865831045896,1394,1581,1425,false,false,false,0,false,false,3.850068237816805,0.09258547939151164,3.850068237816805,0.09258547939151164
Aztreonam,.K.KNT..K....,4.0,4.169027632175559,4.142998493978179,4.017477497042642,3358,2305,2648,false,false,false,0,false,false,4.10983454106546,0.08103546565732256,4.10983454106546,0.08103546565732256
Aztreonam,.K.KNT..K....,12.0,4.36515515069434,4.525907621359884,4.238280613860005,5082,5731,4492,false,false,false,0,false,false,4.376447795304743,0.14414564415047876,4.376447795304743,0.14414564415047876
Aztreonam,.K.KNT..K....,36.0,4.818146103474069,4.8661134123737675,4.6916083219473395,16188,12718,13238,false,false,false,0,false,false,4.791955945931726,0.09015237051932434,4.791955945931726,0.09015237051932434
Aztreonam,.K.KNT..K....,108.0,5.141867075797291,5.358728616817922,5.172282172881893,45000,52831,52457,false,false,false,0,false,false,5.224292621832369,0.11741399871175201,5.224292621832369,0.11741399871175201
Aztreonam,.K.KNT..K....,324.0,5.52434843289079,5.776061781769259,5.493524806793094,247010,314476,207862,false,false,false,0,false,false,5.5979783404843815,0.1549929289559725,5.5979783404843815,0.1549929289559725
Aztreonam,.......SK.M..,0.0,3.3803417738665904,3.417333968467813,3.1597972992838135,177,128,163,false,false,false,0,false,false,3.3191576805394054,0.13924404457929043,3.3191576805394054,0.13924404457929043
Aztreonam,.......SK.M..,0.44,3.953622797533585,3.9790910729122855,3.7276397693061574,619,465,617,false,false,false,0,false,false,3.886784546584009,0.13841045250920958,3.886784546584009,0.13841045250920958
Aztreonam,.......SK.M..,1.33,4.252286197425546,4.306598311463206,3.9369782487667613,1306,1095,938,false,false,false,0,false,false,4.165287585885172,0.19957784570035736,4.165287585885172,0.19957784570035736
Aztreonam,.......SK.M..,4.0,4.450715274421949,4.570315030881635,4.168248500090762,2076,1876,1762,false,false,false,0,false,false,4.396426268464782,0.20645785507317227,4.396426268464782,0.20645785507317227
Aztreonam,.......SK.M..,12.0,4.734642663943083,4.857525284778412,4.4994065597788095,3889,3844,3858,false,false,false,0,false,false,4.697191502833435,0.18197306778801328,4.697191502833435,0.18197306778801328
Aztreonam,.......SK.M..,36.0,4.89297787002339,4.966964221093256,4.7084047602884285,6427,5155,6434,false,false,false,0,false,false,4.856115617135025,0.1331629376325301,4.856115617135025,0.1331629376325301
Aztreonam,.......SK.M..,108.0,3.7184285444440315,4.028414490663825,3.344549059045035,728,937,488,false,false,false,0,false,false,3.6971306980509637,0.3424298188483671,3.6971306980509637,0.3424298188483671
Aztreonam,.......SK.M..,324.0,2.301443190720534,2.333210185093024,2.1803262847110685,154,97,107,false,false,false,0,false,false,2.271659886841542,0.08067623963386734,2.271659886841542,0.08067623963386734
Aztreonam,..L........Q.,0.0,3.360925486749376,3.153673605313472,3.303210767091126,286,243,250,false,false,false,0,false,false,3.2726032863846584,0.10696237187010244,3.2726032863846584,0.10696237187010244
Aztreonam,..L........Q.,0.44,2.906118138217713,2.817369121882261,2.7607910197316454,123,134,91,false,false,false,0,false,false,2.828092759943873,0.07325462546367449,2.828092759943873,0.07325462546367449
Aztreonam,..L........Q.,1.33,2.5857729902557223,2.6998210662327127,2.7615093636237504,64,116,100,false,false,false,0,false,false,2.6823678067040615,0.08915873727385097,2.6823678067040615,0.08915873727385097
Aztreonam,..L........Q.,4.0,2.557279422157584,2.5386083610888455,2.909530366834969,87,118,150,false,false,false,0,false,false,2.668472716693799,0.2089706801181567,2.668472716693799,0.2089706801181567
Aztreonam,..L........Q.,12.0,2.6609718905086535,2.4864409011639337,2.764828570646345,123,104,139,false,false,false,0,false,false,2.637413787439644,0.14068106409577522,2.637413787439644,0.14068106409577522
Aztreonam,..L........Q.,36.0,2.195454470892771,1.9226463130053437,2.3692788818279373,129,61,100,false,false,false,0,false,false,2.1624598885753508,0.2251369466124851,2.1624598885753508,0.2251369466124851
Aztreonam,..L........Q.,108.0,2.4207790554296476,2.866403120098264,2.2366031888027864,188,258,134,false,false,false,0,false,false,2.5079284547768994,0.3238182387079009,2.5079284547768994,0.3238182387079009
Aztreonam,..L........Q.,324.0,1.9773017145863514,1.8628782915552422,1.8494160634030816,166,125,76,false,false,false,0,false,false,1.8965320231815586,0.07027172392879176,1.8965320231815586,0.07027172392879176
Aztreonam,......T......,0.0,3.1983218348266957,3.315671882827395,3.094791066072865,217,243,214,false,false,false,0,false,false,3.2029282612423184,0.11051243448489845,3.2029282612423184,0.11051243448489845
Aztreonam,......T......,0.44,2.838418062762312,2.847938401787,2.4428216339802633,112,127,69,false,false,false,0,false,false,2.7097260328431916,0.23119499954166872,2.7097260328431916,0.23119499954166872
Aztreonam,......T......,1.33,2.8473378584713296,2.6527196013137844,2.4334441731285126,144,73,62,false,false,false,0,false,false,2.644500544304542,0.20706921636316583,2.644500544304542,0.20706921636316583
Aztreonam,......T......,4.0,2.9287500260897392,2.348060720220904,2.3351463749604746,156,66,83,false,false,false,0,false,false,2.537319040423706,0.3390506709667276,2.537319040423706,0.3390506709667276
Aztreonam,......T......,12.0,2.241880388491943,2.4910996677070916,2.622159099061071,83,86,123,false,false,false,0,false,false,2.451713051753368,0.19317467112756823,2.451713051753368,0.19317467112756823
Aztreonam,......T......,36.0,2.1509117103971476,2.2187090616061638,2.344694242676179,106,67,127,false,false,false,0,false,false,2.2381050048931637,0.09833651110402925,2.2381050048931637,0.09833651110402925
Aztreonam,......T......,108.0,1.9252527505058281,2.165042390881285,2.176837874468878,98,151,136,false,false,false,0,false,false,2.0890443386186637,0.14197023142426682,2.0890443386186637,0.14197023142426682
Aztreonam,......T......,324.0,2.0640440916681206,2.1610407786805417,2.087785243634906,193,185,146,false,false,false,0,false,false,2.1042900379945224,0.05056080992711967,2.1042900379945224,0.05056080992711967
Aztreonam,....ST.......,0.0,3.2029359947319027,3.246458960419236,3.128028969859702,298,390,404,false,false,false,0,false,false,3.1924746416702803,0.05990405325929776,3.1924746416702803,0.05990405325929776
Aztreonam,....ST.......,0.44,3.838147618409687,3.709169570236754,3.6372821552236623,1479,1166,1365,false,false,false,0,false,false,3.728199781290035,0.10177595627054253,3.728199781290035,0.10177595627054253
Aztreonam,....ST.......,1.33,3.466651847265947,3.3093302321019573,3.268192490782181,747,659,557,false,false,false,0,false,false,3.3480581900500286,0.10474454682277393,3.3480581900500286,0.10474454682277393
Aztreonam,....ST.......,4.0,2.713303155285419,2.7414974268443384,2.6468511800280297,162,202,203,false,false,false,0,false,false,2.7005505873859286,0.04859474251528383,2.7005505873859286,0.04859474251528383
Aztreonam,....ST.......,12.0,2.324561132149084,2.2471916200205646,2.2651130204095655,134,102,132,false,false,false,0,false,false,2.278955257526405,0.0404995802206688,2.278955257526405,0.0404995802206688
Aztreonam,....ST.......,36.0,2.448527498295042,2.2152251474390052,2.010391982139357,209,119,156,false,false,false,0,false,false,2.2247148759578015,0.2192218598583919,2.2247148759578015,0.2192218598583919
Aztreonam,....ST.......,108.0,2.0904028786301523,2.044721373574023,2.558444091940608,186,147,299,false,false,false,0,false,false,2.231189448048261,0.28432974068478745,2.231189448048261,0.28432974068478745
Aztreonam,....ST.......,324.0,2.071218524222515,1.9855223283978314,1.9438695813812608,253,218,228,false,false,false,0,false,false,2.0002034780005356,0.06493142864544882,2.0002034780005356,0.06493142864544882
Aztreonam,.K.KST..K....,0.0,3.2144593330485516,3.217622429152007,3.299368586170246,287,344,322,false,false,false,0,false,false,3.2438167827902684,0.048135261901393174,3.2438167827902684,0.048135261901393174
Aztreonam,.K.KST..K....,0.44,3.8607763111460423,3.8363930816121403,3.8408905417949932,1447,1404,1183,false,false,false,0,false,false,3.846019978184392,0.01297570070864778,3.846019978184392,0.01297570070864778
Aztreonam,.K.KST..K....,1.33,3.9983657106200323,3.960918384767615,4.067822205745031,2056,2220,1871,false,false,false,0,false,false,4.009035433710893,0.054244713825584864,4.009035433710893,0.054244713825584864
Aztreonam,.K.KST..K....,4.0,4.279207586303053,4.221452436014917,4.279029313102893,4029,3702,3379,false,false,false,0,false,false,4.259896445140288,0.03329360784831182,4.259896445140288,0.03329360784831182
Aztreonam,.K.KST..K....,12.0,4.570698848604435,4.535628057358309,4.639588266178081,7817,8002,7951,false,false,false,0,false,false,4.581971724046942,0.052888935941455224,4.581971724046942,0.052888935941455224
Aztreonam,.K.KST..K....,36.0,4.970265688853129,4.935031026876914,4.970244125677813,21695,20608,17623,false,false,false,0,false,false,4.9585136138026185,0.020336519682214005,4.9585136138026185,0.020336519682214005
Aztreonam,.K.KST..K....,108.0,5.4371335655422675,5.3630132504236485,5.449862331517672,84485,73507,69917,false,false,false,0,false,false,5.4166697158278625,0.046901679933339165,5.4166697158278625,0.046901679933339165
Aztreonam,.K.KST..K....,324.0,5.0210236368314725,5.215861692996519,5.272725973586593,78080,125846,93760,false,false,false,0,false,false,5.169870434471528,0.13200346009681505,5.169870434471528,0.13200346009681505
Aztreonam,..V........L.,0.0,3.2898128353860536,3.245692172779398,3.1732061585493776,279,374,244,false,false,false,0,false,false,3.236237055571609,0.05887553568149515,3.236237055571609,0.05887553568149515
Aztreonam,..V........L.,0.44,2.8712165447595264,2.62584054421885,2.646410056616434,125,98,109,false,false,false,0,false,false,2.7144890485316036,0.1361190922151399,2.7144890485316036,0.1361190922151399
Aztreonam,..V........L.,1.33,2.8482198066482427,2.468412253373601,2.606257347452541,151,91,95,false,false,false,0,false,false,2.6409631358247947,0.1922675562621583,2.6409631358247947,0.1922675562621583
Aztreonam,..V........L.,4.0,3.01654170264288,2.0886034013123207,2.2233342132662357,231,64,90,false,false,false,0,false,false,2.442826439073812,0.5013980461285565,2.442826439073812,0.5013980461285565
Aztreonam,..V........L.,12.0,2.395427901784271,2.302210969164591,2.4052845817194406,95,90,130,false,false,false,0,false,false,2.367641150889434,0.056878115697037684,2.367641150889434,0.056878115697037684
Aztreonam,..V........L.,36.0,2.426355342582836,2.071222135297554,2.091969090093527,213,68,117,false,false,false,0,false,false,2.1965155226579722,0.1993172500077372,2.1965155226579722,0.1993172500077372
Aztreonam,..V........L.,108.0,2.158074807922086,2.0159037364330032,2.3704788321530175,114,131,178,false,false,false,0,false,false,2.1814857921693687,0.17844307289380612,2.1814857921693687,0.17844307289380612
Aztreonam,..V........L.,324.0,2.049266721332864,1.8677260873706962,2.0061818281095403,168,152,147,false,false,false,0,false,false,1.9743915456043668,0.09485366092653194,1.9743915456043668,0.09485366092653194
